/*
Navicat MySQL Data Transfer

Source Server         : test01
Source Server Version : 50722
Source Host           : localhost:3306
Source Database       : forum

Target Server Type    : MYSQL
Target Server Version : 50722
File Encoding         : 65001

Date: 2019-10-17 18:35:15
*/

SET FOREIGN_KEY_CHECKS=0;

-- ----------------------------
-- Table structure for `login_log`
-- ----------------------------
DROP TABLE IF EXISTS `login_log`;
CREATE TABLE `login_log` (
  `id` bigint(20) NOT NULL AUTO_INCREMENT COMMENT '日志id',
  `user_id` int(11) NOT NULL COMMENT '用户id',
  `login_time` timestamp NOT NULL DEFAULT CURRENT_TIMESTAMP ON UPDATE CURRENT_TIMESTAMP COMMENT '登陆时间',
  `ip` varchar(30) NOT NULL COMMENT '登陆IP',
  `device` varchar(200) DEFAULT NULL COMMENT '设备',
  PRIMARY KEY (`id`)
) ENGINE=MyISAM AUTO_INCREMENT=170 DEFAULT CHARSET=utf8mb4;

-- ----------------------------
-- Records of login_log
-- ----------------------------
INSERT INTO `login_log` VALUES ('1', '4', '2018-01-19 17:50:44', '0:0:0:0:0:0:0:1', 'WOW64) AppleWebKit/537.36 (KHTML, like Gecko) Chrome/63.0.3239.132 Safari/537.36');
INSERT INTO `login_log` VALUES ('2', '4', '2018-01-19 17:51:37', '0:0:0:0:0:0:0:1', 'WOW64) AppleWebKit/537.36 (KHTML, like Gecko) Chrome/63.0.3239.132 Safari/537.36');
INSERT INTO `login_log` VALUES ('3', '4', '2018-01-19 17:54:59', '0:0:0:0:0:0:0:1', 'WOW64) AppleWebKit/537.36 (KHTML, like Gecko) Chrome/63.0.3239.132 Safari/537.36');
INSERT INTO `login_log` VALUES ('4', '4', '2018-01-19 18:01:51', '0:0:0:0:0:0:0:1', 'Win64');
INSERT INTO `login_log` VALUES ('5', '4', '2018-01-19 18:07:26', '0:0:0:0:0:0:0:1', 'WOW64) AppleWebKit/537.36 (KHTML, like Gecko) Chrome/63.0.3239.132 Safari/537.36');
INSERT INTO `login_log` VALUES ('6', '4', '2018-01-19 18:24:16', '0:0:0:0:0:0:0:1', 'WOW64) AppleWebKit/537.36 (KHTML, like Gecko) Chrome/63.0.3239.132 Safari/537.36');
INSERT INTO `login_log` VALUES ('7', '4', '2018-01-19 18:32:37', '0:0:0:0:0:0:0:1', 'WOW64) AppleWebKit/537.36 (KHTML, like Gecko) Chrome/63.0.3239.132 Safari/537.36');
INSERT INTO `login_log` VALUES ('8', '4', '2018-01-19 18:32:58', '0:0:0:0:0:0:0:1', 'WOW64) AppleWebKit/537.36 (KHTML, like Gecko) Chrome/63.0.3239.132 Safari/537.36');
INSERT INTO `login_log` VALUES ('9', '4', '2018-01-19 20:07:36', '0:0:0:0:0:0:0:1', 'WOW64) AppleWebKit/537.36 (KHTML, like Gecko) Chrome/63.0.3239.132 Safari/537.36');
INSERT INTO `login_log` VALUES ('10', '4', '2018-01-19 20:53:28', '0:0:0:0:0:0:0:1', 'WOW64) AppleWebKit/537.36 (KHTML, like Gecko) Chrome/63.0.3239.132 Safari/537.36');
INSERT INTO `login_log` VALUES ('11', '4', '2018-01-20 10:49:24', '0:0:0:0:0:0:0:1', 'WOW64) AppleWebKit/537.36 (KHTML, like Gecko) Chrome/63.0.3239.132 Safari/537.36');
INSERT INTO `login_log` VALUES ('12', '4', '2018-01-20 11:13:57', '0:0:0:0:0:0:0:1', 'WOW64) AppleWebKit/537.36 (KHTML, like Gecko) Chrome/63.0.3239.132 Safari/537.36');
INSERT INTO `login_log` VALUES ('13', '4', '2018-01-20 11:50:44', '0:0:0:0:0:0:0:1', 'WOW64) AppleWebKit/537.36 (KHTML, like Gecko) Chrome/63.0.3239.132 Safari/537.36');
INSERT INTO `login_log` VALUES ('14', '4', '2018-01-20 11:54:05', '0:0:0:0:0:0:0:1', 'WOW64) AppleWebKit/537.36 (KHTML, like Gecko) Chrome/63.0.3239.132 Safari/537.36');
INSERT INTO `login_log` VALUES ('15', '4', '2018-01-20 14:00:54', '0:0:0:0:0:0:0:1', 'WOW64) AppleWebKit/537.36 (KHTML, like Gecko) Chrome/63.0.3239.132 Safari/537.36');
INSERT INTO `login_log` VALUES ('16', '4', '2018-01-20 14:03:04', '0:0:0:0:0:0:0:1', 'WOW64) AppleWebKit/537.36 (KHTML, like Gecko) Chrome/63.0.3239.132 Safari/537.36');
INSERT INTO `login_log` VALUES ('17', '3', '2018-01-20 14:21:55', '0:0:0:0:0:0:0:1', 'WOW64) AppleWebKit/537.36 (KHTML, like Gecko) Chrome/63.0.3239.132 Safari/537.36');
INSERT INTO `login_log` VALUES ('18', '4', '2018-01-20 15:04:02', '0:0:0:0:0:0:0:1', 'WOW64) AppleWebKit/537.36 (KHTML, like Gecko) Chrome/63.0.3239.132 Safari/537.36');
INSERT INTO `login_log` VALUES ('19', '3', '2018-01-20 16:09:58', '0:0:0:0:0:0:0:1', 'WOW64) AppleWebKit/537.36 (KHTML, like Gecko) Chrome/63.0.3239.132 Safari/537.36');
INSERT INTO `login_log` VALUES ('20', '4', '2018-01-20 18:30:48', '0:0:0:0:0:0:0:1', 'WOW64) AppleWebKit/537.36 (KHTML, like Gecko) Chrome/63.0.3239.132 Safari/537.36');
INSERT INTO `login_log` VALUES ('21', '3', '2018-01-20 19:06:34', '0:0:0:0:0:0:0:1', 'WOW64) AppleWebKit/537.36 (KHTML, like Gecko) Chrome/63.0.3239.132 Safari/537.36');
INSERT INTO `login_log` VALUES ('22', '4', '2018-01-20 20:13:21', '0:0:0:0:0:0:0:1', 'WOW64) AppleWebKit/537.36 (KHTML, like Gecko) Chrome/63.0.3239.132 Safari/537.36');
INSERT INTO `login_log` VALUES ('23', '4', '2018-01-20 20:16:14', '0:0:0:0:0:0:0:1', 'Win64');
INSERT INTO `login_log` VALUES ('24', '4', '2018-01-21 10:07:31', '0:0:0:0:0:0:0:1', 'WOW64) AppleWebKit/537.36 (KHTML, like Gecko) Chrome/63.0.3239.132 Safari/537.36');
INSERT INTO `login_log` VALUES ('25', '4', '2018-01-21 13:25:29', '0:0:0:0:0:0:0:1', 'WOW64) AppleWebKit/537.36 (KHTML, like Gecko) Chrome/63.0.3239.132 Safari/537.36');
INSERT INTO `login_log` VALUES ('26', '4', '2018-01-24 10:12:07', '0:0:0:0:0:0:0:1', 'WOW64) AppleWebKit/537.36 (KHTML, like Gecko) Chrome/63.0.3239.132 Safari/537.36');
INSERT INTO `login_log` VALUES ('27', '4', '2018-01-24 13:49:59', '0:0:0:0:0:0:0:1', 'WOW64) AppleWebKit/537.36 (KHTML, like Gecko) Chrome/63.0.3239.132 Safari/537.36');
INSERT INTO `login_log` VALUES ('28', '4', '2018-01-24 13:56:08', '0:0:0:0:0:0:0:1', 'WOW64) AppleWebKit/537.36 (KHTML, like Gecko) Chrome/63.0.3239.132 Safari/537.36');
INSERT INTO `login_log` VALUES ('29', '4', '2018-01-24 14:00:49', '0:0:0:0:0:0:0:1', 'WOW64) AppleWebKit/537.36 (KHTML, like Gecko) Chrome/63.0.3239.132 Safari/537.36');
INSERT INTO `login_log` VALUES ('30', '4', '2018-01-24 14:01:06', '0:0:0:0:0:0:0:1', 'WOW64) AppleWebKit/537.36 (KHTML, like Gecko) Chrome/63.0.3239.132 Safari/537.36');
INSERT INTO `login_log` VALUES ('31', '4', '2018-01-24 14:07:04', '0:0:0:0:0:0:0:1', 'WOW64) AppleWebKit/537.36 (KHTML, like Gecko) Chrome/63.0.3239.132 Safari/537.36');
INSERT INTO `login_log` VALUES ('32', '4', '2018-01-24 14:45:35', '0:0:0:0:0:0:0:1', 'WOW64) AppleWebKit/537.36 (KHTML, like Gecko) Chrome/63.0.3239.132 Safari/537.36');
INSERT INTO `login_log` VALUES ('33', '4', '2018-01-24 15:32:07', '0:0:0:0:0:0:0:1', 'WOW64) AppleWebKit/537.36 (KHTML, like Gecko) Chrome/63.0.3239.132 Safari/537.36');
INSERT INTO `login_log` VALUES ('34', '4', '2018-01-24 15:33:58', '0:0:0:0:0:0:0:1', 'WOW64) AppleWebKit/537.36 (KHTML, like Gecko) Chrome/63.0.3239.132 Safari/537.36');
INSERT INTO `login_log` VALUES ('35', '4', '2018-01-24 15:49:06', '0:0:0:0:0:0:0:1', 'WOW64) AppleWebKit/537.36 (KHTML, like Gecko) Chrome/63.0.3239.132 Safari/537.36');
INSERT INTO `login_log` VALUES ('36', '4', '2018-01-24 16:51:49', '0:0:0:0:0:0:0:1', 'WOW64) AppleWebKit/537.36 (KHTML, like Gecko) Chrome/63.0.3239.132 Safari/537.36');
INSERT INTO `login_log` VALUES ('37', '4', '2018-01-24 17:28:27', '0:0:0:0:0:0:0:1', 'WOW64) AppleWebKit/537.36 (KHTML, like Gecko) Chrome/63.0.3239.132 Safari/537.36');
INSERT INTO `login_log` VALUES ('38', '4', '2018-01-24 17:39:12', '0:0:0:0:0:0:0:1', 'WOW64) AppleWebKit/537.36 (KHTML, like Gecko) Chrome/63.0.3239.132 Safari/537.36');
INSERT INTO `login_log` VALUES ('39', '4', '2018-01-24 18:53:04', '0:0:0:0:0:0:0:1', 'WOW64) AppleWebKit/537.36 (KHTML, like Gecko) Chrome/63.0.3239.132 Safari/537.36');
INSERT INTO `login_log` VALUES ('40', '4', '2018-01-24 20:33:56', '0:0:0:0:0:0:0:1', 'WOW64) AppleWebKit/537.36 (KHTML, like Gecko) Chrome/63.0.3239.132 Safari/537.36');
INSERT INTO `login_log` VALUES ('41', '4', '2018-01-25 11:48:10', '0:0:0:0:0:0:0:1', 'WOW64) AppleWebKit/537.36 (KHTML, like Gecko) Chrome/64.0.3282.119 Safari/537.36');
INSERT INTO `login_log` VALUES ('42', '4', '2018-01-25 11:56:35', '0:0:0:0:0:0:0:1', 'WOW64) AppleWebKit/537.36 (KHTML, like Gecko) Chrome/64.0.3282.119 Safari/537.36');
INSERT INTO `login_log` VALUES ('43', '4', '2018-01-25 18:55:14', '0:0:0:0:0:0:0:1', 'WOW64) AppleWebKit/537.36 (KHTML, like Gecko) Chrome/64.0.3282.119 Safari/537.36');
INSERT INTO `login_log` VALUES ('44', '4', '2018-01-31 19:06:35', '0:0:0:0:0:0:0:1', 'WOW64) AppleWebKit/537.36 (KHTML, like Gecko) Chrome/64.0.3282.119 Safari/537.36');
INSERT INTO `login_log` VALUES ('45', '2', '2018-01-31 20:14:32', '0:0:0:0:0:0:0:1', 'WOW64) AppleWebKit/537.36 (KHTML, like Gecko) Chrome/64.0.3282.119 Safari/537.36');
INSERT INTO `login_log` VALUES ('46', '2', '2018-01-31 20:16:54', '0:0:0:0:0:0:0:1', 'WOW64) AppleWebKit/537.36 (KHTML, like Gecko) Chrome/64.0.3282.119 Safari/537.36');
INSERT INTO `login_log` VALUES ('47', '4', '2018-02-02 15:28:24', '0:0:0:0:0:0:0:1', 'WOW64) AppleWebKit/537.36 (KHTML, like Gecko) Chrome/64.0.3282.140 Safari/537.36');
INSERT INTO `login_log` VALUES ('48', '1', '2018-02-02 20:21:00', '0:0:0:0:0:0:0:1', 'WOW64) AppleWebKit/537.36 (KHTML, like Gecko) Chrome/64.0.3282.140 Safari/537.36');
INSERT INTO `login_log` VALUES ('49', '1', '2018-02-02 20:25:27', '0:0:0:0:0:0:0:1', 'WOW64) AppleWebKit/537.36 (KHTML, like Gecko) Chrome/64.0.3282.140 Safari/537.36');
INSERT INTO `login_log` VALUES ('50', '1', '2018-02-02 21:25:08', '0:0:0:0:0:0:0:1', 'WOW64) AppleWebKit/537.36 (KHTML, like Gecko) Chrome/64.0.3282.140 Safari/537.36');
INSERT INTO `login_log` VALUES ('51', '4', '2018-02-02 22:44:04', '0:0:0:0:0:0:0:1', 'WOW64) AppleWebKit/537.36 (KHTML, like Gecko) Chrome/64.0.3282.140 Safari/537.36');
INSERT INTO `login_log` VALUES ('52', '4', '2018-02-02 22:45:51', '0:0:0:0:0:0:0:1', 'WOW64) AppleWebKit/537.36 (KHTML, like Gecko) Chrome/64.0.3282.140 Safari/537.36');
INSERT INTO `login_log` VALUES ('53', '4', '2018-02-02 22:45:59', '0:0:0:0:0:0:0:1', 'WOW64) AppleWebKit/537.36 (KHTML, like Gecko) Chrome/64.0.3282.140 Safari/537.36');
INSERT INTO `login_log` VALUES ('54', '4', '2018-02-02 22:53:12', '0:0:0:0:0:0:0:1', 'WOW64) AppleWebKit/537.36 (KHTML, like Gecko) Chrome/64.0.3282.140 Safari/537.36');
INSERT INTO `login_log` VALUES ('55', '4', '2018-02-02 22:54:50', '0:0:0:0:0:0:0:1', 'WOW64) AppleWebKit/537.36 (KHTML, like Gecko) Chrome/64.0.3282.140 Safari/537.36');
INSERT INTO `login_log` VALUES ('56', '4', '2018-02-02 22:55:00', '0:0:0:0:0:0:0:1', 'WOW64) AppleWebKit/537.36 (KHTML, like Gecko) Chrome/64.0.3282.140 Safari/537.36');
INSERT INTO `login_log` VALUES ('57', '4', '2018-02-03 10:17:27', '0:0:0:0:0:0:0:1', 'WOW64) AppleWebKit/537.36 (KHTML, like Gecko) Chrome/64.0.3282.140 Safari/537.36');
INSERT INTO `login_log` VALUES ('58', '4', '2018-02-03 12:07:16', '0:0:0:0:0:0:0:1', 'WOW64) AppleWebKit/537.36 (KHTML, like Gecko) Chrome/64.0.3282.140 Safari/537.36');
INSERT INTO `login_log` VALUES ('59', '4', '2018-02-08 19:37:41', '0:0:0:0:0:0:0:1', 'WOW64) AppleWebKit/537.36 (KHTML, like Gecko) Chrome/64.0.3282.140 Safari/537.36');
INSERT INTO `login_log` VALUES ('60', '4', '2018-02-08 20:17:40', '0:0:0:0:0:0:0:1', 'WOW64) AppleWebKit/537.36 (KHTML, like Gecko) Chrome/64.0.3282.140 Safari/537.36');
INSERT INTO `login_log` VALUES ('61', '4', '2018-02-08 21:04:12', '0:0:0:0:0:0:0:1', 'WOW64) AppleWebKit/537.36 (KHTML, like Gecko) Chrome/64.0.3282.140 Safari/537.36');
INSERT INTO `login_log` VALUES ('62', '4', '2018-02-08 21:15:00', '0:0:0:0:0:0:0:1', 'WOW64) AppleWebKit/537.36 (KHTML, like Gecko) Chrome/64.0.3282.140 Safari/537.36');
INSERT INTO `login_log` VALUES ('63', '4', '2018-02-08 21:18:10', '0:0:0:0:0:0:0:1', 'WOW64) AppleWebKit/537.36 (KHTML, like Gecko) Chrome/64.0.3282.140 Safari/537.36');
INSERT INTO `login_log` VALUES ('64', '4', '2018-02-08 21:18:26', '0:0:0:0:0:0:0:1', 'WOW64) AppleWebKit/537.36 (KHTML, like Gecko) Chrome/64.0.3282.140 Safari/537.36');
INSERT INTO `login_log` VALUES ('65', '4', '2018-02-08 21:25:18', '0:0:0:0:0:0:0:1', 'WOW64) AppleWebKit/537.36 (KHTML, like Gecko) Chrome/64.0.3282.140 Safari/537.36');
INSERT INTO `login_log` VALUES ('66', '4', '2018-02-08 21:33:42', '0:0:0:0:0:0:0:1', 'WOW64) AppleWebKit/537.36 (KHTML, like Gecko) Chrome/64.0.3282.140 Safari/537.36');
INSERT INTO `login_log` VALUES ('67', '4', '2018-02-08 21:41:53', '0:0:0:0:0:0:0:1', 'WOW64) AppleWebKit/537.36 (KHTML, like Gecko) Chrome/64.0.3282.140 Safari/537.36');
INSERT INTO `login_log` VALUES ('68', '4', '2018-02-08 21:43:03', '0:0:0:0:0:0:0:1', 'WOW64) AppleWebKit/537.36 (KHTML, like Gecko) Chrome/64.0.3282.140 Safari/537.36');
INSERT INTO `login_log` VALUES ('69', '1', '2018-02-08 22:31:35', '0:0:0:0:0:0:0:1', 'WOW64) AppleWebKit/537.36 (KHTML, like Gecko) Chrome/64.0.3282.140 Safari/537.36');
INSERT INTO `login_log` VALUES ('70', '1', '2018-02-08 23:06:40', '0:0:0:0:0:0:0:1', 'WOW64) AppleWebKit/537.36 (KHTML, like Gecko) Chrome/64.0.3282.140 Safari/537.36');
INSERT INTO `login_log` VALUES ('71', '1', '2018-02-09 11:17:36', '0:0:0:0:0:0:0:1', 'WOW64) AppleWebKit/537.36 (KHTML, like Gecko) Chrome/64.0.3282.140 Safari/537.36');
INSERT INTO `login_log` VALUES ('72', '1', '2018-02-09 12:21:04', '0:0:0:0:0:0:0:1', 'WOW64) AppleWebKit/537.36 (KHTML, like Gecko) Chrome/64.0.3282.140 Safari/537.36');
INSERT INTO `login_log` VALUES ('73', '1', '2018-02-09 12:22:44', '0:0:0:0:0:0:0:1', 'WOW64) AppleWebKit/537.36 (KHTML, like Gecko) Chrome/64.0.3282.140 Safari/537.36');
INSERT INTO `login_log` VALUES ('74', '1', '2018-02-09 12:32:29', '0:0:0:0:0:0:0:1', 'WOW64) AppleWebKit/537.36 (KHTML, like Gecko) Chrome/64.0.3282.140 Safari/537.36');
INSERT INTO `login_log` VALUES ('75', '6', '2018-02-09 12:36:54', '0:0:0:0:0:0:0:1', 'WOW64) AppleWebKit/537.36 (KHTML, like Gecko) Chrome/64.0.3282.140 Safari/537.36');
INSERT INTO `login_log` VALUES ('76', '6', '2018-02-09 15:25:36', '0:0:0:0:0:0:0:1', 'WOW64) AppleWebKit/537.36 (KHTML, like Gecko) Chrome/64.0.3282.140 Safari/537.36');
INSERT INTO `login_log` VALUES ('77', '6', '2018-02-09 15:29:52', '0:0:0:0:0:0:0:1', 'WOW64) AppleWebKit/537.36 (KHTML, like Gecko) Chrome/64.0.3282.140 Safari/537.36');
INSERT INTO `login_log` VALUES ('78', '6', '2018-02-09 15:43:54', '0:0:0:0:0:0:0:1', 'WOW64) AppleWebKit/537.36 (KHTML, like Gecko) Chrome/64.0.3282.140 Safari/537.36');
INSERT INTO `login_log` VALUES ('79', '6', '2018-02-09 15:50:19', '0:0:0:0:0:0:0:1', 'WOW64) AppleWebKit/537.36 (KHTML, like Gecko) Chrome/64.0.3282.140 Safari/537.36');
INSERT INTO `login_log` VALUES ('80', '10', '2019-07-03 12:15:32', '0:0:0:0:0:0:0:1', 'CHROME');
INSERT INTO `login_log` VALUES ('81', '10', '2019-07-03 12:19:22', '0:0:0:0:0:0:0:1', 'CHROME');
INSERT INTO `login_log` VALUES ('82', '10', '2019-07-03 12:24:29', '0:0:0:0:0:0:0:1', 'CHROME');
INSERT INTO `login_log` VALUES ('83', '10', '2019-07-03 13:49:16', '0:0:0:0:0:0:0:1', 'CHROME');
INSERT INTO `login_log` VALUES ('84', '10', '2019-07-03 14:17:37', '0:0:0:0:0:0:0:1', 'CHROME');
INSERT INTO `login_log` VALUES ('85', '10', '2019-07-03 14:25:52', '0:0:0:0:0:0:0:1', 'CHROME');
INSERT INTO `login_log` VALUES ('86', '10', '2019-07-03 14:27:11', '0:0:0:0:0:0:0:1', 'CHROME');
INSERT INTO `login_log` VALUES ('87', '10', '2019-07-03 14:48:57', '0:0:0:0:0:0:0:1', 'CHROME');
INSERT INTO `login_log` VALUES ('88', '10', '2019-07-03 14:51:04', '0:0:0:0:0:0:0:1', 'CHROME');
INSERT INTO `login_log` VALUES ('89', '10', '2019-10-08 18:36:11', '0:0:0:0:0:0:0:1', 'CHROME');
INSERT INTO `login_log` VALUES ('90', '10', '2019-10-08 18:36:36', '0:0:0:0:0:0:0:1', 'CHROME');
INSERT INTO `login_log` VALUES ('91', '10', '2019-10-08 18:39:21', '0:0:0:0:0:0:0:1', 'CHROME');
INSERT INTO `login_log` VALUES ('92', '10', '2019-10-08 19:11:07', '0:0:0:0:0:0:0:1', 'CHROME');
INSERT INTO `login_log` VALUES ('93', '10', '2019-10-08 19:20:00', '0:0:0:0:0:0:0:1', 'CHROME');
INSERT INTO `login_log` VALUES ('94', '10', '2019-10-08 19:25:58', '0:0:0:0:0:0:0:1', 'CHROME');
INSERT INTO `login_log` VALUES ('95', '10', '2019-10-08 19:30:37', '0:0:0:0:0:0:0:1', 'CHROME');
INSERT INTO `login_log` VALUES ('96', '10', '2019-10-08 19:34:38', '0:0:0:0:0:0:0:1', 'CHROME');
INSERT INTO `login_log` VALUES ('97', '10', '2019-10-08 19:37:13', '0:0:0:0:0:0:0:1', 'CHROME');
INSERT INTO `login_log` VALUES ('98', '10', '2019-10-09 11:39:05', '0:0:0:0:0:0:0:1', 'CHROME');
INSERT INTO `login_log` VALUES ('99', '10', '2019-10-09 11:40:38', '0:0:0:0:0:0:0:1', 'CHROME');
INSERT INTO `login_log` VALUES ('100', '16', '2019-10-09 11:49:30', '0:0:0:0:0:0:0:1', 'CHROME');
INSERT INTO `login_log` VALUES ('101', '10', '2019-10-09 12:59:39', '0:0:0:0:0:0:0:1', 'CHROME');
INSERT INTO `login_log` VALUES ('102', '10', '2019-10-09 13:16:15', '0:0:0:0:0:0:0:1', 'CHROME');
INSERT INTO `login_log` VALUES ('103', '10', '2019-10-09 15:03:06', '0:0:0:0:0:0:0:1', 'CHROME');
INSERT INTO `login_log` VALUES ('104', '10', '2019-10-09 15:06:36', '0:0:0:0:0:0:0:1', 'CHROME');
INSERT INTO `login_log` VALUES ('105', '10', '2019-10-09 15:12:44', '0:0:0:0:0:0:0:1', 'CHROME');
INSERT INTO `login_log` VALUES ('106', '10', '2019-10-09 15:26:47', '0:0:0:0:0:0:0:1', 'CHROME');
INSERT INTO `login_log` VALUES ('107', '10', '2019-10-09 15:38:03', '0:0:0:0:0:0:0:1', 'CHROME');
INSERT INTO `login_log` VALUES ('108', '10', '2019-10-09 19:42:40', '0:0:0:0:0:0:0:1', 'CHROME');
INSERT INTO `login_log` VALUES ('109', '10', '2019-10-09 20:01:48', '0:0:0:0:0:0:0:1', 'CHROME');
INSERT INTO `login_log` VALUES ('110', '10', '2019-10-09 20:39:03', '0:0:0:0:0:0:0:1', 'CHROME');
INSERT INTO `login_log` VALUES ('111', '10', '2019-10-09 20:45:05', '0:0:0:0:0:0:0:1', 'CHROME');
INSERT INTO `login_log` VALUES ('112', '10', '2019-10-09 23:23:58', '0:0:0:0:0:0:0:1', 'CHROME');
INSERT INTO `login_log` VALUES ('113', '10', '2019-10-09 23:23:59', '0:0:0:0:0:0:0:1', 'CHROME');
INSERT INTO `login_log` VALUES ('114', '10', '2019-10-09 23:24:00', '0:0:0:0:0:0:0:1', 'CHROME');
INSERT INTO `login_log` VALUES ('115', '10', '2019-10-09 23:24:00', '0:0:0:0:0:0:0:1', 'CHROME');
INSERT INTO `login_log` VALUES ('116', '10', '2019-10-10 22:51:19', '0:0:0:0:0:0:0:1', 'CHROME');
INSERT INTO `login_log` VALUES ('117', '10', '2019-10-10 23:03:42', '0:0:0:0:0:0:0:1', 'CHROME');
INSERT INTO `login_log` VALUES ('118', '10', '2019-10-10 23:03:54', '0:0:0:0:0:0:0:1', 'CHROME');
INSERT INTO `login_log` VALUES ('119', '10', '2019-10-11 14:19:50', '0:0:0:0:0:0:0:1', 'CHROME');
INSERT INTO `login_log` VALUES ('120', '16', '2019-10-11 15:08:46', '0:0:0:0:0:0:0:1', 'CHROME');
INSERT INTO `login_log` VALUES ('121', '10', '2019-10-11 15:08:59', '0:0:0:0:0:0:0:1', 'CHROME');
INSERT INTO `login_log` VALUES ('122', '10', '2019-10-11 15:43:18', '0:0:0:0:0:0:0:1', 'CHROME');
INSERT INTO `login_log` VALUES ('123', '10', '2019-10-11 15:52:48', '0:0:0:0:0:0:0:1', 'CHROME');
INSERT INTO `login_log` VALUES ('124', '10', '2019-10-11 16:45:19', '0:0:0:0:0:0:0:1', 'CHROME');
INSERT INTO `login_log` VALUES ('125', '16', '2019-10-11 16:49:46', '0:0:0:0:0:0:0:1', 'CHROME');
INSERT INTO `login_log` VALUES ('126', '10', '2019-10-11 16:50:07', '0:0:0:0:0:0:0:1', 'CHROME');
INSERT INTO `login_log` VALUES ('127', '10', '2019-10-11 20:19:54', '0:0:0:0:0:0:0:1', 'CHROME');
INSERT INTO `login_log` VALUES ('128', '10', '2019-10-11 21:17:26', '0:0:0:0:0:0:0:1', 'CHROME');
INSERT INTO `login_log` VALUES ('129', '10', '2019-10-12 00:06:54', '0:0:0:0:0:0:0:1', 'CHROME');
INSERT INTO `login_log` VALUES ('130', '10', '2019-10-12 13:00:20', '0:0:0:0:0:0:0:1', 'CHROME');
INSERT INTO `login_log` VALUES ('131', '10', '2019-10-12 13:07:10', '0:0:0:0:0:0:0:1', 'CHROME');
INSERT INTO `login_log` VALUES ('132', '10', '2019-10-12 13:10:24', '0:0:0:0:0:0:0:1', 'CHROME');
INSERT INTO `login_log` VALUES ('133', '10', '2019-10-12 14:36:30', '0:0:0:0:0:0:0:1', 'CHROME');
INSERT INTO `login_log` VALUES ('134', '10', '2019-10-12 17:35:55', '0:0:0:0:0:0:0:1', 'CHROME');
INSERT INTO `login_log` VALUES ('135', '10', '2019-10-12 17:44:40', '0:0:0:0:0:0:0:1', 'CHROME');
INSERT INTO `login_log` VALUES ('136', '16', '2019-10-16 15:42:16', '0:0:0:0:0:0:0:1', 'CHROME');
INSERT INTO `login_log` VALUES ('137', '16', '2019-10-16 16:20:25', '0:0:0:0:0:0:0:1', 'CHROME');
INSERT INTO `login_log` VALUES ('138', '16', '2019-10-16 16:21:52', '0:0:0:0:0:0:0:1', 'CHROME');
INSERT INTO `login_log` VALUES ('139', '16', '2019-10-16 17:19:36', '0:0:0:0:0:0:0:1', 'CHROME');
INSERT INTO `login_log` VALUES ('140', '16', '2019-10-16 17:25:55', '0:0:0:0:0:0:0:1', 'CHROME');
INSERT INTO `login_log` VALUES ('141', '16', '2019-10-16 21:02:13', '0:0:0:0:0:0:0:1', 'CHROME');
INSERT INTO `login_log` VALUES ('142', '16', '2019-10-16 21:04:03', '0:0:0:0:0:0:0:1', 'CHROME');
INSERT INTO `login_log` VALUES ('143', '16', '2019-10-16 21:10:59', '0:0:0:0:0:0:0:1', 'CHROME');
INSERT INTO `login_log` VALUES ('144', '16', '2019-10-16 21:24:34', '0:0:0:0:0:0:0:1', 'CHROME');
INSERT INTO `login_log` VALUES ('145', '10', '2019-10-16 21:25:52', '0:0:0:0:0:0:0:1', 'CHROME');
INSERT INTO `login_log` VALUES ('146', '10', '2019-10-17 15:35:12', '0:0:0:0:0:0:0:1', 'CHROME');
INSERT INTO `login_log` VALUES ('147', '10', '2019-10-17 15:41:10', '0:0:0:0:0:0:0:1', 'CHROME');
INSERT INTO `login_log` VALUES ('148', '10', '2019-10-17 15:42:47', '0:0:0:0:0:0:0:1', 'CHROME');
INSERT INTO `login_log` VALUES ('149', '10', '2019-10-17 15:46:36', '0:0:0:0:0:0:0:1', 'CHROME');
INSERT INTO `login_log` VALUES ('150', '16', '2019-10-17 15:50:49', '0:0:0:0:0:0:0:1', 'CHROME');
INSERT INTO `login_log` VALUES ('151', '10', '2019-10-17 15:51:27', '0:0:0:0:0:0:0:1', 'CHROME');
INSERT INTO `login_log` VALUES ('152', '16', '2019-10-17 15:51:51', '0:0:0:0:0:0:0:1', 'CHROME');
INSERT INTO `login_log` VALUES ('153', '10', '2019-10-17 16:09:59', '0:0:0:0:0:0:0:1', 'CHROME');
INSERT INTO `login_log` VALUES ('154', '10', '2019-10-17 16:15:08', '0:0:0:0:0:0:0:1', 'CHROME');
INSERT INTO `login_log` VALUES ('155', '10', '2019-10-17 16:25:38', '0:0:0:0:0:0:0:1', 'CHROME');
INSERT INTO `login_log` VALUES ('156', '10', '2019-10-17 16:34:25', '0:0:0:0:0:0:0:1', 'CHROME');
INSERT INTO `login_log` VALUES ('157', '10', '2019-10-17 16:45:39', '0:0:0:0:0:0:0:1', 'CHROME');
INSERT INTO `login_log` VALUES ('158', '10', '2019-10-17 16:46:36', '0:0:0:0:0:0:0:1', 'CHROME');
INSERT INTO `login_log` VALUES ('159', '10', '2019-10-17 16:48:07', '0:0:0:0:0:0:0:1', 'CHROME');
INSERT INTO `login_log` VALUES ('160', '10', '2019-10-17 16:57:20', '0:0:0:0:0:0:0:1', 'CHROME');
INSERT INTO `login_log` VALUES ('161', '16', '2019-10-17 17:05:23', '0:0:0:0:0:0:0:1', 'CHROME');
INSERT INTO `login_log` VALUES ('162', '10', '2019-10-17 17:06:03', '0:0:0:0:0:0:0:1', 'CHROME');
INSERT INTO `login_log` VALUES ('163', '10', '2019-10-17 17:28:22', '0:0:0:0:0:0:0:1', 'CHROME');
INSERT INTO `login_log` VALUES ('164', '17', '2019-10-17 17:33:46', '0:0:0:0:0:0:0:1', 'CHROME');
INSERT INTO `login_log` VALUES ('165', '16', '2019-10-17 17:37:36', '0:0:0:0:0:0:0:1', 'CHROME');
INSERT INTO `login_log` VALUES ('166', '10', '2019-10-17 17:45:50', '0:0:0:0:0:0:0:1', 'CHROME');
INSERT INTO `login_log` VALUES ('167', '10', '2019-10-17 18:09:41', '0:0:0:0:0:0:0:1', 'CHROME');
INSERT INTO `login_log` VALUES ('168', '17', '2019-10-17 18:13:38', '0:0:0:0:0:0:0:1', 'CHROME');
INSERT INTO `login_log` VALUES ('169', '10', '2019-10-17 18:20:38', '0:0:0:0:0:0:0:1', 'CHROME');

-- ----------------------------
-- Table structure for `message`
-- ----------------------------
DROP TABLE IF EXISTS `message`;
CREATE TABLE `message` (
  `id` int(11) NOT NULL AUTO_INCREMENT,
  `context` varchar(300) NOT NULL,
  `type` varchar(20) NOT NULL,
  `topic_id` int(11) NOT NULL,
  `sender_id` int(11) NOT NULL,
  `action` varchar(20) NOT NULL,
  `is_read` int(10) NOT NULL,
  `user_id` int(11) NOT NULL,
  `create_time` timestamp NULL DEFAULT NULL,
  `reply_id` bigint(20) NOT NULL,
  PRIMARY KEY (`id`)
) ENGINE=InnoDB AUTO_INCREMENT=30 DEFAULT CHARSET=utf8;

-- ----------------------------
-- Records of message
-- ----------------------------
INSERT INTO `message` VALUES ('4', '啊是大', '0', '37', '16', '1', '1', '10', '2019-10-16 21:11:03', '78');
INSERT INTO `message` VALUES ('5', '再试一下', '0', '37', '16', '1', '1', '10', '2019-10-16 21:12:53', '79');
INSERT INTO `message` VALUES ('6', '你说你是马呢', '0', '36', '16', '1', '1', '10', '2019-10-16 21:14:16', '81');
INSERT INTO `message` VALUES ('7', '113165', '0', '36', '16', '1', '1', '10', '2019-10-16 21:17:56', '82');
INSERT INTO `message` VALUES ('8', '哈哈哈哈哈', '0', '36', '16', '1', '1', '10', '2019-10-16 21:18:22', '83');
INSERT INTO `message` VALUES ('9', '阿三大苏打', '0', '36', '16', '1', '1', '10', '2019-10-16 21:18:25', '84');
INSERT INTO `message` VALUES ('10', '请问请问去', '0', '36', '16', '1', '1', '10', '2019-10-16 21:18:28', '85');
INSERT INTO `message` VALUES ('11', '恶趣味去为去', '0', '36', '16', '1', '1', '10', '2019-10-16 21:18:31', '86');
INSERT INTO `message` VALUES ('12', 'test', '0', '28', '16', '1', '1', '10', '2019-10-16 21:19:00', '87');
INSERT INTO `message` VALUES ('13', '阿三大苏打', '0', '37', '16', '1', '1', '10', '2019-10-16 21:19:32', '88');
INSERT INTO `message` VALUES ('14', '啊是大山东奥是的', '0', '29', '16', '1', '1', '10', '2019-10-16 21:20:00', '89');
INSERT INTO `message` VALUES ('15', 'test1', '0', '37', '16', '1', '1', '10', '2019-10-16 21:24:40', '90');
INSERT INTO `message` VALUES ('16', '撒大苏打', '0', '37', '16', '1', '1', '10', '2019-10-16 21:24:54', '91');
INSERT INTO `message` VALUES ('17', '啊是大啊是大', '0', '29', '10', '1', '1', '10', '2019-10-16 21:26:03', '92');
INSERT INTO `message` VALUES ('18', '啊是大啊是大', '0', '9', '10', '1', '0', '4', '2019-10-16 21:26:22', '93');
INSERT INTO `message` VALUES ('19', '啊是大', '0', '9', '10', '1', '0', '4', '2019-10-16 21:46:38', '94');
INSERT INTO `message` VALUES ('20', '啊是大', '0', '37', '10', '1', '1', '10', '2019-10-17 15:36:07', '95');
INSERT INTO `message` VALUES ('21', '略略了', '0', '38', '10', '1', '1', '16', '2019-10-17 15:51:39', '96');
INSERT INTO `message` VALUES ('22', 'hahahah', '0', '37', '16', '1', '1', '10', '2019-10-17 17:05:54', '97');
INSERT INTO `message` VALUES ('23', 'leetcode我认为不错', '0', '41', '16', '1', '0', '17', '2019-10-17 17:44:38', '98');
INSERT INTO `message` VALUES ('24', '还有名额吗', '0', '40', '16', '1', '1', '17', '2019-10-17 17:44:56', '99');
INSERT INTO `message` VALUES ('25', '南锣鼓巷？这个地方怎么样', '0', '43', '16', '1', '1', '16', '2019-10-17 17:45:12', '100');
INSERT INTO `message` VALUES ('26', '我也喜欢，虽然我们都是一个人', '0', '47', '10', '1', '1', '10', '2019-10-17 17:49:27', '101');
INSERT INTO `message` VALUES ('27', '很多区别', '0', '39', '10', '1', '1', '17', '2019-10-17 18:13:29', '102');
INSERT INTO `message` VALUES ('28', '测试回复', '0', '29', '10', '1', '1', '10', '2019-10-17 18:21:17', '103');
INSERT INTO `message` VALUES ('29', '是有点疯狂', '0', '36', '10', '1', '1', '10', '2019-10-17 18:33:12', '104');

-- ----------------------------
-- Table structure for `reply`
-- ----------------------------
DROP TABLE IF EXISTS `reply`;
CREATE TABLE `reply` (
  `id` bigint(20) NOT NULL AUTO_INCREMENT COMMENT '回复id',
  `topic_id` int(11) NOT NULL COMMENT '主题id',
  `reply_user_id` int(11) NOT NULL COMMENT '用户id',
  `content` text CHARACTER SET utf8mb4 NOT NULL COMMENT '回复内容',
  `create_time` timestamp NULL DEFAULT NULL COMMENT '创建时间',
  `update_time` timestamp NULL DEFAULT CURRENT_TIMESTAMP ON UPDATE CURRENT_TIMESTAMP COMMENT '修改时间',
  `device` varchar(20) CHARACTER SET utf8mb4 DEFAULT NULL COMMENT '设备',
  PRIMARY KEY (`id`)
) ENGINE=MyISAM AUTO_INCREMENT=105 DEFAULT CHARSET=utf8mb4 COLLATE=utf8mb4_unicode_ci;

-- ----------------------------
-- Records of reply
-- ----------------------------
INSERT INTO `reply` VALUES ('102', '39', '10', '很多区别', '2019-10-17 18:13:29', '2019-10-17 18:13:29', null);
INSERT INTO `reply` VALUES ('100', '43', '16', '南锣鼓巷？这个地方怎么样', '2019-10-17 17:45:12', '2019-10-17 17:45:12', null);
INSERT INTO `reply` VALUES ('101', '47', '10', '我也喜欢，虽然我们都是一个人', '2019-10-17 17:49:27', '2019-10-17 17:49:27', null);
INSERT INTO `reply` VALUES ('29', '20', '10', '阿三大苏打', '2019-10-09 15:16:09', '2019-10-09 15:16:09', null);
INSERT INTO `reply` VALUES ('78', '37', '16', '啊是大', '2019-10-16 21:11:03', '2019-10-16 21:11:03', null);
INSERT INTO `reply` VALUES ('32', '22', '10', '试一试', '2019-10-09 15:27:46', '2019-10-09 15:27:46', null);
INSERT INTO `reply` VALUES ('33', '22', '10', '啊实打实', '2019-10-09 15:30:18', '2019-10-09 15:30:18', null);
INSERT INTO `reply` VALUES ('35', '22', '10', '好的', '2019-10-09 20:01:56', '2019-10-09 20:01:56', null);
INSERT INTO `reply` VALUES ('44', '23', '10', '哈哈哈，啥想法', '2019-10-11 21:17:55', '2019-10-11 21:17:55', null);
INSERT INTO `reply` VALUES ('46', '23', '10', '啊是大', '2019-10-11 21:33:33', '2019-10-11 21:33:33', null);
INSERT INTO `reply` VALUES ('79', '37', '16', '再试一下', '2019-10-16 21:12:53', '2019-10-16 21:12:53', null);
INSERT INTO `reply` VALUES ('70', '37', '16', '稍微试一下', '2019-10-16 15:42:29', '2019-10-16 15:42:29', null);
INSERT INTO `reply` VALUES ('71', '37', '16', '种太阳！！', '2019-10-16 16:20:47', '2019-10-16 16:20:47', null);
INSERT INTO `reply` VALUES ('72', '37', '16', '疯狂种太阳', '2019-10-16 16:21:59', '2019-10-16 16:21:59', null);
INSERT INTO `reply` VALUES ('73', '37', '16', '疯狂种太阳', '2019-10-16 16:23:15', '2019-10-16 16:23:15', null);
INSERT INTO `reply` VALUES ('74', '35', '16', '阿三大苏打', '2019-10-16 17:19:46', '2019-10-16 17:19:46', null);
INSERT INTO `reply` VALUES ('75', '33', '16', '阿三大苏打', '2019-10-16 17:25:59', '2019-10-16 17:25:59', null);
INSERT INTO `reply` VALUES ('76', '37', '16', '你把 岸得', '2019-10-16 21:02:19', '2019-10-16 21:02:19', null);
INSERT INTO `reply` VALUES ('77', '37', '16', '啊是大', '2019-10-16 21:04:09', '2019-10-16 21:04:09', null);
INSERT INTO `reply` VALUES ('51', '23', '10', '你可真牛逼的', '2019-10-12 13:10:35', '2019-10-12 13:10:35', null);
INSERT INTO `reply` VALUES ('82', '36', '16', '113165', '2019-10-16 21:17:56', '2019-10-16 21:17:56', null);
INSERT INTO `reply` VALUES ('83', '36', '16', '哈哈哈哈哈', '2019-10-16 21:18:22', '2019-10-16 21:18:22', null);
INSERT INTO `reply` VALUES ('84', '36', '16', '阿三大苏打', '2019-10-16 21:18:25', '2019-10-16 21:18:25', null);
INSERT INTO `reply` VALUES ('85', '36', '16', '请问请问去', '2019-10-16 21:18:28', '2019-10-16 21:18:28', null);
INSERT INTO `reply` VALUES ('104', '36', '10', '是有点疯狂', '2019-10-17 18:33:12', '2019-10-17 18:33:12', null);
INSERT INTO `reply` VALUES ('88', '37', '16', '阿三大苏打', '2019-10-16 21:19:32', '2019-10-16 21:19:32', null);
INSERT INTO `reply` VALUES ('89', '29', '16', '啊是大山东奥是的', '2019-10-16 21:20:00', '2019-10-16 21:20:00', null);
INSERT INTO `reply` VALUES ('90', '37', '16', 'test1', '2019-10-16 21:24:40', '2019-10-16 21:24:40', null);
INSERT INTO `reply` VALUES ('91', '37', '16', '撒大苏打', '2019-10-16 21:24:54', '2019-10-16 21:24:54', null);
INSERT INTO `reply` VALUES ('103', '29', '10', '测试回复', '2019-10-17 18:21:17', '2019-10-17 18:21:17', null);
INSERT INTO `reply` VALUES ('99', '40', '16', '还有名额吗', '2019-10-17 17:44:56', '2019-10-17 17:44:56', null);
INSERT INTO `reply` VALUES ('98', '41', '16', 'leetcode我认为不错', '2019-10-17 17:44:38', '2019-10-17 17:44:38', null);
INSERT INTO `reply` VALUES ('95', '37', '10', '啊是大', '2019-10-17 15:36:07', '2019-10-17 15:36:07', null);
INSERT INTO `reply` VALUES ('96', '38', '10', '略略了', '2019-10-17 15:51:39', '2019-10-17 15:51:39', null);
INSERT INTO `reply` VALUES ('97', '37', '16', 'hahahah', '2019-10-17 17:05:54', '2019-10-17 17:05:54', null);

-- ----------------------------
-- Table structure for `tab`
-- ----------------------------
DROP TABLE IF EXISTS `tab`;
CREATE TABLE `tab` (
  `id` int(11) NOT NULL AUTO_INCREMENT COMMENT '板块id',
  `tab_name` varchar(50) NOT NULL COMMENT '板块名',
  `tab_name_en` varchar(20) NOT NULL,
  PRIMARY KEY (`id`)
) ENGINE=MyISAM AUTO_INCREMENT=6 DEFAULT CHARSET=utf8mb4;

-- ----------------------------
-- Records of tab
-- ----------------------------
INSERT INTO `tab` VALUES ('1', '技术', 'tech');
INSERT INTO `tab` VALUES ('2', '好玩', 'play');
INSERT INTO `tab` VALUES ('3', '创意', 'creative');
INSERT INTO `tab` VALUES ('4', '工作', 'jobs');
INSERT INTO `tab` VALUES ('5', '交易', 'deals');

-- ----------------------------
-- Table structure for `topic`
-- ----------------------------
DROP TABLE IF EXISTS `topic`;
CREATE TABLE `topic` (
  `id` int(11) NOT NULL AUTO_INCREMENT COMMENT '帖子ID',
  `user_id` int(11) NOT NULL COMMENT '发帖人id',
  `create_time` timestamp NULL DEFAULT NULL COMMENT '创建时间',
  `update_time` timestamp NULL DEFAULT NULL COMMENT '最后更新时间',
  `title` varchar(200) NOT NULL COMMENT '标题',
  `content` text NOT NULL COMMENT '内容',
  `click` int(11) NOT NULL DEFAULT '0' COMMENT '点击量',
  `tab_id` tinyint(4) NOT NULL COMMENT '发布板块',
  `isEssence` int(11) unsigned zerofill NOT NULL,
  PRIMARY KEY (`id`)
) ENGINE=MyISAM AUTO_INCREMENT=48 DEFAULT CHARSET=utf8mb4;

-- ----------------------------
-- Records of topic
-- ----------------------------
INSERT INTO `topic` VALUES ('41', '17', '2019-10-17 17:36:19', '2019-10-17 17:44:38', '有程序员专门刷题的网站吗？', '作者：trucy\r\n链接：https://www.zhihu.com/question/36488823/answer/121016624\r\n来源：知乎\r\n著作权归作者所有。商业转载请联系作者获得授权，非商业转载请注明出处。\r\n\r\n谢不邀。从国内外分的话，国内：1. [九度OJ](题库-九度Online Judge，用代码记录你的成长之路!):王道论坛或者考计算机408的同学也许听过，目前已经收录了各高校上机复试真题，还有些名企笔试题，但好久没更新了。考研准备复试的同学可以参考下。2. [牛客OJ](在线编程_C++Java前端经典笔试面试题库) 题目挺全的，包含《剑指Offer》66题，校招真题105题，leecode148题，ACM训练题7418题（变态）,计算机考研复制233题，华为机试108题，还有一些其他js题。但支持语言不多，都支持C++和java，c#、js、python2.7一部分支持。AC不通过会提供使题目错误的输入，但往往格式不规范。总的来说题量很多，系统一般。3. [51NOD](最新动态 - 51Nod) 题目有546题，AC不通过会有对应的输入输出，不过需要分值购买来下载看，分值可以通过刷题得到，里面也有关于贪心算法和动态规划的学习教程，曹鹏博士讲的，只有做完教程分值才能返还，非常好的一个网站。目前支持19种主流语言，支持python2和python3，case设计也非常合理。4. [浙江大学 Online Judge（ZOJ](http://acm.zju.edu.cn). 国内最早也是最有名气的OJ，有很多高手在上面做题。打开速度快。5. [北京大学 Online Judge（POJ)](Welcome To PKU JudgeOnline>)建立较晚，但题目加得很快，现在题数和ZOJ不相上下，特点是举行在线比赛比较多，数据比ZOJ上的要弱，有时候同样的题同样的程序，在ZOJ上WA，在POJ上就能AC。不过感觉pku的题目要难很多。这个题库的一大特点就是 OnlineJudge功能强大，其实pku现在已经是中国最好的ACM网站。6. 补充下，国内有个仿照leecode做的[lintcode](LintCode - 编程面试题在线训练平台),lintcode刚出来的时候我做了几道题比较了一下，有些时候lintcode能过的代码放在leetcode就会有test case挂掉，不过那也是好久以前了，现在应该发展的挺好了，虽然还在发展之中，但感觉lintcode做的UI很不错，不好的地方就是没有像leecode的讨论区，非得到九章算法 - 帮助更多中国人找到好工作，硅谷顶尖IT企业工程师实时在线授课为你传授面试技巧去查答案，当然查询只支持英文哟，比如查丑数要输入\"ugly\"才会查的到，两个网站分开来也是想赚培训班的钱吧。但他只提供答案没有论坛高手的解题讨论并没有卵用，这点我觉得leecode比较好。好的地方除了UI就是lintcode会有leetcode的付费题，同时他的ladder挺好用的，可以练一下每个题型的经典题。推荐先刷完leecode的免费题，再来lintcode上玩。7. [赛马网](赛码网-IT笔试加分利器) 自带没几道题目，而且有一次刷他自带的题目体验很不好，记得有道题目显示其他人“正确提交的答案”其实都是错误的，而自己提交的正确答案却显示不通过，看那些所谓的正确答案甚至是其他题目里的答案，想跟客服反应还找不到渠道，只有qq群。。。他家商业合作做的挺不错，京东、今日头条等那他做笔试平台，大家要是想刷名企的题目倒是可以来这的，但刷其他题目，呵呵。。。8. 谢谢 姆姆姆 提到hihoCoder ，前些天微软以他为平台展开的笔试，和微软有一腿，之前举办过编程之美挑战赛，特点是每周都有针对性的一道难题等着你去AC，有详细讲解，月赛的题目均由来自北京大学等一流高校的ACM队员出题。OJ编辑环境适合Emacs、vim或者最简单的文本编辑，支持主流编程语言：g++,c#,python2,java，讨论区活跃度并不高，发的代码没有自动识别语法高亮的，统一的黑色markdown，前端要努努力了。此外我觉得代码提交不人性化，我用safri、firefox浏览器提交的代码状态不会自动跳转，必须刷新下你才知道是从waiting到ac了还是re了，还有估计底层集群比较小，人一多提交就很慢，刷了半天还是waiting。总的来说没事来这每周刷个题也不错，兴致来了去参加个小比赛乐乐，但长期对着这个界面刷题我是受不了。国外：1. [leetcode ](LeetCode Online Judge) 可以说是最著名的网站了，海量编程题包含数据库和shell试题，支持 C, C++, Java, Python, C#, JavaScript, Ruby, Bash, MySQL.喜欢用python的同学注意可以支持python3了，另外提供导致ac不通过的的输入和输出，易于修改程序。2. [俄罗斯萨拉托夫国立大学(Saratov State University)(SGU)](Saratov State University :: Online Contester) SGU是俄罗斯萨拉托夫国立大学(Saratov StateUniversity)用于培养ACM选手的训练网站。这个网站的建成时期较晚，但随着比赛的举行以及新题目的加入，这个题库的题目也日渐丰富。这个题库的一大特点就是 OnlineJudge功能强大，它不仅使你避开了多数据处理的繁琐操作，还能告诉你程序错在了第几个数据。这一点虽然与ACM的Judge有些出入，但是却方便了调试程序。与UVA相比，这里的题目在时间空间上要求都比较严格，而且更多的考察选手对算法的掌握情况，所以特别推荐冲击NOI的选手也来做一做。以上都可以看到排名，按语言排名或者按时间复杂度排名，whatever，学习结构和算法的话推荐[July CSDN](http://blog.csdn.net/v_july_v/article/details/6543438),包含经典的算法、数据结构和机器学习的文章。', '2', '1', '00000000000');
INSERT INTO `topic` VALUES ('39', '17', '2019-10-17 17:34:02', '2019-10-17 18:13:29', 'Java重写、重载、多态的具体区别', 'Java重写、重载、多态的具体区别', '6', '1', '00000000001');
INSERT INTO `topic` VALUES ('40', '17', '2019-10-17 17:35:16', '2019-10-17 17:44:56', '【社招】【内推】【阿里天猫海外】后端', '只有社招，只有社招，只有社招\r\n\r\n天猫进出口事业部是阿里巴巴核心电商业务，我们是一支国际化技术团队，致力于进口业务和出口业务的技术突破和创新。从阿里巴巴全球化战略的角度实施“全球买，全球卖”。进口业务为天猫国际，是中国消费升级的第一跨境平台。出口业务是天猫海外，帮助中国品牌通过跨境电商在全球销售，我们致力于连接世界各地的品牌和消费者。\r\n\r\n现在天猫海外很受逍遥子的重视，升级成了一个独立的部门，名额很多，持续招聘，学弟学妹们快来\r\n招聘岗位：JAVA  \r\n我们主要招P7 P8 待遇没说的, P6的同学也可以投  \r\n', '4', '4', '00000000000');
INSERT INTO `topic` VALUES ('22', '10', '2019-10-09 15:15:43', '2019-10-09 20:01:56', '快来玩暗黑大天使吧', '《暗黑大天使》是一款以西方魔幻故事为题材的RPG网络游戏。\r\n网址：http://game.37.com/play.php?game_id=577&server_id=222487&ext=p|1|53|-1|115699|0|t=1!cg=4008!c=359!v=U1Ndjjnm-QtTgw-DY64.!b=0!p=1!un=53!l=-1!uid=115699!a=43344!pd=1!g=577!gs=222487!n=2|os=win10!bs=chrome&entergametype=tg', '98', '2', '00000000001');
INSERT INTO `topic` VALUES ('20', '10', '2019-07-03 14:49:05', '2019-10-09 15:26:49', '337是全世界最好的实验室', '', '117', '1', '00000000001');
INSERT INTO `topic` VALUES ('21', '10', '2019-10-08 19:20:36', '2019-10-09 13:00:03', '测试一下好玩', '', '1', '2', '00000000000');
INSERT INTO `topic` VALUES ('23', '10', '2019-10-09 19:43:11', '2019-10-12 13:10:35', '我有几个非常厉害的想法', '666', '160', '3', '00000000001');
INSERT INTO `topic` VALUES ('29', '10', '2019-10-12 14:41:43', '2019-10-17 18:21:17', '测试一下好玩', '', '10', '1', '00000000000');
INSERT INTO `topic` VALUES ('32', '10', '2019-10-12 14:42:04', '2019-10-12 14:42:04', '疯狂发帖1', '', '0', '1', '00000000000');
INSERT INTO `topic` VALUES ('33', '10', '2019-10-12 14:42:11', '2019-10-16 17:25:59', '疯狂发帖1', '', '2', '1', '00000000000');
INSERT INTO `topic` VALUES ('34', '10', '2019-10-12 14:42:16', '2019-10-12 14:42:16', '疯狂发帖1', '', '0', '1', '00000000000');
INSERT INTO `topic` VALUES ('35', '10', '2019-10-12 14:42:20', '2019-10-16 17:19:46', '疯狂发帖1', '', '4', '1', '00000000000');
INSERT INTO `topic` VALUES ('36', '10', '2019-10-12 14:42:24', '2019-10-17 18:33:12', '疯狂发帖1', '', '19', '1', '00000000000');
INSERT INTO `topic` VALUES ('37', '10', '2019-10-12 14:42:29', '2019-10-17 17:05:54', '疯狂发帖1', '', '48', '1', '00000000000');
INSERT INTO `topic` VALUES ('38', '16', '2019-10-17 15:51:16', '2019-10-17 15:51:39', 'lhf2018试一试', '', '6', '1', '00000000000');
INSERT INTO `topic` VALUES ('42', '17', '2019-10-17 17:37:22', '2019-10-17 17:37:22', '木心诗选', '《木心诗选》的诗歌，共七辑（158首），从最早期的《阿里山之夜》，到最为读者所知的《从前慢》，以及最最“天书”的《同袍》四言诗等，各个时期的，均精选于木心生前自订的全部六种诗集——《我纷纷的情欲》《西班牙三棵树》《伪所罗门书》《巴珑》《诗经演》《云雀叫了一整天》。\r\n木心的诗，例外与常态，跳出惯性思维的思维，是空话套话的死敌。诗的品质，嫉俗如仇，不炫耀不喧闹，以“故实”抒情，形成“遐想中低声吟咏的力量”，和现实生活、历史时空、古典文学、西方文化文学都形成互文。', '2', '3', '00000000001');
INSERT INTO `topic` VALUES ('43', '16', '2019-10-17 17:38:22', '2019-10-17 17:45:12', '北京好玩的地方', '北京好玩的地方之一：左右间设计+咖啡的院翰若居书馆\r\n\r\n　　著名年轻建筑设计师王晖在古迹圆明园东门外开的这家咖啡馆,，当数北京城最具灵感的地角。光线同时洒在三角形的镜面做成的咖啡桌上、洒在镜面做成的吧台上、洒在组成吧台的数千册混砌的书墙的结构上，又被这些材料反射出去，形成更多的光的通道，晶莹地将空间充满,实实在在地充满。桌椅的影子、人的影子、窗影与树影浅浅地被表现出来，就像一组空间的画和时间糅在一起,却又要让人忘了时间。\r\n\r\n　　地址：海淀区圆明园东门内停车场北二间院\r\n\r\n　　北京好玩的地方之二：文宇奶酪店\r\n\r\n　　“文宇奶酪店”位于北京市东城区南锣鼓巷内，是一家经营奶酪和酸梅汤的小店，小店开业以来，因为物美价廉风味地道而生意越来越红火。虽然酒香不怕巷子深，更何况南锣鼓巷北口在鼓楼东大街上，南口在平安大街上，是京城比较著名的一条胡同。这里的“奶酪”是地道的老北京风味小吃。由于文宇的主人是三元梅园的老师傅，所以味道最厚、最正的就数文宇奶酪店。店里自己熬的“冰镇酸梅汤”酸甜适宜，消暑解渴。\r\n\r\n　　地址：西城区南锣鼓巷49号', '3', '2', '00000000000');
INSERT INTO `topic` VALUES ('44', '16', '2019-10-17 17:38:58', '2019-10-17 17:38:58', '出beats solo3 wireless 金色', '出beats solo3 wireless 金色', '0', '5', '00000000000');
INSERT INTO `topic` VALUES ('45', '16', '2019-10-17 17:39:41', '2019-10-17 17:39:41', '收一部iphone XR', '成色9成新最好，谢谢！', '0', '5', '00000000000');
INSERT INTO `topic` VALUES ('46', '16', '2019-10-17 17:43:47', '2019-10-17 17:43:47', '【比较】offer求建议，腾讯sp vs 字节sp', '腾讯sp vs 字节sp，哪个好，都是做go开发相关', '0', '4', '00000000000');
INSERT INTO `topic` VALUES ('47', '10', '2019-10-17 17:46:55', '2019-10-17 17:49:27', '我好喜欢《我和我的祖国》这个电影', '吹爆~~', '6', '2', '00000000000');

-- ----------------------------
-- Table structure for `user`
-- ----------------------------
DROP TABLE IF EXISTS `user`;
CREATE TABLE `user` (
  `id` int(11) NOT NULL AUTO_INCREMENT COMMENT '用户唯一ID',
  `username` varchar(30) NOT NULL COMMENT '用户名',
  `password` varchar(50) NOT NULL COMMENT '密码',
  `email` varchar(50) DEFAULT NULL COMMENT '邮箱',
  `phone_num` varchar(15) DEFAULT NULL COMMENT '手机号',
  `create_time` timestamp NULL DEFAULT NULL COMMENT '创建时间',
  `update_time` timestamp NULL DEFAULT CURRENT_TIMESTAMP ON UPDATE CURRENT_TIMESTAMP COMMENT '更新时间',
  `credit` int(11) NOT NULL COMMENT '积分',
  `avatar` varchar(100) DEFAULT NULL COMMENT '头像url',
  `type` tinyint(4) NOT NULL DEFAULT '0' COMMENT '用户类型,0为普通用户,1为管理员',
  PRIMARY KEY (`id`)
) ENGINE=MyISAM AUTO_INCREMENT=18 DEFAULT CHARSET=utf8mb4;

-- ----------------------------
-- Records of user
-- ----------------------------
INSERT INTO `user` VALUES ('1', 'likky', 'E10ADC3949BA59ABBE56E057F20F883E', '123456789@126.com', '8615712345678', '2018-02-08 23:06:40', '2018-02-09 15:57:05', '23', '/img/avatar/avatar-default-1.png', '0');
INSERT INTO `user` VALUES ('2', 'withstars', 'E10ADC3949BA59ABBE56E057F20F883E', '987654321@qq.com', '8616978945612', '2018-01-31 20:16:54', '2018-02-09 15:57:21', '10', '/img/avatar/avatar-default-2.png', '0');
INSERT INTO `user` VALUES ('3', 'yilia', 'E10ADC3949BA59ABBE56E057F20F883E', '147258369@qq.com', '8615963248962', '2018-01-20 14:18:58', '2018-02-09 15:56:29', '0', '/img/avatar/avatar-default-3.png', '0');
INSERT INTO `user` VALUES ('4', 'sassy', 'E10ADC3949BA59ABBE56E057F20F883E', '159357846@qq.com', '8612543434343', '2018-02-08 22:17:16', '2018-02-09 15:56:39', '156', '/img/avatar/avatar-default-4.png', '0');
INSERT INTO `user` VALUES ('6', 'objectc', 'A45958517604F5CD90D6EE51AD9CFDB6', '963852741@qq.com', '8619345321598', '2018-02-09 12:36:39', '2018-02-09 15:56:46', '7', '/img/avatar/avatar-default-5.png', '0');
INSERT INTO `user` VALUES ('13', 'qwe', '76D80224611FC919A5D54F0FF9FBA446', 'qwe@qq.com', '8612345678910', '2019-10-05 17:54:24', '2019-10-05 17:54:24', '0', '/img/avatar/avatar-default-2.png', '0');
INSERT INTO `user` VALUES ('16', 'lhf2018', '7815696ECBF1C96E6894B779456D330E', 'sdasd0@qq.com', '8612345678910', '2019-10-05 20:22:01', '2019-10-17 17:45:12', '47', '/img/avatar/avatar-default-5.png', '0');
INSERT INTO `user` VALUES ('11', 'asd', '7815696ECBF1C96E6894B779456D330E', 'sdasd0@qq.com', '8612345678910', '2019-10-05 17:50:53', '2019-10-05 17:50:53', '0', '/img/avatar/avatar-default-4.png', '0');
INSERT INTO `user` VALUES ('10', 'siki', '7815696ECBF1C96E6894B779456D330E', 'asd@123.com', '86123', '2019-07-03 12:15:27', '2019-10-17 18:33:12', '148', '/img/avatar/1570605171051-10.jpg', '1');
INSERT INTO `user` VALUES ('17', 'fff', '7815696ECBF1C96E6894B779456D330E', 'qwe@qq.com', '8612345678910', '2019-10-17 17:33:41', '2019-10-17 18:13:38', '6', '/img/avatar/avatar-default-3.png', '0');

-- ----------------------------
-- Table structure for `visitor`
-- ----------------------------
DROP TABLE IF EXISTS `visitor`;
CREATE TABLE `visitor` (
  `id` int(11) NOT NULL AUTO_INCREMENT,
  `IP` varchar(30) NOT NULL,
  `visit_time` timestamp NOT NULL DEFAULT CURRENT_TIMESTAMP ON UPDATE CURRENT_TIMESTAMP,
  `device` varchar(200) DEFAULT NULL,
  PRIMARY KEY (`id`)
) ENGINE=InnoDB AUTO_INCREMENT=2699 DEFAULT CHARSET=utf8;

-- ----------------------------
-- Records of visitor
-- ----------------------------
INSERT INTO `visitor` VALUES ('1', '0:0:0:0:0:0:0:1', '2019-10-10 19:06:55', 'CHROME');
INSERT INTO `visitor` VALUES ('2', '0:0:0:0:0:0:0:1', '2019-10-10 19:06:55', 'CHROME');
INSERT INTO `visitor` VALUES ('3', '0:0:0:0:0:0:0:1', '2019-10-10 19:06:57', 'CHROME');
INSERT INTO `visitor` VALUES ('4', '0:0:0:0:0:0:0:1', '2019-10-10 19:06:58', 'CHROME');
INSERT INTO `visitor` VALUES ('5', '0:0:0:0:0:0:0:1', '2019-10-10 19:06:59', 'CHROME');
INSERT INTO `visitor` VALUES ('6', '0:0:0:0:0:0:0:1', '2019-10-10 19:07:00', 'CHROME');
INSERT INTO `visitor` VALUES ('7', '0:0:0:0:0:0:0:1', '2019-10-10 19:07:01', 'CHROME');
INSERT INTO `visitor` VALUES ('8', '0:0:0:0:0:0:0:1', '2019-10-10 19:07:02', 'CHROME');
INSERT INTO `visitor` VALUES ('9', '0:0:0:0:0:0:0:1', '2019-10-10 20:06:46', 'CHROME');
INSERT INTO `visitor` VALUES ('10', '0:0:0:0:0:0:0:1', '2019-10-10 20:06:47', 'CHROME');
INSERT INTO `visitor` VALUES ('11', '0:0:0:0:0:0:0:1', '2019-10-10 20:06:48', 'CHROME');
INSERT INTO `visitor` VALUES ('12', '0:0:0:0:0:0:0:1', '2019-10-10 20:06:48', 'CHROME');
INSERT INTO `visitor` VALUES ('13', '0:0:0:0:0:0:0:1', '2019-10-10 20:06:48', 'CHROME');
INSERT INTO `visitor` VALUES ('14', '0:0:0:0:0:0:0:1', '2019-10-10 20:06:48', 'CHROME');
INSERT INTO `visitor` VALUES ('15', '0:0:0:0:0:0:0:1', '2019-10-10 20:06:49', 'CHROME');
INSERT INTO `visitor` VALUES ('16', '0:0:0:0:0:0:0:1', '2019-10-10 20:06:49', 'CHROME');
INSERT INTO `visitor` VALUES ('17', '0:0:0:0:0:0:0:1', '2019-10-10 20:06:49', 'CHROME');
INSERT INTO `visitor` VALUES ('18', '0:0:0:0:0:0:0:1', '2019-10-10 20:06:50', 'CHROME');
INSERT INTO `visitor` VALUES ('19', '0:0:0:0:0:0:0:1', '2019-10-10 20:07:53', 'CHROME');
INSERT INTO `visitor` VALUES ('20', '0:0:0:0:0:0:0:1', '2019-10-10 20:07:54', 'CHROME');
INSERT INTO `visitor` VALUES ('21', '0:0:0:0:0:0:0:1', '2019-10-10 20:07:54', 'CHROME');
INSERT INTO `visitor` VALUES ('22', '0:0:0:0:0:0:0:1', '2019-10-10 20:07:54', 'CHROME');
INSERT INTO `visitor` VALUES ('23', '0:0:0:0:0:0:0:1', '2019-10-10 20:07:55', 'CHROME');
INSERT INTO `visitor` VALUES ('24', '0:0:0:0:0:0:0:1', '2019-10-10 20:07:55', 'CHROME');
INSERT INTO `visitor` VALUES ('25', '0:0:0:0:0:0:0:1', '2019-10-10 20:07:56', 'CHROME');
INSERT INTO `visitor` VALUES ('26', '0:0:0:0:0:0:0:1', '2019-10-10 20:07:56', 'CHROME');
INSERT INTO `visitor` VALUES ('27', '0:0:0:0:0:0:0:1', '2019-10-10 20:07:56', 'CHROME');
INSERT INTO `visitor` VALUES ('28', '0:0:0:0:0:0:0:1', '2019-10-10 20:07:57', 'CHROME');
INSERT INTO `visitor` VALUES ('29', '0:0:0:0:0:0:0:1', '2019-10-10 20:07:58', 'CHROME');
INSERT INTO `visitor` VALUES ('30', '0:0:0:0:0:0:0:1', '2019-10-10 20:07:58', 'CHROME');
INSERT INTO `visitor` VALUES ('31', '0:0:0:0:0:0:0:1', '2019-10-10 20:07:58', 'CHROME');
INSERT INTO `visitor` VALUES ('32', '0:0:0:0:0:0:0:1', '2019-10-10 20:07:58', 'CHROME');
INSERT INTO `visitor` VALUES ('33', '0:0:0:0:0:0:0:1', '2019-10-10 20:07:58', 'CHROME');
INSERT INTO `visitor` VALUES ('34', '0:0:0:0:0:0:0:1', '2019-10-10 20:07:59', 'CHROME');
INSERT INTO `visitor` VALUES ('35', '0:0:0:0:0:0:0:1', '2019-10-10 20:07:59', 'CHROME');
INSERT INTO `visitor` VALUES ('36', '0:0:0:0:0:0:0:1', '2019-10-10 20:07:59', 'CHROME');
INSERT INTO `visitor` VALUES ('37', '0:0:0:0:0:0:0:1', '2019-10-10 20:07:59', 'CHROME');
INSERT INTO `visitor` VALUES ('38', '0:0:0:0:0:0:0:1', '2019-10-10 20:07:59', 'CHROME');
INSERT INTO `visitor` VALUES ('39', '0:0:0:0:0:0:0:1', '2019-10-10 20:07:59', 'CHROME');
INSERT INTO `visitor` VALUES ('40', '0:0:0:0:0:0:0:1', '2019-10-10 20:08:00', 'CHROME');
INSERT INTO `visitor` VALUES ('41', '0:0:0:0:0:0:0:1', '2019-10-10 20:08:00', 'CHROME');
INSERT INTO `visitor` VALUES ('42', '0:0:0:0:0:0:0:1', '2019-10-10 20:08:00', 'CHROME');
INSERT INTO `visitor` VALUES ('43', '0:0:0:0:0:0:0:1', '2019-10-10 20:08:00', 'CHROME');
INSERT INTO `visitor` VALUES ('44', '0:0:0:0:0:0:0:1', '2019-10-10 20:08:00', 'CHROME');
INSERT INTO `visitor` VALUES ('45', '0:0:0:0:0:0:0:1', '2019-10-10 20:08:01', 'CHROME');
INSERT INTO `visitor` VALUES ('46', '0:0:0:0:0:0:0:1', '2019-10-10 20:08:01', 'CHROME');
INSERT INTO `visitor` VALUES ('47', '0:0:0:0:0:0:0:1', '2019-10-10 20:08:01', 'CHROME');
INSERT INTO `visitor` VALUES ('48', '0:0:0:0:0:0:0:1', '2019-10-10 20:08:01', 'CHROME');
INSERT INTO `visitor` VALUES ('49', '0:0:0:0:0:0:0:1', '2019-10-10 20:08:01', 'CHROME');
INSERT INTO `visitor` VALUES ('50', '0:0:0:0:0:0:0:1', '2019-10-10 20:08:01', 'CHROME');
INSERT INTO `visitor` VALUES ('51', '0:0:0:0:0:0:0:1', '2019-10-10 20:08:01', 'CHROME');
INSERT INTO `visitor` VALUES ('52', '0:0:0:0:0:0:0:1', '2019-10-10 20:08:01', 'CHROME');
INSERT INTO `visitor` VALUES ('53', '0:0:0:0:0:0:0:1', '2019-10-10 20:08:02', 'CHROME');
INSERT INTO `visitor` VALUES ('54', '0:0:0:0:0:0:0:1', '2019-10-10 20:08:02', 'CHROME');
INSERT INTO `visitor` VALUES ('55', '0:0:0:0:0:0:0:1', '2019-10-10 20:11:14', 'CHROME');
INSERT INTO `visitor` VALUES ('56', '0:0:0:0:0:0:0:1', '2019-10-10 20:11:15', 'CHROME');
INSERT INTO `visitor` VALUES ('57', '0:0:0:0:0:0:0:1', '2019-10-10 20:12:01', 'CHROME');
INSERT INTO `visitor` VALUES ('58', '0:0:0:0:0:0:0:1', '2019-10-10 20:12:02', 'CHROME');
INSERT INTO `visitor` VALUES ('59', '0:0:0:0:0:0:0:1', '2019-10-10 20:12:02', 'CHROME');
INSERT INTO `visitor` VALUES ('60', '0:0:0:0:0:0:0:1', '2019-10-10 20:12:02', 'CHROME');
INSERT INTO `visitor` VALUES ('61', '0:0:0:0:0:0:0:1', '2019-10-10 20:12:03', 'CHROME');
INSERT INTO `visitor` VALUES ('62', '0:0:0:0:0:0:0:1', '2019-10-10 20:12:03', 'CHROME');
INSERT INTO `visitor` VALUES ('63', '0:0:0:0:0:0:0:1', '2019-10-10 20:12:03', 'CHROME');
INSERT INTO `visitor` VALUES ('64', '0:0:0:0:0:0:0:1', '2019-10-10 20:12:03', 'CHROME');
INSERT INTO `visitor` VALUES ('65', '0:0:0:0:0:0:0:1', '2019-10-10 20:12:04', 'CHROME');
INSERT INTO `visitor` VALUES ('66', '0:0:0:0:0:0:0:1', '2019-10-10 20:12:04', 'CHROME');
INSERT INTO `visitor` VALUES ('67', '0:0:0:0:0:0:0:1', '2019-10-10 20:12:05', 'CHROME');
INSERT INTO `visitor` VALUES ('68', '0:0:0:0:0:0:0:1', '2019-10-10 20:12:05', 'CHROME');
INSERT INTO `visitor` VALUES ('69', '0:0:0:0:0:0:0:1', '2019-10-10 20:33:02', 'CHROME');
INSERT INTO `visitor` VALUES ('70', '0:0:0:0:0:0:0:1', '2019-10-10 20:33:03', 'CHROME');
INSERT INTO `visitor` VALUES ('71', '0:0:0:0:0:0:0:1', '2019-10-10 20:33:04', 'CHROME');
INSERT INTO `visitor` VALUES ('72', '0:0:0:0:0:0:0:1', '2019-10-10 20:33:04', 'CHROME');
INSERT INTO `visitor` VALUES ('73', '0:0:0:0:0:0:0:1', '2019-10-10 20:33:04', 'CHROME');
INSERT INTO `visitor` VALUES ('74', '0:0:0:0:0:0:0:1', '2019-10-10 20:33:04', 'CHROME');
INSERT INTO `visitor` VALUES ('75', '0:0:0:0:0:0:0:1', '2019-10-10 20:33:05', 'CHROME');
INSERT INTO `visitor` VALUES ('76', '0:0:0:0:0:0:0:1', '2019-10-10 20:33:05', 'CHROME');
INSERT INTO `visitor` VALUES ('77', '0:0:0:0:0:0:0:1', '2019-10-10 20:33:05', 'CHROME');
INSERT INTO `visitor` VALUES ('78', '0:0:0:0:0:0:0:1', '2019-10-10 20:33:05', 'CHROME');
INSERT INTO `visitor` VALUES ('79', '0:0:0:0:0:0:0:1', '2019-10-10 20:33:06', 'CHROME');
INSERT INTO `visitor` VALUES ('80', '0:0:0:0:0:0:0:1', '2019-10-10 20:33:06', 'CHROME');
INSERT INTO `visitor` VALUES ('81', '0:0:0:0:0:0:0:1', '2019-10-10 20:33:14', 'CHROME');
INSERT INTO `visitor` VALUES ('82', '0:0:0:0:0:0:0:1', '2019-10-10 20:33:14', 'CHROME');
INSERT INTO `visitor` VALUES ('83', '0:0:0:0:0:0:0:1', '2019-10-10 20:33:15', 'CHROME');
INSERT INTO `visitor` VALUES ('84', '0:0:0:0:0:0:0:1', '2019-10-10 20:33:16', 'CHROME');
INSERT INTO `visitor` VALUES ('85', '0:0:0:0:0:0:0:1', '2019-10-10 20:33:16', 'CHROME');
INSERT INTO `visitor` VALUES ('86', '0:0:0:0:0:0:0:1', '2019-10-10 20:33:17', 'CHROME');
INSERT INTO `visitor` VALUES ('87', '0:0:0:0:0:0:0:1', '2019-10-10 20:33:19', 'CHROME');
INSERT INTO `visitor` VALUES ('88', '0:0:0:0:0:0:0:1', '2019-10-10 20:33:19', 'CHROME');
INSERT INTO `visitor` VALUES ('89', '0:0:0:0:0:0:0:1', '2019-10-10 20:33:19', 'CHROME');
INSERT INTO `visitor` VALUES ('90', '0:0:0:0:0:0:0:1', '2019-10-10 20:33:19', 'CHROME');
INSERT INTO `visitor` VALUES ('91', '0:0:0:0:0:0:0:1', '2019-10-10 20:33:20', 'CHROME');
INSERT INTO `visitor` VALUES ('92', '0:0:0:0:0:0:0:1', '2019-10-10 20:33:20', 'CHROME');
INSERT INTO `visitor` VALUES ('93', '0:0:0:0:0:0:0:1', '2019-10-10 20:33:20', 'CHROME');
INSERT INTO `visitor` VALUES ('94', '0:0:0:0:0:0:0:1', '2019-10-10 20:33:21', 'CHROME');
INSERT INTO `visitor` VALUES ('95', '0:0:0:0:0:0:0:1', '2019-10-10 20:33:21', 'CHROME');
INSERT INTO `visitor` VALUES ('96', '0:0:0:0:0:0:0:1', '2019-10-10 20:33:21', 'CHROME');
INSERT INTO `visitor` VALUES ('97', '0:0:0:0:0:0:0:1', '2019-10-10 20:33:21', 'CHROME');
INSERT INTO `visitor` VALUES ('98', '0:0:0:0:0:0:0:1', '2019-10-10 20:33:22', 'CHROME');
INSERT INTO `visitor` VALUES ('99', '0:0:0:0:0:0:0:1', '2019-10-10 20:33:22', 'CHROME');
INSERT INTO `visitor` VALUES ('100', '0:0:0:0:0:0:0:1', '2019-10-10 20:33:22', 'CHROME');
INSERT INTO `visitor` VALUES ('101', '0:0:0:0:0:0:0:1', '2019-10-10 20:33:24', 'CHROME');
INSERT INTO `visitor` VALUES ('102', '0:0:0:0:0:0:0:1', '2019-10-10 20:33:24', 'CHROME');
INSERT INTO `visitor` VALUES ('103', '0:0:0:0:0:0:0:1', '2019-10-10 20:34:21', 'CHROME');
INSERT INTO `visitor` VALUES ('104', '0:0:0:0:0:0:0:1', '2019-10-10 20:34:22', 'CHROME');
INSERT INTO `visitor` VALUES ('105', '0:0:0:0:0:0:0:1', '2019-10-10 20:34:22', 'CHROME');
INSERT INTO `visitor` VALUES ('106', '0:0:0:0:0:0:0:1', '2019-10-10 20:34:22', 'CHROME');
INSERT INTO `visitor` VALUES ('107', '0:0:0:0:0:0:0:1', '2019-10-10 20:34:22', 'CHROME');
INSERT INTO `visitor` VALUES ('108', '0:0:0:0:0:0:0:1', '2019-10-10 20:34:23', 'CHROME');
INSERT INTO `visitor` VALUES ('109', '0:0:0:0:0:0:0:1', '2019-10-10 20:34:23', 'CHROME');
INSERT INTO `visitor` VALUES ('110', '0:0:0:0:0:0:0:1', '2019-10-10 20:34:23', 'CHROME');
INSERT INTO `visitor` VALUES ('111', '0:0:0:0:0:0:0:1', '2019-10-10 20:34:23', 'CHROME');
INSERT INTO `visitor` VALUES ('112', '0:0:0:0:0:0:0:1', '2019-10-10 20:34:24', 'CHROME');
INSERT INTO `visitor` VALUES ('113', '0:0:0:0:0:0:0:1', '2019-10-10 20:34:24', 'CHROME');
INSERT INTO `visitor` VALUES ('114', '0:0:0:0:0:0:0:1', '2019-10-10 20:34:24', 'CHROME');
INSERT INTO `visitor` VALUES ('115', '0:0:0:0:0:0:0:1', '2019-10-10 20:34:24', 'CHROME');
INSERT INTO `visitor` VALUES ('116', '0:0:0:0:0:0:0:1', '2019-10-10 20:34:25', 'CHROME');
INSERT INTO `visitor` VALUES ('117', '0:0:0:0:0:0:0:1', '2019-10-10 20:34:25', 'CHROME');
INSERT INTO `visitor` VALUES ('118', '0:0:0:0:0:0:0:1', '2019-10-10 20:34:29', 'CHROME');
INSERT INTO `visitor` VALUES ('119', '0:0:0:0:0:0:0:1', '2019-10-10 20:34:29', 'CHROME');
INSERT INTO `visitor` VALUES ('120', '0:0:0:0:0:0:0:1', '2019-10-10 20:34:30', 'CHROME');
INSERT INTO `visitor` VALUES ('121', '0:0:0:0:0:0:0:1', '2019-10-10 22:26:15', 'CHROME');
INSERT INTO `visitor` VALUES ('122', '0:0:0:0:0:0:0:1', '2019-10-10 22:26:16', 'CHROME');
INSERT INTO `visitor` VALUES ('123', '0:0:0:0:0:0:0:1', '2019-10-10 22:26:18', 'CHROME');
INSERT INTO `visitor` VALUES ('124', '0:0:0:0:0:0:0:1', '2019-10-10 22:28:23', 'CHROME');
INSERT INTO `visitor` VALUES ('125', '0:0:0:0:0:0:0:1', '2019-10-10 22:28:23', 'CHROME');
INSERT INTO `visitor` VALUES ('126', '0:0:0:0:0:0:0:1', '2019-10-10 22:28:25', 'CHROME');
INSERT INTO `visitor` VALUES ('127', '0:0:0:0:0:0:0:1', '2019-10-10 22:28:25', 'CHROME');
INSERT INTO `visitor` VALUES ('128', '0:0:0:0:0:0:0:1', '2019-10-10 22:28:26', 'CHROME');
INSERT INTO `visitor` VALUES ('129', '0:0:0:0:0:0:0:1', '2019-10-10 22:28:26', 'CHROME');
INSERT INTO `visitor` VALUES ('130', '0:0:0:0:0:0:0:1', '2019-10-10 22:28:27', 'CHROME');
INSERT INTO `visitor` VALUES ('131', '0:0:0:0:0:0:0:1', '2019-10-10 22:28:27', 'CHROME');
INSERT INTO `visitor` VALUES ('132', '0:0:0:0:0:0:0:1', '2019-10-10 22:28:27', 'CHROME');
INSERT INTO `visitor` VALUES ('133', '0:0:0:0:0:0:0:1', '2019-10-10 22:28:27', 'CHROME');
INSERT INTO `visitor` VALUES ('134', '0:0:0:0:0:0:0:1', '2019-10-10 22:44:22', 'CHROME');
INSERT INTO `visitor` VALUES ('135', '0:0:0:0:0:0:0:1', '2019-10-10 22:44:26', 'CHROME');
INSERT INTO `visitor` VALUES ('136', '0:0:0:0:0:0:0:1', '2019-10-10 22:44:26', 'CHROME');
INSERT INTO `visitor` VALUES ('137', '0:0:0:0:0:0:0:1', '2019-10-10 22:44:27', 'CHROME');
INSERT INTO `visitor` VALUES ('138', '0:0:0:0:0:0:0:1', '2019-10-10 22:44:27', 'CHROME');
INSERT INTO `visitor` VALUES ('139', '0:0:0:0:0:0:0:1', '2019-10-10 22:44:27', 'CHROME');
INSERT INTO `visitor` VALUES ('140', '0:0:0:0:0:0:0:1', '2019-10-10 22:51:08', 'CHROME');
INSERT INTO `visitor` VALUES ('141', '0:0:0:0:0:0:0:1', '2019-10-10 22:51:19', 'CHROME');
INSERT INTO `visitor` VALUES ('142', '0:0:0:0:0:0:0:1', '2019-10-10 22:51:35', 'CHROME');
INSERT INTO `visitor` VALUES ('143', '0:0:0:0:0:0:0:1', '2019-10-10 22:51:36', 'CHROME');
INSERT INTO `visitor` VALUES ('144', '0:0:0:0:0:0:0:1', '2019-10-10 22:58:47', 'CHROME');
INSERT INTO `visitor` VALUES ('145', '0:0:0:0:0:0:0:1', '2019-10-10 22:58:57', 'CHROME');
INSERT INTO `visitor` VALUES ('146', '0:0:0:0:0:0:0:1', '2019-10-10 22:59:02', 'CHROME');
INSERT INTO `visitor` VALUES ('147', '0:0:0:0:0:0:0:1', '2019-10-10 22:59:06', 'CHROME');
INSERT INTO `visitor` VALUES ('148', '0:0:0:0:0:0:0:1', '2019-10-10 22:59:09', 'CHROME');
INSERT INTO `visitor` VALUES ('149', '0:0:0:0:0:0:0:1', '2019-10-10 22:59:10', 'CHROME');
INSERT INTO `visitor` VALUES ('150', '0:0:0:0:0:0:0:1', '2019-10-10 22:59:10', 'CHROME');
INSERT INTO `visitor` VALUES ('151', '0:0:0:0:0:0:0:1', '2019-10-10 23:00:03', 'CHROME');
INSERT INTO `visitor` VALUES ('152', '0:0:0:0:0:0:0:1', '2019-10-10 23:00:05', 'CHROME');
INSERT INTO `visitor` VALUES ('153', '0:0:0:0:0:0:0:1', '2019-10-10 23:01:17', 'CHROME');
INSERT INTO `visitor` VALUES ('154', '0:0:0:0:0:0:0:1', '2019-10-10 23:01:23', 'CHROME');
INSERT INTO `visitor` VALUES ('155', '0:0:0:0:0:0:0:1', '2019-10-10 23:01:24', 'CHROME');
INSERT INTO `visitor` VALUES ('156', '0:0:0:0:0:0:0:1', '2019-10-10 23:01:24', 'CHROME');
INSERT INTO `visitor` VALUES ('157', '0:0:0:0:0:0:0:1', '2019-10-10 23:01:24', 'CHROME');
INSERT INTO `visitor` VALUES ('158', '0:0:0:0:0:0:0:1', '2019-10-10 23:01:26', 'CHROME');
INSERT INTO `visitor` VALUES ('159', '0:0:0:0:0:0:0:1', '2019-10-10 23:03:38', 'CHROME');
INSERT INTO `visitor` VALUES ('160', '0:0:0:0:0:0:0:1', '2019-10-10 23:03:42', 'CHROME');
INSERT INTO `visitor` VALUES ('161', '0:0:0:0:0:0:0:1', '2019-10-10 23:03:46', 'CHROME');
INSERT INTO `visitor` VALUES ('162', '0:0:0:0:0:0:0:1', '2019-10-10 23:03:54', 'CHROME');
INSERT INTO `visitor` VALUES ('163', '0:0:0:0:0:0:0:1', '2019-10-10 23:03:58', 'CHROME');
INSERT INTO `visitor` VALUES ('164', '0:0:0:0:0:0:0:1', '2019-10-10 23:04:00', 'CHROME');
INSERT INTO `visitor` VALUES ('165', '0:0:0:0:0:0:0:1', '2019-10-10 23:04:02', 'CHROME');
INSERT INTO `visitor` VALUES ('166', '0:0:0:0:0:0:0:1', '2019-10-10 23:04:02', 'CHROME');
INSERT INTO `visitor` VALUES ('167', '0:0:0:0:0:0:0:1', '2019-10-10 23:04:03', 'CHROME');
INSERT INTO `visitor` VALUES ('168', '0:0:0:0:0:0:0:1', '2019-10-10 23:04:03', 'CHROME');
INSERT INTO `visitor` VALUES ('169', '0:0:0:0:0:0:0:1', '2019-10-10 23:04:04', 'CHROME');
INSERT INTO `visitor` VALUES ('170', '0:0:0:0:0:0:0:1', '2019-10-10 23:04:20', 'CHROME');
INSERT INTO `visitor` VALUES ('171', '0:0:0:0:0:0:0:1', '2019-10-10 23:04:21', 'CHROME');
INSERT INTO `visitor` VALUES ('172', '0:0:0:0:0:0:0:1', '2019-10-10 23:04:27', 'CHROME');
INSERT INTO `visitor` VALUES ('173', '0:0:0:0:0:0:0:1', '2019-10-10 23:04:28', 'CHROME');
INSERT INTO `visitor` VALUES ('174', '0:0:0:0:0:0:0:1', '2019-10-10 23:04:37', 'CHROME');
INSERT INTO `visitor` VALUES ('175', '0:0:0:0:0:0:0:1', '2019-10-10 23:07:42', 'CHROME');
INSERT INTO `visitor` VALUES ('176', '0:0:0:0:0:0:0:1', '2019-10-10 23:07:43', 'CHROME');
INSERT INTO `visitor` VALUES ('177', '0:0:0:0:0:0:0:1', '2019-10-10 23:07:44', 'CHROME');
INSERT INTO `visitor` VALUES ('178', '0:0:0:0:0:0:0:1', '2019-10-10 23:07:44', 'CHROME');
INSERT INTO `visitor` VALUES ('179', '0:0:0:0:0:0:0:1', '2019-10-10 23:07:44', 'CHROME');
INSERT INTO `visitor` VALUES ('180', '0:0:0:0:0:0:0:1', '2019-10-10 23:07:45', 'CHROME');
INSERT INTO `visitor` VALUES ('181', '0:0:0:0:0:0:0:1', '2019-10-10 23:07:45', 'CHROME');
INSERT INTO `visitor` VALUES ('182', '0:0:0:0:0:0:0:1', '2019-10-10 23:07:46', 'CHROME');
INSERT INTO `visitor` VALUES ('183', '0:0:0:0:0:0:0:1', '2019-10-10 23:10:02', 'CHROME');
INSERT INTO `visitor` VALUES ('184', '0:0:0:0:0:0:0:1', '2019-10-10 23:10:02', 'CHROME');
INSERT INTO `visitor` VALUES ('185', '0:0:0:0:0:0:0:1', '2019-10-10 23:10:04', 'CHROME');
INSERT INTO `visitor` VALUES ('186', '127.0.0.1', '2019-10-11 11:28:56', 'UNKNOWN');
INSERT INTO `visitor` VALUES ('187', '127.0.0.1', '2019-10-11 11:28:58', 'UNKNOWN');
INSERT INTO `visitor` VALUES ('188', '0:0:0:0:0:0:0:1', '2019-10-11 11:28:58', 'CHROME');
INSERT INTO `visitor` VALUES ('189', '0:0:0:0:0:0:0:1', '2019-10-11 11:29:02', 'CHROME');
INSERT INTO `visitor` VALUES ('190', '0:0:0:0:0:0:0:1', '2019-10-11 11:29:04', 'CHROME');
INSERT INTO `visitor` VALUES ('191', '0:0:0:0:0:0:0:1', '2019-10-11 11:29:04', 'CHROME');
INSERT INTO `visitor` VALUES ('192', '0:0:0:0:0:0:0:1', '2019-10-11 11:36:09', 'CHROME');
INSERT INTO `visitor` VALUES ('193', '0:0:0:0:0:0:0:1', '2019-10-11 11:37:31', 'CHROME');
INSERT INTO `visitor` VALUES ('194', '0:0:0:0:0:0:0:1', '2019-10-11 11:37:53', 'CHROME');
INSERT INTO `visitor` VALUES ('195', '0:0:0:0:0:0:0:1', '2019-10-11 11:37:55', 'CHROME');
INSERT INTO `visitor` VALUES ('196', '0:0:0:0:0:0:0:1', '2019-10-11 11:37:58', 'CHROME');
INSERT INTO `visitor` VALUES ('197', '0:0:0:0:0:0:0:1', '2019-10-11 11:37:58', 'CHROME');
INSERT INTO `visitor` VALUES ('198', '0:0:0:0:0:0:0:1', '2019-10-11 11:37:58', 'CHROME');
INSERT INTO `visitor` VALUES ('199', '0:0:0:0:0:0:0:1', '2019-10-11 11:37:59', 'CHROME');
INSERT INTO `visitor` VALUES ('200', '0:0:0:0:0:0:0:1', '2019-10-11 11:38:00', 'CHROME');
INSERT INTO `visitor` VALUES ('201', '0:0:0:0:0:0:0:1', '2019-10-11 11:38:01', 'CHROME');
INSERT INTO `visitor` VALUES ('202', '0:0:0:0:0:0:0:1', '2019-10-11 11:38:02', 'CHROME');
INSERT INTO `visitor` VALUES ('203', '0:0:0:0:0:0:0:1', '2019-10-11 11:38:02', 'CHROME');
INSERT INTO `visitor` VALUES ('204', '0:0:0:0:0:0:0:1', '2019-10-11 11:38:03', 'CHROME');
INSERT INTO `visitor` VALUES ('205', '0:0:0:0:0:0:0:1', '2019-10-11 11:38:15', 'CHROME');
INSERT INTO `visitor` VALUES ('206', '0:0:0:0:0:0:0:1', '2019-10-11 11:38:15', 'CHROME');
INSERT INTO `visitor` VALUES ('207', '0:0:0:0:0:0:0:1', '2019-10-11 11:39:36', 'CHROME');
INSERT INTO `visitor` VALUES ('208', '0:0:0:0:0:0:0:1', '2019-10-11 11:39:37', 'CHROME');
INSERT INTO `visitor` VALUES ('209', '0:0:0:0:0:0:0:1', '2019-10-11 11:39:37', 'CHROME');
INSERT INTO `visitor` VALUES ('210', '0:0:0:0:0:0:0:1', '2019-10-11 11:39:38', 'CHROME');
INSERT INTO `visitor` VALUES ('211', '0:0:0:0:0:0:0:1', '2019-10-11 11:39:39', 'CHROME');
INSERT INTO `visitor` VALUES ('212', '0:0:0:0:0:0:0:1', '2019-10-11 11:39:39', 'CHROME');
INSERT INTO `visitor` VALUES ('213', '0:0:0:0:0:0:0:1', '2019-10-11 11:39:40', 'CHROME');
INSERT INTO `visitor` VALUES ('214', '0:0:0:0:0:0:0:1', '2019-10-11 11:39:41', 'CHROME');
INSERT INTO `visitor` VALUES ('215', '0:0:0:0:0:0:0:1', '2019-10-11 11:39:41', 'CHROME');
INSERT INTO `visitor` VALUES ('216', '0:0:0:0:0:0:0:1', '2019-10-11 11:39:41', 'CHROME');
INSERT INTO `visitor` VALUES ('217', '0:0:0:0:0:0:0:1', '2019-10-11 11:39:41', 'CHROME');
INSERT INTO `visitor` VALUES ('218', '0:0:0:0:0:0:0:1', '2019-10-11 11:40:46', 'CHROME');
INSERT INTO `visitor` VALUES ('219', '0:0:0:0:0:0:0:1', '2019-10-11 11:40:46', 'CHROME');
INSERT INTO `visitor` VALUES ('220', '0:0:0:0:0:0:0:1', '2019-10-11 11:45:05', 'CHROME');
INSERT INTO `visitor` VALUES ('221', '0:0:0:0:0:0:0:1', '2019-10-11 11:45:08', 'CHROME');
INSERT INTO `visitor` VALUES ('222', '0:0:0:0:0:0:0:1', '2019-10-11 11:45:08', 'CHROME');
INSERT INTO `visitor` VALUES ('223', '0:0:0:0:0:0:0:1', '2019-10-11 11:45:10', 'CHROME');
INSERT INTO `visitor` VALUES ('224', '0:0:0:0:0:0:0:1', '2019-10-11 11:45:10', 'CHROME');
INSERT INTO `visitor` VALUES ('225', '0:0:0:0:0:0:0:1', '2019-10-11 11:45:10', 'CHROME');
INSERT INTO `visitor` VALUES ('226', '0:0:0:0:0:0:0:1', '2019-10-11 11:45:11', 'CHROME');
INSERT INTO `visitor` VALUES ('227', '0:0:0:0:0:0:0:1', '2019-10-11 11:45:11', 'CHROME');
INSERT INTO `visitor` VALUES ('228', '0:0:0:0:0:0:0:1', '2019-10-11 11:45:14', 'CHROME');
INSERT INTO `visitor` VALUES ('229', '0:0:0:0:0:0:0:1', '2019-10-11 11:45:14', 'CHROME');
INSERT INTO `visitor` VALUES ('230', '0:0:0:0:0:0:0:1', '2019-10-11 11:45:17', 'CHROME');
INSERT INTO `visitor` VALUES ('231', '0:0:0:0:0:0:0:1', '2019-10-11 11:45:17', 'CHROME');
INSERT INTO `visitor` VALUES ('232', '0:0:0:0:0:0:0:1', '2019-10-11 11:45:18', 'CHROME');
INSERT INTO `visitor` VALUES ('233', '0:0:0:0:0:0:0:1', '2019-10-11 11:45:18', 'CHROME');
INSERT INTO `visitor` VALUES ('234', '0:0:0:0:0:0:0:1', '2019-10-11 11:45:19', 'CHROME');
INSERT INTO `visitor` VALUES ('235', '0:0:0:0:0:0:0:1', '2019-10-11 11:45:20', 'CHROME');
INSERT INTO `visitor` VALUES ('236', '0:0:0:0:0:0:0:1', '2019-10-11 11:45:20', 'CHROME');
INSERT INTO `visitor` VALUES ('237', '0:0:0:0:0:0:0:1', '2019-10-11 11:45:21', 'CHROME');
INSERT INTO `visitor` VALUES ('238', '0:0:0:0:0:0:0:1', '2019-10-11 11:45:26', 'CHROME');
INSERT INTO `visitor` VALUES ('239', '0:0:0:0:0:0:0:1', '2019-10-11 11:45:26', 'CHROME');
INSERT INTO `visitor` VALUES ('240', '0:0:0:0:0:0:0:1', '2019-10-11 11:45:28', 'CHROME');
INSERT INTO `visitor` VALUES ('241', '0:0:0:0:0:0:0:1', '2019-10-11 11:45:41', 'CHROME');
INSERT INTO `visitor` VALUES ('242', '0:0:0:0:0:0:0:1', '2019-10-11 11:45:42', 'CHROME');
INSERT INTO `visitor` VALUES ('243', '0:0:0:0:0:0:0:1', '2019-10-11 11:45:42', 'CHROME');
INSERT INTO `visitor` VALUES ('244', '0:0:0:0:0:0:0:1', '2019-10-11 11:45:44', 'CHROME');
INSERT INTO `visitor` VALUES ('245', '0:0:0:0:0:0:0:1', '2019-10-11 11:45:44', 'CHROME');
INSERT INTO `visitor` VALUES ('246', '0:0:0:0:0:0:0:1', '2019-10-11 11:45:44', 'CHROME');
INSERT INTO `visitor` VALUES ('247', '0:0:0:0:0:0:0:1', '2019-10-11 11:45:56', 'CHROME');
INSERT INTO `visitor` VALUES ('248', '0:0:0:0:0:0:0:1', '2019-10-11 11:45:56', 'CHROME');
INSERT INTO `visitor` VALUES ('249', '0:0:0:0:0:0:0:1', '2019-10-11 11:45:57', 'CHROME');
INSERT INTO `visitor` VALUES ('250', '0:0:0:0:0:0:0:1', '2019-10-11 11:45:57', 'CHROME');
INSERT INTO `visitor` VALUES ('251', '0:0:0:0:0:0:0:1', '2019-10-11 11:45:58', 'CHROME');
INSERT INTO `visitor` VALUES ('252', '0:0:0:0:0:0:0:1', '2019-10-11 11:45:58', 'CHROME');
INSERT INTO `visitor` VALUES ('253', '0:0:0:0:0:0:0:1', '2019-10-11 11:45:59', 'CHROME');
INSERT INTO `visitor` VALUES ('254', '0:0:0:0:0:0:0:1', '2019-10-11 11:46:00', 'CHROME');
INSERT INTO `visitor` VALUES ('255', '0:0:0:0:0:0:0:1', '2019-10-11 11:46:00', 'CHROME');
INSERT INTO `visitor` VALUES ('256', '0:0:0:0:0:0:0:1', '2019-10-11 11:46:01', 'CHROME');
INSERT INTO `visitor` VALUES ('257', '0:0:0:0:0:0:0:1', '2019-10-11 11:46:01', 'CHROME');
INSERT INTO `visitor` VALUES ('258', '0:0:0:0:0:0:0:1', '2019-10-11 11:46:02', 'CHROME');
INSERT INTO `visitor` VALUES ('259', '0:0:0:0:0:0:0:1', '2019-10-11 11:46:02', 'CHROME');
INSERT INTO `visitor` VALUES ('260', '0:0:0:0:0:0:0:1', '2019-10-11 11:46:03', 'CHROME');
INSERT INTO `visitor` VALUES ('261', '0:0:0:0:0:0:0:1', '2019-10-11 11:46:03', 'CHROME');
INSERT INTO `visitor` VALUES ('262', '0:0:0:0:0:0:0:1', '2019-10-11 11:46:05', 'CHROME');
INSERT INTO `visitor` VALUES ('263', '0:0:0:0:0:0:0:1', '2019-10-11 11:46:06', 'CHROME');
INSERT INTO `visitor` VALUES ('264', '0:0:0:0:0:0:0:1', '2019-10-11 11:46:06', 'CHROME');
INSERT INTO `visitor` VALUES ('265', '0:0:0:0:0:0:0:1', '2019-10-11 11:46:08', 'CHROME');
INSERT INTO `visitor` VALUES ('266', '0:0:0:0:0:0:0:1', '2019-10-11 11:46:09', 'CHROME');
INSERT INTO `visitor` VALUES ('267', '0:0:0:0:0:0:0:1', '2019-10-11 11:46:09', 'CHROME');
INSERT INTO `visitor` VALUES ('268', '0:0:0:0:0:0:0:1', '2019-10-11 11:46:28', 'CHROME');
INSERT INTO `visitor` VALUES ('269', '0:0:0:0:0:0:0:1', '2019-10-11 11:46:31', 'CHROME');
INSERT INTO `visitor` VALUES ('270', '0:0:0:0:0:0:0:1', '2019-10-11 11:46:31', 'CHROME');
INSERT INTO `visitor` VALUES ('271', '0:0:0:0:0:0:0:1', '2019-10-11 11:51:49', 'CHROME');
INSERT INTO `visitor` VALUES ('272', '0:0:0:0:0:0:0:1', '2019-10-11 11:51:51', 'CHROME');
INSERT INTO `visitor` VALUES ('273', '0:0:0:0:0:0:0:1', '2019-10-11 11:52:49', 'CHROME');
INSERT INTO `visitor` VALUES ('274', '0:0:0:0:0:0:0:1', '2019-10-11 11:52:51', 'CHROME');
INSERT INTO `visitor` VALUES ('275', '0:0:0:0:0:0:0:1', '2019-10-11 11:52:51', 'CHROME');
INSERT INTO `visitor` VALUES ('276', '0:0:0:0:0:0:0:1', '2019-10-11 11:52:52', 'CHROME');
INSERT INTO `visitor` VALUES ('277', '0:0:0:0:0:0:0:1', '2019-10-11 11:52:52', 'CHROME');
INSERT INTO `visitor` VALUES ('278', '0:0:0:0:0:0:0:1', '2019-10-11 11:52:53', 'CHROME');
INSERT INTO `visitor` VALUES ('279', '0:0:0:0:0:0:0:1', '2019-10-11 11:52:54', 'CHROME');
INSERT INTO `visitor` VALUES ('280', '0:0:0:0:0:0:0:1', '2019-10-11 11:52:55', 'CHROME');
INSERT INTO `visitor` VALUES ('281', '0:0:0:0:0:0:0:1', '2019-10-11 11:52:56', 'CHROME');
INSERT INTO `visitor` VALUES ('282', '0:0:0:0:0:0:0:1', '2019-10-11 11:52:57', 'CHROME');
INSERT INTO `visitor` VALUES ('283', '0:0:0:0:0:0:0:1', '2019-10-11 11:52:58', 'CHROME');
INSERT INTO `visitor` VALUES ('284', '0:0:0:0:0:0:0:1', '2019-10-11 11:52:58', 'CHROME');
INSERT INTO `visitor` VALUES ('285', '0:0:0:0:0:0:0:1', '2019-10-11 11:53:02', 'CHROME');
INSERT INTO `visitor` VALUES ('286', '0:0:0:0:0:0:0:1', '2019-10-11 11:53:03', 'CHROME');
INSERT INTO `visitor` VALUES ('287', '0:0:0:0:0:0:0:1', '2019-10-11 11:53:08', 'CHROME');
INSERT INTO `visitor` VALUES ('288', '0:0:0:0:0:0:0:1', '2019-10-11 11:53:09', 'CHROME');
INSERT INTO `visitor` VALUES ('289', '0:0:0:0:0:0:0:1', '2019-10-11 11:53:12', 'CHROME');
INSERT INTO `visitor` VALUES ('290', '0:0:0:0:0:0:0:1', '2019-10-11 11:53:12', 'CHROME');
INSERT INTO `visitor` VALUES ('291', '0:0:0:0:0:0:0:1', '2019-10-11 11:53:13', 'CHROME');
INSERT INTO `visitor` VALUES ('292', '0:0:0:0:0:0:0:1', '2019-10-11 11:53:13', 'CHROME');
INSERT INTO `visitor` VALUES ('293', '0:0:0:0:0:0:0:1', '2019-10-11 11:53:14', 'CHROME');
INSERT INTO `visitor` VALUES ('294', '0:0:0:0:0:0:0:1', '2019-10-11 11:53:14', 'CHROME');
INSERT INTO `visitor` VALUES ('295', '0:0:0:0:0:0:0:1', '2019-10-11 11:53:16', 'CHROME');
INSERT INTO `visitor` VALUES ('296', '0:0:0:0:0:0:0:1', '2019-10-11 11:53:16', 'CHROME');
INSERT INTO `visitor` VALUES ('297', '0:0:0:0:0:0:0:1', '2019-10-11 11:53:17', 'CHROME');
INSERT INTO `visitor` VALUES ('298', '0:0:0:0:0:0:0:1', '2019-10-11 11:53:17', 'CHROME');
INSERT INTO `visitor` VALUES ('299', '0:0:0:0:0:0:0:1', '2019-10-11 11:53:18', 'CHROME');
INSERT INTO `visitor` VALUES ('300', '0:0:0:0:0:0:0:1', '2019-10-11 11:53:25', 'CHROME');
INSERT INTO `visitor` VALUES ('301', '0:0:0:0:0:0:0:1', '2019-10-11 11:53:25', 'CHROME');
INSERT INTO `visitor` VALUES ('302', '0:0:0:0:0:0:0:1', '2019-10-11 11:53:28', 'CHROME');
INSERT INTO `visitor` VALUES ('303', '0:0:0:0:0:0:0:1', '2019-10-11 11:53:28', 'CHROME');
INSERT INTO `visitor` VALUES ('304', '0:0:0:0:0:0:0:1', '2019-10-11 11:53:28', 'CHROME');
INSERT INTO `visitor` VALUES ('305', '0:0:0:0:0:0:0:1', '2019-10-11 11:53:30', 'CHROME');
INSERT INTO `visitor` VALUES ('306', '0:0:0:0:0:0:0:1', '2019-10-11 11:53:30', 'CHROME');
INSERT INTO `visitor` VALUES ('307', '0:0:0:0:0:0:0:1', '2019-10-11 11:53:30', 'CHROME');
INSERT INTO `visitor` VALUES ('308', '0:0:0:0:0:0:0:1', '2019-10-11 11:53:30', 'CHROME');
INSERT INTO `visitor` VALUES ('309', '0:0:0:0:0:0:0:1', '2019-10-11 11:53:31', 'CHROME');
INSERT INTO `visitor` VALUES ('310', '0:0:0:0:0:0:0:1', '2019-10-11 11:53:32', 'CHROME');
INSERT INTO `visitor` VALUES ('311', '0:0:0:0:0:0:0:1', '2019-10-11 11:53:32', 'CHROME');
INSERT INTO `visitor` VALUES ('312', '0:0:0:0:0:0:0:1', '2019-10-11 11:54:20', 'CHROME');
INSERT INTO `visitor` VALUES ('313', '0:0:0:0:0:0:0:1', '2019-10-11 11:54:22', 'CHROME');
INSERT INTO `visitor` VALUES ('314', '0:0:0:0:0:0:0:1', '2019-10-11 11:54:53', 'CHROME');
INSERT INTO `visitor` VALUES ('315', '0:0:0:0:0:0:0:1', '2019-10-11 11:54:53', 'CHROME');
INSERT INTO `visitor` VALUES ('316', '0:0:0:0:0:0:0:1', '2019-10-11 11:54:54', 'CHROME');
INSERT INTO `visitor` VALUES ('317', '0:0:0:0:0:0:0:1', '2019-10-11 11:54:54', 'CHROME');
INSERT INTO `visitor` VALUES ('318', '0:0:0:0:0:0:0:1', '2019-10-11 11:54:55', 'CHROME');
INSERT INTO `visitor` VALUES ('319', '0:0:0:0:0:0:0:1', '2019-10-11 11:54:56', 'CHROME');
INSERT INTO `visitor` VALUES ('320', '0:0:0:0:0:0:0:1', '2019-10-11 11:54:57', 'CHROME');
INSERT INTO `visitor` VALUES ('321', '0:0:0:0:0:0:0:1', '2019-10-11 11:55:00', 'CHROME');
INSERT INTO `visitor` VALUES ('322', '0:0:0:0:0:0:0:1', '2019-10-11 11:55:01', 'CHROME');
INSERT INTO `visitor` VALUES ('323', '0:0:0:0:0:0:0:1', '2019-10-11 11:55:01', 'CHROME');
INSERT INTO `visitor` VALUES ('324', '0:0:0:0:0:0:0:1', '2019-10-11 11:55:01', 'CHROME');
INSERT INTO `visitor` VALUES ('325', '0:0:0:0:0:0:0:1', '2019-10-11 12:03:32', 'CHROME');
INSERT INTO `visitor` VALUES ('326', '0:0:0:0:0:0:0:1', '2019-10-11 12:03:34', 'CHROME');
INSERT INTO `visitor` VALUES ('327', '0:0:0:0:0:0:0:1', '2019-10-11 12:03:34', 'CHROME');
INSERT INTO `visitor` VALUES ('328', '0:0:0:0:0:0:0:1', '2019-10-11 12:03:36', 'CHROME');
INSERT INTO `visitor` VALUES ('329', '0:0:0:0:0:0:0:1', '2019-10-11 12:03:37', 'CHROME');
INSERT INTO `visitor` VALUES ('330', '0:0:0:0:0:0:0:1', '2019-10-11 12:03:38', 'CHROME');
INSERT INTO `visitor` VALUES ('331', '0:0:0:0:0:0:0:1', '2019-10-11 12:03:38', 'CHROME');
INSERT INTO `visitor` VALUES ('332', '0:0:0:0:0:0:0:1', '2019-10-11 12:03:41', 'CHROME');
INSERT INTO `visitor` VALUES ('333', '0:0:0:0:0:0:0:1', '2019-10-11 12:03:41', 'CHROME');
INSERT INTO `visitor` VALUES ('334', '0:0:0:0:0:0:0:1', '2019-10-11 12:03:41', 'CHROME');
INSERT INTO `visitor` VALUES ('335', '0:0:0:0:0:0:0:1', '2019-10-11 12:03:41', 'CHROME');
INSERT INTO `visitor` VALUES ('336', '0:0:0:0:0:0:0:1', '2019-10-11 12:03:42', 'CHROME');
INSERT INTO `visitor` VALUES ('337', '0:0:0:0:0:0:0:1', '2019-10-11 12:03:42', 'CHROME');
INSERT INTO `visitor` VALUES ('338', '0:0:0:0:0:0:0:1', '2019-10-11 12:05:37', 'CHROME');
INSERT INTO `visitor` VALUES ('339', '0:0:0:0:0:0:0:1', '2019-10-11 12:05:37', 'CHROME');
INSERT INTO `visitor` VALUES ('340', '0:0:0:0:0:0:0:1', '2019-10-11 12:05:37', 'CHROME');
INSERT INTO `visitor` VALUES ('341', '0:0:0:0:0:0:0:1', '2019-10-11 12:05:37', 'CHROME');
INSERT INTO `visitor` VALUES ('342', '0:0:0:0:0:0:0:1', '2019-10-11 12:05:38', 'CHROME');
INSERT INTO `visitor` VALUES ('343', '0:0:0:0:0:0:0:1', '2019-10-11 12:05:38', 'CHROME');
INSERT INTO `visitor` VALUES ('344', '0:0:0:0:0:0:0:1', '2019-10-11 12:05:39', 'CHROME');
INSERT INTO `visitor` VALUES ('345', '0:0:0:0:0:0:0:1', '2019-10-11 12:05:39', 'CHROME');
INSERT INTO `visitor` VALUES ('346', '0:0:0:0:0:0:0:1', '2019-10-11 12:05:47', 'CHROME');
INSERT INTO `visitor` VALUES ('347', '0:0:0:0:0:0:0:1', '2019-10-11 12:05:48', 'CHROME');
INSERT INTO `visitor` VALUES ('348', '0:0:0:0:0:0:0:1', '2019-10-11 12:05:49', 'CHROME');
INSERT INTO `visitor` VALUES ('349', '0:0:0:0:0:0:0:1', '2019-10-11 12:05:49', 'CHROME');
INSERT INTO `visitor` VALUES ('350', '0:0:0:0:0:0:0:1', '2019-10-11 12:05:51', 'CHROME');
INSERT INTO `visitor` VALUES ('351', '0:0:0:0:0:0:0:1', '2019-10-11 12:05:51', 'CHROME');
INSERT INTO `visitor` VALUES ('352', '0:0:0:0:0:0:0:1', '2019-10-11 12:05:51', 'CHROME');
INSERT INTO `visitor` VALUES ('353', '0:0:0:0:0:0:0:1', '2019-10-11 12:06:26', 'CHROME');
INSERT INTO `visitor` VALUES ('354', '0:0:0:0:0:0:0:1', '2019-10-11 12:06:26', 'CHROME');
INSERT INTO `visitor` VALUES ('355', '0:0:0:0:0:0:0:1', '2019-10-11 12:07:47', 'CHROME');
INSERT INTO `visitor` VALUES ('356', '0:0:0:0:0:0:0:1', '2019-10-11 12:07:50', 'CHROME');
INSERT INTO `visitor` VALUES ('357', '0:0:0:0:0:0:0:1', '2019-10-11 12:07:51', 'CHROME');
INSERT INTO `visitor` VALUES ('358', '0:0:0:0:0:0:0:1', '2019-10-11 12:07:51', 'CHROME');
INSERT INTO `visitor` VALUES ('359', '0:0:0:0:0:0:0:1', '2019-10-11 12:07:52', 'CHROME');
INSERT INTO `visitor` VALUES ('360', '0:0:0:0:0:0:0:1', '2019-10-11 12:07:52', 'CHROME');
INSERT INTO `visitor` VALUES ('361', '0:0:0:0:0:0:0:1', '2019-10-11 12:07:53', 'CHROME');
INSERT INTO `visitor` VALUES ('362', '0:0:0:0:0:0:0:1', '2019-10-11 12:07:54', 'CHROME');
INSERT INTO `visitor` VALUES ('363', '0:0:0:0:0:0:0:1', '2019-10-11 12:07:54', 'CHROME');
INSERT INTO `visitor` VALUES ('364', '0:0:0:0:0:0:0:1', '2019-10-11 12:07:56', 'CHROME');
INSERT INTO `visitor` VALUES ('365', '0:0:0:0:0:0:0:1', '2019-10-11 12:07:56', 'CHROME');
INSERT INTO `visitor` VALUES ('366', '0:0:0:0:0:0:0:1', '2019-10-11 12:08:04', 'CHROME');
INSERT INTO `visitor` VALUES ('367', '0:0:0:0:0:0:0:1', '2019-10-11 12:08:04', 'CHROME');
INSERT INTO `visitor` VALUES ('368', '0:0:0:0:0:0:0:1', '2019-10-11 12:08:06', 'CHROME');
INSERT INTO `visitor` VALUES ('369', '0:0:0:0:0:0:0:1', '2019-10-11 12:08:07', 'CHROME');
INSERT INTO `visitor` VALUES ('370', '0:0:0:0:0:0:0:1', '2019-10-11 12:08:08', 'CHROME');
INSERT INTO `visitor` VALUES ('371', '0:0:0:0:0:0:0:1', '2019-10-11 12:08:09', 'CHROME');
INSERT INTO `visitor` VALUES ('372', '0:0:0:0:0:0:0:1', '2019-10-11 12:08:09', 'CHROME');
INSERT INTO `visitor` VALUES ('373', '0:0:0:0:0:0:0:1', '2019-10-11 12:08:10', 'CHROME');
INSERT INTO `visitor` VALUES ('374', '0:0:0:0:0:0:0:1', '2019-10-11 12:08:10', 'CHROME');
INSERT INTO `visitor` VALUES ('375', '0:0:0:0:0:0:0:1', '2019-10-11 12:08:11', 'CHROME');
INSERT INTO `visitor` VALUES ('376', '0:0:0:0:0:0:0:1', '2019-10-11 12:08:11', 'CHROME');
INSERT INTO `visitor` VALUES ('377', '0:0:0:0:0:0:0:1', '2019-10-11 12:08:12', 'CHROME');
INSERT INTO `visitor` VALUES ('378', '0:0:0:0:0:0:0:1', '2019-10-11 12:08:12', 'CHROME');
INSERT INTO `visitor` VALUES ('379', '0:0:0:0:0:0:0:1', '2019-10-11 12:08:24', 'CHROME');
INSERT INTO `visitor` VALUES ('380', '0:0:0:0:0:0:0:1', '2019-10-11 12:08:27', 'CHROME');
INSERT INTO `visitor` VALUES ('381', '0:0:0:0:0:0:0:1', '2019-10-11 12:08:28', 'CHROME');
INSERT INTO `visitor` VALUES ('382', '0:0:0:0:0:0:0:1', '2019-10-11 12:08:28', 'CHROME');
INSERT INTO `visitor` VALUES ('383', '0:0:0:0:0:0:0:1', '2019-10-11 12:08:31', 'CHROME');
INSERT INTO `visitor` VALUES ('384', '0:0:0:0:0:0:0:1', '2019-10-11 12:08:32', 'CHROME');
INSERT INTO `visitor` VALUES ('385', '0:0:0:0:0:0:0:1', '2019-10-11 12:08:32', 'CHROME');
INSERT INTO `visitor` VALUES ('386', '0:0:0:0:0:0:0:1', '2019-10-11 12:08:33', 'CHROME');
INSERT INTO `visitor` VALUES ('387', '0:0:0:0:0:0:0:1', '2019-10-11 12:08:34', 'CHROME');
INSERT INTO `visitor` VALUES ('388', '0:0:0:0:0:0:0:1', '2019-10-11 12:08:34', 'CHROME');
INSERT INTO `visitor` VALUES ('389', '0:0:0:0:0:0:0:1', '2019-10-11 12:11:44', 'CHROME');
INSERT INTO `visitor` VALUES ('390', '0:0:0:0:0:0:0:1', '2019-10-11 12:11:45', 'CHROME');
INSERT INTO `visitor` VALUES ('391', '0:0:0:0:0:0:0:1', '2019-10-11 12:11:45', 'CHROME');
INSERT INTO `visitor` VALUES ('392', '0:0:0:0:0:0:0:1', '2019-10-11 12:11:46', 'CHROME');
INSERT INTO `visitor` VALUES ('393', '0:0:0:0:0:0:0:1', '2019-10-11 12:11:46', 'CHROME');
INSERT INTO `visitor` VALUES ('394', '0:0:0:0:0:0:0:1', '2019-10-11 12:11:47', 'CHROME');
INSERT INTO `visitor` VALUES ('395', '0:0:0:0:0:0:0:1', '2019-10-11 12:11:47', 'CHROME');
INSERT INTO `visitor` VALUES ('396', '0:0:0:0:0:0:0:1', '2019-10-11 12:11:48', 'CHROME');
INSERT INTO `visitor` VALUES ('397', '0:0:0:0:0:0:0:1', '2019-10-11 12:11:49', 'CHROME');
INSERT INTO `visitor` VALUES ('398', '0:0:0:0:0:0:0:1', '2019-10-11 12:11:49', 'CHROME');
INSERT INTO `visitor` VALUES ('399', '0:0:0:0:0:0:0:1', '2019-10-11 12:11:50', 'CHROME');
INSERT INTO `visitor` VALUES ('400', '0:0:0:0:0:0:0:1', '2019-10-11 12:11:50', 'CHROME');
INSERT INTO `visitor` VALUES ('401', '0:0:0:0:0:0:0:1', '2019-10-11 12:11:52', 'CHROME');
INSERT INTO `visitor` VALUES ('402', '0:0:0:0:0:0:0:1', '2019-10-11 12:11:52', 'CHROME');
INSERT INTO `visitor` VALUES ('403', '0:0:0:0:0:0:0:1', '2019-10-11 12:11:53', 'CHROME');
INSERT INTO `visitor` VALUES ('404', '0:0:0:0:0:0:0:1', '2019-10-11 12:11:53', 'CHROME');
INSERT INTO `visitor` VALUES ('405', '0:0:0:0:0:0:0:1', '2019-10-11 12:11:53', 'CHROME');
INSERT INTO `visitor` VALUES ('406', '0:0:0:0:0:0:0:1', '2019-10-11 12:11:55', 'CHROME');
INSERT INTO `visitor` VALUES ('407', '0:0:0:0:0:0:0:1', '2019-10-11 12:11:56', 'CHROME');
INSERT INTO `visitor` VALUES ('408', '0:0:0:0:0:0:0:1', '2019-10-11 12:11:56', 'CHROME');
INSERT INTO `visitor` VALUES ('409', '0:0:0:0:0:0:0:1', '2019-10-11 12:11:57', 'CHROME');
INSERT INTO `visitor` VALUES ('410', '0:0:0:0:0:0:0:1', '2019-10-11 12:11:57', 'CHROME');
INSERT INTO `visitor` VALUES ('411', '0:0:0:0:0:0:0:1', '2019-10-11 12:11:58', 'CHROME');
INSERT INTO `visitor` VALUES ('412', '0:0:0:0:0:0:0:1', '2019-10-11 12:11:59', 'CHROME');
INSERT INTO `visitor` VALUES ('413', '0:0:0:0:0:0:0:1', '2019-10-11 12:11:59', 'CHROME');
INSERT INTO `visitor` VALUES ('414', '0:0:0:0:0:0:0:1', '2019-10-11 12:12:01', 'CHROME');
INSERT INTO `visitor` VALUES ('415', '0:0:0:0:0:0:0:1', '2019-10-11 12:12:01', 'CHROME');
INSERT INTO `visitor` VALUES ('416', '0:0:0:0:0:0:0:1', '2019-10-11 12:13:43', 'CHROME');
INSERT INTO `visitor` VALUES ('417', '0:0:0:0:0:0:0:1', '2019-10-11 12:13:44', 'CHROME');
INSERT INTO `visitor` VALUES ('418', '0:0:0:0:0:0:0:1', '2019-10-11 12:13:44', 'CHROME');
INSERT INTO `visitor` VALUES ('419', '0:0:0:0:0:0:0:1', '2019-10-11 12:13:44', 'CHROME');
INSERT INTO `visitor` VALUES ('420', '0:0:0:0:0:0:0:1', '2019-10-11 12:13:45', 'CHROME');
INSERT INTO `visitor` VALUES ('421', '0:0:0:0:0:0:0:1', '2019-10-11 12:13:45', 'CHROME');
INSERT INTO `visitor` VALUES ('422', '0:0:0:0:0:0:0:1', '2019-10-11 12:13:46', 'CHROME');
INSERT INTO `visitor` VALUES ('423', '0:0:0:0:0:0:0:1', '2019-10-11 12:13:46', 'CHROME');
INSERT INTO `visitor` VALUES ('424', '0:0:0:0:0:0:0:1', '2019-10-11 12:13:46', 'CHROME');
INSERT INTO `visitor` VALUES ('425', '0:0:0:0:0:0:0:1', '2019-10-11 12:13:46', 'CHROME');
INSERT INTO `visitor` VALUES ('426', '0:0:0:0:0:0:0:1', '2019-10-11 12:13:47', 'CHROME');
INSERT INTO `visitor` VALUES ('427', '0:0:0:0:0:0:0:1', '2019-10-11 12:13:47', 'CHROME');
INSERT INTO `visitor` VALUES ('428', '0:0:0:0:0:0:0:1', '2019-10-11 12:13:47', 'CHROME');
INSERT INTO `visitor` VALUES ('429', '0:0:0:0:0:0:0:1', '2019-10-11 12:13:48', 'CHROME');
INSERT INTO `visitor` VALUES ('430', '0:0:0:0:0:0:0:1', '2019-10-11 12:13:48', 'CHROME');
INSERT INTO `visitor` VALUES ('431', '0:0:0:0:0:0:0:1', '2019-10-11 12:13:49', 'CHROME');
INSERT INTO `visitor` VALUES ('432', '0:0:0:0:0:0:0:1', '2019-10-11 12:13:49', 'CHROME');
INSERT INTO `visitor` VALUES ('433', '0:0:0:0:0:0:0:1', '2019-10-11 12:13:49', 'CHROME');
INSERT INTO `visitor` VALUES ('434', '0:0:0:0:0:0:0:1', '2019-10-11 12:13:50', 'CHROME');
INSERT INTO `visitor` VALUES ('435', '0:0:0:0:0:0:0:1', '2019-10-11 12:13:50', 'CHROME');
INSERT INTO `visitor` VALUES ('436', '0:0:0:0:0:0:0:1', '2019-10-11 12:13:51', 'CHROME');
INSERT INTO `visitor` VALUES ('437', '0:0:0:0:0:0:0:1', '2019-10-11 12:19:37', 'CHROME');
INSERT INTO `visitor` VALUES ('438', '0:0:0:0:0:0:0:1', '2019-10-11 12:19:37', 'CHROME');
INSERT INTO `visitor` VALUES ('439', '0:0:0:0:0:0:0:1', '2019-10-11 12:19:38', 'CHROME');
INSERT INTO `visitor` VALUES ('440', '0:0:0:0:0:0:0:1', '2019-10-11 12:19:38', 'CHROME');
INSERT INTO `visitor` VALUES ('441', '0:0:0:0:0:0:0:1', '2019-10-11 12:19:39', 'CHROME');
INSERT INTO `visitor` VALUES ('442', '0:0:0:0:0:0:0:1', '2019-10-11 12:19:39', 'CHROME');
INSERT INTO `visitor` VALUES ('443', '0:0:0:0:0:0:0:1', '2019-10-11 12:19:40', 'CHROME');
INSERT INTO `visitor` VALUES ('444', '0:0:0:0:0:0:0:1', '2019-10-11 12:19:40', 'CHROME');
INSERT INTO `visitor` VALUES ('445', '0:0:0:0:0:0:0:1', '2019-10-11 12:19:41', 'CHROME');
INSERT INTO `visitor` VALUES ('446', '0:0:0:0:0:0:0:1', '2019-10-11 12:19:41', 'CHROME');
INSERT INTO `visitor` VALUES ('447', '0:0:0:0:0:0:0:1', '2019-10-11 12:19:41', 'CHROME');
INSERT INTO `visitor` VALUES ('448', '0:0:0:0:0:0:0:1', '2019-10-11 12:19:42', 'CHROME');
INSERT INTO `visitor` VALUES ('449', '0:0:0:0:0:0:0:1', '2019-10-11 12:19:43', 'CHROME');
INSERT INTO `visitor` VALUES ('450', '0:0:0:0:0:0:0:1', '2019-10-11 12:19:46', 'CHROME');
INSERT INTO `visitor` VALUES ('451', '0:0:0:0:0:0:0:1', '2019-10-11 12:19:46', 'CHROME');
INSERT INTO `visitor` VALUES ('452', '0:0:0:0:0:0:0:1', '2019-10-11 12:19:47', 'CHROME');
INSERT INTO `visitor` VALUES ('453', '0:0:0:0:0:0:0:1', '2019-10-11 12:19:47', 'CHROME');
INSERT INTO `visitor` VALUES ('454', '0:0:0:0:0:0:0:1', '2019-10-11 12:19:48', 'CHROME');
INSERT INTO `visitor` VALUES ('455', '0:0:0:0:0:0:0:1', '2019-10-11 12:19:48', 'CHROME');
INSERT INTO `visitor` VALUES ('456', '0:0:0:0:0:0:0:1', '2019-10-11 12:19:49', 'CHROME');
INSERT INTO `visitor` VALUES ('457', '0:0:0:0:0:0:0:1', '2019-10-11 12:19:51', 'CHROME');
INSERT INTO `visitor` VALUES ('458', '0:0:0:0:0:0:0:1', '2019-10-11 12:20:18', 'CHROME');
INSERT INTO `visitor` VALUES ('459', '0:0:0:0:0:0:0:1', '2019-10-11 12:20:54', 'CHROME');
INSERT INTO `visitor` VALUES ('460', '0:0:0:0:0:0:0:1', '2019-10-11 12:20:57', 'CHROME');
INSERT INTO `visitor` VALUES ('461', '0:0:0:0:0:0:0:1', '2019-10-11 12:21:55', 'CHROME');
INSERT INTO `visitor` VALUES ('462', '0:0:0:0:0:0:0:1', '2019-10-11 12:22:16', 'CHROME');
INSERT INTO `visitor` VALUES ('463', '0:0:0:0:0:0:0:1', '2019-10-11 12:22:38', 'CHROME');
INSERT INTO `visitor` VALUES ('464', '0:0:0:0:0:0:0:1', '2019-10-11 12:22:41', 'CHROME');
INSERT INTO `visitor` VALUES ('465', '0:0:0:0:0:0:0:1', '2019-10-11 12:22:46', 'CHROME');
INSERT INTO `visitor` VALUES ('466', '0:0:0:0:0:0:0:1', '2019-10-11 12:22:47', 'CHROME');
INSERT INTO `visitor` VALUES ('467', '0:0:0:0:0:0:0:1', '2019-10-11 12:22:47', 'CHROME');
INSERT INTO `visitor` VALUES ('468', '0:0:0:0:0:0:0:1', '2019-10-11 12:22:48', 'CHROME');
INSERT INTO `visitor` VALUES ('469', '0:0:0:0:0:0:0:1', '2019-10-11 12:22:48', 'CHROME');
INSERT INTO `visitor` VALUES ('470', '0:0:0:0:0:0:0:1', '2019-10-11 12:23:07', 'CHROME');
INSERT INTO `visitor` VALUES ('471', '0:0:0:0:0:0:0:1', '2019-10-11 12:23:08', 'CHROME');
INSERT INTO `visitor` VALUES ('472', '0:0:0:0:0:0:0:1', '2019-10-11 12:23:20', 'CHROME');
INSERT INTO `visitor` VALUES ('473', '0:0:0:0:0:0:0:1', '2019-10-11 12:23:29', 'CHROME');
INSERT INTO `visitor` VALUES ('474', '0:0:0:0:0:0:0:1', '2019-10-11 12:23:31', 'CHROME');
INSERT INTO `visitor` VALUES ('475', '0:0:0:0:0:0:0:1', '2019-10-11 12:23:31', 'CHROME');
INSERT INTO `visitor` VALUES ('476', '0:0:0:0:0:0:0:1', '2019-10-11 12:23:32', 'CHROME');
INSERT INTO `visitor` VALUES ('477', '0:0:0:0:0:0:0:1', '2019-10-11 12:23:32', 'CHROME');
INSERT INTO `visitor` VALUES ('478', '0:0:0:0:0:0:0:1', '2019-10-11 12:23:33', 'CHROME');
INSERT INTO `visitor` VALUES ('479', '0:0:0:0:0:0:0:1', '2019-10-11 12:23:33', 'CHROME');
INSERT INTO `visitor` VALUES ('480', '0:0:0:0:0:0:0:1', '2019-10-11 12:23:34', 'CHROME');
INSERT INTO `visitor` VALUES ('481', '0:0:0:0:0:0:0:1', '2019-10-11 12:23:34', 'CHROME');
INSERT INTO `visitor` VALUES ('482', '0:0:0:0:0:0:0:1', '2019-10-11 12:23:34', 'CHROME');
INSERT INTO `visitor` VALUES ('483', '0:0:0:0:0:0:0:1', '2019-10-11 12:23:35', 'CHROME');
INSERT INTO `visitor` VALUES ('484', '0:0:0:0:0:0:0:1', '2019-10-11 12:32:34', 'CHROME');
INSERT INTO `visitor` VALUES ('485', '0:0:0:0:0:0:0:1', '2019-10-11 12:32:37', 'CHROME');
INSERT INTO `visitor` VALUES ('486', '0:0:0:0:0:0:0:1', '2019-10-11 12:32:49', 'CHROME');
INSERT INTO `visitor` VALUES ('487', '0:0:0:0:0:0:0:1', '2019-10-11 13:26:41', 'CHROME');
INSERT INTO `visitor` VALUES ('488', '0:0:0:0:0:0:0:1', '2019-10-11 14:19:42', 'CHROME');
INSERT INTO `visitor` VALUES ('489', '0:0:0:0:0:0:0:1', '2019-10-11 14:19:50', 'CHROME');
INSERT INTO `visitor` VALUES ('490', '0:0:0:0:0:0:0:1', '2019-10-11 14:19:52', 'CHROME');
INSERT INTO `visitor` VALUES ('491', '0:0:0:0:0:0:0:1', '2019-10-11 14:21:47', 'CHROME');
INSERT INTO `visitor` VALUES ('492', '0:0:0:0:0:0:0:1', '2019-10-11 14:22:14', 'CHROME');
INSERT INTO `visitor` VALUES ('493', '0:0:0:0:0:0:0:1', '2019-10-11 14:22:15', 'CHROME');
INSERT INTO `visitor` VALUES ('494', '0:0:0:0:0:0:0:1', '2019-10-11 14:22:52', 'CHROME');
INSERT INTO `visitor` VALUES ('495', '0:0:0:0:0:0:0:1', '2019-10-11 14:26:09', 'CHROME');
INSERT INTO `visitor` VALUES ('496', '0:0:0:0:0:0:0:1', '2019-10-11 14:26:10', 'CHROME');
INSERT INTO `visitor` VALUES ('497', '0:0:0:0:0:0:0:1', '2019-10-11 14:26:16', 'CHROME');
INSERT INTO `visitor` VALUES ('498', '0:0:0:0:0:0:0:1', '2019-10-11 14:26:17', 'CHROME');
INSERT INTO `visitor` VALUES ('499', '0:0:0:0:0:0:0:1', '2019-10-11 14:26:37', 'CHROME');
INSERT INTO `visitor` VALUES ('500', '0:0:0:0:0:0:0:1', '2019-10-11 14:27:35', 'CHROME');
INSERT INTO `visitor` VALUES ('501', '0:0:0:0:0:0:0:1', '2019-10-11 14:28:55', 'CHROME');
INSERT INTO `visitor` VALUES ('502', '0:0:0:0:0:0:0:1', '2019-10-11 14:29:47', 'CHROME');
INSERT INTO `visitor` VALUES ('503', '0:0:0:0:0:0:0:1', '2019-10-11 14:33:47', 'CHROME');
INSERT INTO `visitor` VALUES ('504', '0:0:0:0:0:0:0:1', '2019-10-11 14:33:48', 'CHROME');
INSERT INTO `visitor` VALUES ('505', '0:0:0:0:0:0:0:1', '2019-10-11 14:47:57', 'CHROME');
INSERT INTO `visitor` VALUES ('506', '0:0:0:0:0:0:0:1', '2019-10-11 14:47:59', 'CHROME');
INSERT INTO `visitor` VALUES ('507', '0:0:0:0:0:0:0:1', '2019-10-11 14:47:59', 'CHROME');
INSERT INTO `visitor` VALUES ('508', '0:0:0:0:0:0:0:1', '2019-10-11 14:48:00', 'CHROME');
INSERT INTO `visitor` VALUES ('509', '0:0:0:0:0:0:0:1', '2019-10-11 14:48:00', 'CHROME');
INSERT INTO `visitor` VALUES ('510', '0:0:0:0:0:0:0:1', '2019-10-11 14:48:01', 'CHROME');
INSERT INTO `visitor` VALUES ('511', '0:0:0:0:0:0:0:1', '2019-10-11 14:48:01', 'CHROME');
INSERT INTO `visitor` VALUES ('512', '0:0:0:0:0:0:0:1', '2019-10-11 14:48:02', 'CHROME');
INSERT INTO `visitor` VALUES ('513', '0:0:0:0:0:0:0:1', '2019-10-11 14:48:02', 'CHROME');
INSERT INTO `visitor` VALUES ('514', '0:0:0:0:0:0:0:1', '2019-10-11 14:48:03', 'CHROME');
INSERT INTO `visitor` VALUES ('515', '0:0:0:0:0:0:0:1', '2019-10-11 14:48:03', 'CHROME');
INSERT INTO `visitor` VALUES ('516', '0:0:0:0:0:0:0:1', '2019-10-11 14:48:03', 'CHROME');
INSERT INTO `visitor` VALUES ('517', '0:0:0:0:0:0:0:1', '2019-10-11 14:48:04', 'CHROME');
INSERT INTO `visitor` VALUES ('518', '0:0:0:0:0:0:0:1', '2019-10-11 14:48:05', 'CHROME');
INSERT INTO `visitor` VALUES ('519', '0:0:0:0:0:0:0:1', '2019-10-11 14:48:06', 'CHROME');
INSERT INTO `visitor` VALUES ('520', '0:0:0:0:0:0:0:1', '2019-10-11 14:48:06', 'CHROME');
INSERT INTO `visitor` VALUES ('521', '0:0:0:0:0:0:0:1', '2019-10-11 14:48:07', 'CHROME');
INSERT INTO `visitor` VALUES ('522', '0:0:0:0:0:0:0:1', '2019-10-11 14:48:07', 'CHROME');
INSERT INTO `visitor` VALUES ('523', '0:0:0:0:0:0:0:1', '2019-10-11 14:48:08', 'CHROME');
INSERT INTO `visitor` VALUES ('524', '0:0:0:0:0:0:0:1', '2019-10-11 14:48:08', 'CHROME');
INSERT INTO `visitor` VALUES ('525', '0:0:0:0:0:0:0:1', '2019-10-11 14:48:11', 'CHROME');
INSERT INTO `visitor` VALUES ('526', '0:0:0:0:0:0:0:1', '2019-10-11 14:48:11', 'CHROME');
INSERT INTO `visitor` VALUES ('527', '0:0:0:0:0:0:0:1', '2019-10-11 14:48:13', 'CHROME');
INSERT INTO `visitor` VALUES ('528', '0:0:0:0:0:0:0:1', '2019-10-11 14:48:16', 'CHROME');
INSERT INTO `visitor` VALUES ('529', '0:0:0:0:0:0:0:1', '2019-10-11 14:48:17', 'CHROME');
INSERT INTO `visitor` VALUES ('530', '0:0:0:0:0:0:0:1', '2019-10-11 14:48:17', 'CHROME');
INSERT INTO `visitor` VALUES ('531', '0:0:0:0:0:0:0:1', '2019-10-11 14:48:20', 'CHROME');
INSERT INTO `visitor` VALUES ('532', '0:0:0:0:0:0:0:1', '2019-10-11 15:08:24', 'CHROME');
INSERT INTO `visitor` VALUES ('533', '0:0:0:0:0:0:0:1', '2019-10-11 15:08:39', 'CHROME');
INSERT INTO `visitor` VALUES ('534', '0:0:0:0:0:0:0:1', '2019-10-11 15:08:46', 'CHROME');
INSERT INTO `visitor` VALUES ('535', '0:0:0:0:0:0:0:1', '2019-10-11 15:08:49', 'CHROME');
INSERT INTO `visitor` VALUES ('536', '0:0:0:0:0:0:0:1', '2019-10-11 15:08:51', 'CHROME');
INSERT INTO `visitor` VALUES ('537', '0:0:0:0:0:0:0:1', '2019-10-11 15:08:53', 'CHROME');
INSERT INTO `visitor` VALUES ('538', '0:0:0:0:0:0:0:1', '2019-10-11 15:08:59', 'CHROME');
INSERT INTO `visitor` VALUES ('539', '0:0:0:0:0:0:0:1', '2019-10-11 15:09:02', 'CHROME');
INSERT INTO `visitor` VALUES ('540', '0:0:0:0:0:0:0:1', '2019-10-11 15:43:11', 'CHROME');
INSERT INTO `visitor` VALUES ('541', '0:0:0:0:0:0:0:1', '2019-10-11 15:43:14', 'CHROME');
INSERT INTO `visitor` VALUES ('542', '0:0:0:0:0:0:0:1', '2019-10-11 15:43:18', 'CHROME');
INSERT INTO `visitor` VALUES ('543', '0:0:0:0:0:0:0:1', '2019-10-11 15:43:22', 'CHROME');
INSERT INTO `visitor` VALUES ('544', '0:0:0:0:0:0:0:1', '2019-10-11 15:43:23', 'CHROME');
INSERT INTO `visitor` VALUES ('545', '0:0:0:0:0:0:0:1', '2019-10-11 15:43:51', 'CHROME');
INSERT INTO `visitor` VALUES ('546', '0:0:0:0:0:0:0:1', '2019-10-11 15:43:51', 'CHROME');
INSERT INTO `visitor` VALUES ('547', '0:0:0:0:0:0:0:1', '2019-10-11 15:43:54', 'CHROME');
INSERT INTO `visitor` VALUES ('548', '0:0:0:0:0:0:0:1', '2019-10-11 15:43:55', 'CHROME');
INSERT INTO `visitor` VALUES ('549', '0:0:0:0:0:0:0:1', '2019-10-11 15:44:06', 'CHROME');
INSERT INTO `visitor` VALUES ('550', '0:0:0:0:0:0:0:1', '2019-10-11 15:44:08', 'CHROME');
INSERT INTO `visitor` VALUES ('551', '0:0:0:0:0:0:0:1', '2019-10-11 15:44:10', 'CHROME');
INSERT INTO `visitor` VALUES ('552', '0:0:0:0:0:0:0:1', '2019-10-11 15:44:12', 'CHROME');
INSERT INTO `visitor` VALUES ('553', '0:0:0:0:0:0:0:1', '2019-10-11 15:44:12', 'CHROME');
INSERT INTO `visitor` VALUES ('554', '0:0:0:0:0:0:0:1', '2019-10-11 15:44:13', 'CHROME');
INSERT INTO `visitor` VALUES ('555', '0:0:0:0:0:0:0:1', '2019-10-11 15:44:14', 'CHROME');
INSERT INTO `visitor` VALUES ('556', '0:0:0:0:0:0:0:1', '2019-10-11 15:44:37', 'CHROME');
INSERT INTO `visitor` VALUES ('557', '0:0:0:0:0:0:0:1', '2019-10-11 15:44:37', 'CHROME');
INSERT INTO `visitor` VALUES ('558', '0:0:0:0:0:0:0:1', '2019-10-11 15:44:38', 'CHROME');
INSERT INTO `visitor` VALUES ('559', '0:0:0:0:0:0:0:1', '2019-10-11 15:44:45', 'CHROME');
INSERT INTO `visitor` VALUES ('560', '0:0:0:0:0:0:0:1', '2019-10-11 15:44:47', 'CHROME');
INSERT INTO `visitor` VALUES ('561', '0:0:0:0:0:0:0:1', '2019-10-11 15:44:48', 'CHROME');
INSERT INTO `visitor` VALUES ('562', '0:0:0:0:0:0:0:1', '2019-10-11 15:44:51', 'CHROME');
INSERT INTO `visitor` VALUES ('563', '0:0:0:0:0:0:0:1', '2019-10-11 15:52:42', 'CHROME');
INSERT INTO `visitor` VALUES ('564', '0:0:0:0:0:0:0:1', '2019-10-11 15:52:48', 'CHROME');
INSERT INTO `visitor` VALUES ('565', '0:0:0:0:0:0:0:1', '2019-10-11 15:52:49', 'CHROME');
INSERT INTO `visitor` VALUES ('566', '0:0:0:0:0:0:0:1', '2019-10-11 15:52:59', 'CHROME');
INSERT INTO `visitor` VALUES ('567', '0:0:0:0:0:0:0:1', '2019-10-11 15:52:59', 'CHROME');
INSERT INTO `visitor` VALUES ('568', '0:0:0:0:0:0:0:1', '2019-10-11 15:53:00', 'CHROME');
INSERT INTO `visitor` VALUES ('569', '0:0:0:0:0:0:0:1', '2019-10-11 15:53:05', 'CHROME');
INSERT INTO `visitor` VALUES ('570', '0:0:0:0:0:0:0:1', '2019-10-11 15:53:07', 'CHROME');
INSERT INTO `visitor` VALUES ('571', '0:0:0:0:0:0:0:1', '2019-10-11 15:53:09', 'CHROME');
INSERT INTO `visitor` VALUES ('572', '0:0:0:0:0:0:0:1', '2019-10-11 15:53:31', 'CHROME');
INSERT INTO `visitor` VALUES ('573', '0:0:0:0:0:0:0:1', '2019-10-11 15:53:31', 'CHROME');
INSERT INTO `visitor` VALUES ('574', '0:0:0:0:0:0:0:1', '2019-10-11 15:59:51', 'CHROME');
INSERT INTO `visitor` VALUES ('575', '0:0:0:0:0:0:0:1', '2019-10-11 15:59:56', 'CHROME');
INSERT INTO `visitor` VALUES ('576', '0:0:0:0:0:0:0:1', '2019-10-11 15:59:58', 'CHROME');
INSERT INTO `visitor` VALUES ('577', '0:0:0:0:0:0:0:1', '2019-10-11 15:59:59', 'CHROME');
INSERT INTO `visitor` VALUES ('578', '0:0:0:0:0:0:0:1', '2019-10-11 16:00:00', 'CHROME');
INSERT INTO `visitor` VALUES ('579', '0:0:0:0:0:0:0:1', '2019-10-11 16:00:01', 'CHROME');
INSERT INTO `visitor` VALUES ('580', '0:0:0:0:0:0:0:1', '2019-10-11 16:00:10', 'CHROME');
INSERT INTO `visitor` VALUES ('581', '0:0:0:0:0:0:0:1', '2019-10-11 16:00:11', 'CHROME');
INSERT INTO `visitor` VALUES ('582', '0:0:0:0:0:0:0:1', '2019-10-11 16:01:18', 'CHROME');
INSERT INTO `visitor` VALUES ('583', '0:0:0:0:0:0:0:1', '2019-10-11 16:01:18', 'CHROME');
INSERT INTO `visitor` VALUES ('584', '0:0:0:0:0:0:0:1', '2019-10-11 16:01:19', 'CHROME');
INSERT INTO `visitor` VALUES ('585', '0:0:0:0:0:0:0:1', '2019-10-11 16:01:20', 'CHROME');
INSERT INTO `visitor` VALUES ('586', '0:0:0:0:0:0:0:1', '2019-10-11 16:01:20', 'CHROME');
INSERT INTO `visitor` VALUES ('587', '0:0:0:0:0:0:0:1', '2019-10-11 16:01:21', 'CHROME');
INSERT INTO `visitor` VALUES ('588', '0:0:0:0:0:0:0:1', '2019-10-11 16:01:22', 'CHROME');
INSERT INTO `visitor` VALUES ('589', '0:0:0:0:0:0:0:1', '2019-10-11 16:01:23', 'CHROME');
INSERT INTO `visitor` VALUES ('590', '0:0:0:0:0:0:0:1', '2019-10-11 16:01:23', 'CHROME');
INSERT INTO `visitor` VALUES ('591', '0:0:0:0:0:0:0:1', '2019-10-11 16:01:24', 'CHROME');
INSERT INTO `visitor` VALUES ('592', '0:0:0:0:0:0:0:1', '2019-10-11 16:01:24', 'CHROME');
INSERT INTO `visitor` VALUES ('593', '0:0:0:0:0:0:0:1', '2019-10-11 16:01:25', 'CHROME');
INSERT INTO `visitor` VALUES ('594', '0:0:0:0:0:0:0:1', '2019-10-11 16:01:26', 'CHROME');
INSERT INTO `visitor` VALUES ('595', '0:0:0:0:0:0:0:1', '2019-10-11 16:01:26', 'CHROME');
INSERT INTO `visitor` VALUES ('596', '0:0:0:0:0:0:0:1', '2019-10-11 16:01:27', 'CHROME');
INSERT INTO `visitor` VALUES ('597', '0:0:0:0:0:0:0:1', '2019-10-11 16:01:27', 'CHROME');
INSERT INTO `visitor` VALUES ('598', '0:0:0:0:0:0:0:1', '2019-10-11 16:01:28', 'CHROME');
INSERT INTO `visitor` VALUES ('599', '0:0:0:0:0:0:0:1', '2019-10-11 16:01:28', 'CHROME');
INSERT INTO `visitor` VALUES ('600', '0:0:0:0:0:0:0:1', '2019-10-11 16:01:29', 'CHROME');
INSERT INTO `visitor` VALUES ('601', '0:0:0:0:0:0:0:1', '2019-10-11 16:01:33', 'CHROME');
INSERT INTO `visitor` VALUES ('602', '0:0:0:0:0:0:0:1', '2019-10-11 16:01:46', 'CHROME');
INSERT INTO `visitor` VALUES ('603', '0:0:0:0:0:0:0:1', '2019-10-11 16:01:52', 'CHROME');
INSERT INTO `visitor` VALUES ('604', '0:0:0:0:0:0:0:1', '2019-10-11 16:01:54', 'CHROME');
INSERT INTO `visitor` VALUES ('605', '0:0:0:0:0:0:0:1', '2019-10-11 16:01:59', 'CHROME');
INSERT INTO `visitor` VALUES ('606', '0:0:0:0:0:0:0:1', '2019-10-11 16:06:30', 'CHROME');
INSERT INTO `visitor` VALUES ('607', '0:0:0:0:0:0:0:1', '2019-10-11 16:06:32', 'CHROME');
INSERT INTO `visitor` VALUES ('608', '0:0:0:0:0:0:0:1', '2019-10-11 16:08:00', 'CHROME');
INSERT INTO `visitor` VALUES ('609', '0:0:0:0:0:0:0:1', '2019-10-11 16:08:08', 'CHROME');
INSERT INTO `visitor` VALUES ('610', '0:0:0:0:0:0:0:1', '2019-10-11 16:09:02', 'CHROME');
INSERT INTO `visitor` VALUES ('611', '0:0:0:0:0:0:0:1', '2019-10-11 16:09:15', 'CHROME');
INSERT INTO `visitor` VALUES ('612', '0:0:0:0:0:0:0:1', '2019-10-11 16:09:43', 'CHROME');
INSERT INTO `visitor` VALUES ('613', '0:0:0:0:0:0:0:1', '2019-10-11 16:10:00', 'CHROME');
INSERT INTO `visitor` VALUES ('614', '0:0:0:0:0:0:0:1', '2019-10-11 16:10:41', 'CHROME');
INSERT INTO `visitor` VALUES ('615', '0:0:0:0:0:0:0:1', '2019-10-11 16:11:15', 'CHROME');
INSERT INTO `visitor` VALUES ('616', '0:0:0:0:0:0:0:1', '2019-10-11 16:11:52', 'CHROME');
INSERT INTO `visitor` VALUES ('617', '0:0:0:0:0:0:0:1', '2019-10-11 16:13:52', 'CHROME');
INSERT INTO `visitor` VALUES ('618', '0:0:0:0:0:0:0:1', '2019-10-11 16:14:01', 'CHROME');
INSERT INTO `visitor` VALUES ('619', '0:0:0:0:0:0:0:1', '2019-10-11 16:14:21', 'CHROME');
INSERT INTO `visitor` VALUES ('620', '0:0:0:0:0:0:0:1', '2019-10-11 16:14:44', 'CHROME');
INSERT INTO `visitor` VALUES ('621', '0:0:0:0:0:0:0:1', '2019-10-11 16:15:00', 'CHROME');
INSERT INTO `visitor` VALUES ('622', '0:0:0:0:0:0:0:1', '2019-10-11 16:15:14', 'CHROME');
INSERT INTO `visitor` VALUES ('623', '0:0:0:0:0:0:0:1', '2019-10-11 16:15:37', 'CHROME');
INSERT INTO `visitor` VALUES ('624', '0:0:0:0:0:0:0:1', '2019-10-11 16:15:45', 'CHROME');
INSERT INTO `visitor` VALUES ('625', '0:0:0:0:0:0:0:1', '2019-10-11 16:15:53', 'CHROME');
INSERT INTO `visitor` VALUES ('626', '0:0:0:0:0:0:0:1', '2019-10-11 16:16:48', 'CHROME');
INSERT INTO `visitor` VALUES ('627', '0:0:0:0:0:0:0:1', '2019-10-11 16:17:22', 'CHROME');
INSERT INTO `visitor` VALUES ('628', '0:0:0:0:0:0:0:1', '2019-10-11 16:17:37', 'CHROME');
INSERT INTO `visitor` VALUES ('629', '0:0:0:0:0:0:0:1', '2019-10-11 16:20:22', 'CHROME');
INSERT INTO `visitor` VALUES ('630', '0:0:0:0:0:0:0:1', '2019-10-11 16:21:33', 'CHROME');
INSERT INTO `visitor` VALUES ('631', '0:0:0:0:0:0:0:1', '2019-10-11 16:21:47', 'CHROME');
INSERT INTO `visitor` VALUES ('632', '0:0:0:0:0:0:0:1', '2019-10-11 16:22:27', 'CHROME');
INSERT INTO `visitor` VALUES ('633', '0:0:0:0:0:0:0:1', '2019-10-11 16:24:06', 'CHROME');
INSERT INTO `visitor` VALUES ('634', '0:0:0:0:0:0:0:1', '2019-10-11 16:24:08', 'CHROME');
INSERT INTO `visitor` VALUES ('635', '0:0:0:0:0:0:0:1', '2019-10-11 16:25:14', 'CHROME');
INSERT INTO `visitor` VALUES ('636', '0:0:0:0:0:0:0:1', '2019-10-11 16:25:42', 'CHROME');
INSERT INTO `visitor` VALUES ('637', '0:0:0:0:0:0:0:1', '2019-10-11 16:26:12', 'CHROME');
INSERT INTO `visitor` VALUES ('638', '0:0:0:0:0:0:0:1', '2019-10-11 16:26:21', 'CHROME');
INSERT INTO `visitor` VALUES ('639', '0:0:0:0:0:0:0:1', '2019-10-11 16:27:10', 'CHROME');
INSERT INTO `visitor` VALUES ('640', '0:0:0:0:0:0:0:1', '2019-10-11 16:27:59', 'CHROME');
INSERT INTO `visitor` VALUES ('641', '0:0:0:0:0:0:0:1', '2019-10-11 16:29:23', 'CHROME');
INSERT INTO `visitor` VALUES ('642', '0:0:0:0:0:0:0:1', '2019-10-11 16:29:24', 'CHROME');
INSERT INTO `visitor` VALUES ('643', '0:0:0:0:0:0:0:1', '2019-10-11 16:29:35', 'CHROME');
INSERT INTO `visitor` VALUES ('644', '0:0:0:0:0:0:0:1', '2019-10-11 16:30:12', 'CHROME');
INSERT INTO `visitor` VALUES ('645', '0:0:0:0:0:0:0:1', '2019-10-11 16:30:24', 'CHROME');
INSERT INTO `visitor` VALUES ('646', '0:0:0:0:0:0:0:1', '2019-10-11 16:30:52', 'CHROME');
INSERT INTO `visitor` VALUES ('647', '0:0:0:0:0:0:0:1', '2019-10-11 16:31:12', 'CHROME');
INSERT INTO `visitor` VALUES ('648', '0:0:0:0:0:0:0:1', '2019-10-11 16:31:14', 'CHROME');
INSERT INTO `visitor` VALUES ('649', '0:0:0:0:0:0:0:1', '2019-10-11 16:31:26', 'CHROME');
INSERT INTO `visitor` VALUES ('650', '0:0:0:0:0:0:0:1', '2019-10-11 16:31:27', 'CHROME');
INSERT INTO `visitor` VALUES ('651', '0:0:0:0:0:0:0:1', '2019-10-11 16:31:28', 'CHROME');
INSERT INTO `visitor` VALUES ('652', '0:0:0:0:0:0:0:1', '2019-10-11 16:31:28', 'CHROME');
INSERT INTO `visitor` VALUES ('653', '0:0:0:0:0:0:0:1', '2019-10-11 16:31:29', 'CHROME');
INSERT INTO `visitor` VALUES ('654', '0:0:0:0:0:0:0:1', '2019-10-11 16:31:54', 'CHROME');
INSERT INTO `visitor` VALUES ('655', '0:0:0:0:0:0:0:1', '2019-10-11 16:33:02', 'CHROME');
INSERT INTO `visitor` VALUES ('656', '0:0:0:0:0:0:0:1', '2019-10-11 16:34:09', 'CHROME');
INSERT INTO `visitor` VALUES ('657', '0:0:0:0:0:0:0:1', '2019-10-11 16:34:36', 'CHROME');
INSERT INTO `visitor` VALUES ('658', '0:0:0:0:0:0:0:1', '2019-10-11 16:34:54', 'CHROME');
INSERT INTO `visitor` VALUES ('659', '0:0:0:0:0:0:0:1', '2019-10-11 16:34:59', 'CHROME');
INSERT INTO `visitor` VALUES ('660', '0:0:0:0:0:0:0:1', '2019-10-11 16:35:13', 'CHROME');
INSERT INTO `visitor` VALUES ('661', '0:0:0:0:0:0:0:1', '2019-10-11 16:35:43', 'CHROME');
INSERT INTO `visitor` VALUES ('662', '0:0:0:0:0:0:0:1', '2019-10-11 16:35:59', 'CHROME');
INSERT INTO `visitor` VALUES ('663', '0:0:0:0:0:0:0:1', '2019-10-11 16:36:00', 'CHROME');
INSERT INTO `visitor` VALUES ('664', '0:0:0:0:0:0:0:1', '2019-10-11 16:36:02', 'CHROME');
INSERT INTO `visitor` VALUES ('665', '0:0:0:0:0:0:0:1', '2019-10-11 16:36:03', 'CHROME');
INSERT INTO `visitor` VALUES ('666', '0:0:0:0:0:0:0:1', '2019-10-11 16:36:05', 'CHROME');
INSERT INTO `visitor` VALUES ('667', '0:0:0:0:0:0:0:1', '2019-10-11 16:36:05', 'CHROME');
INSERT INTO `visitor` VALUES ('668', '0:0:0:0:0:0:0:1', '2019-10-11 16:36:06', 'CHROME');
INSERT INTO `visitor` VALUES ('669', '0:0:0:0:0:0:0:1', '2019-10-11 16:36:06', 'CHROME');
INSERT INTO `visitor` VALUES ('670', '0:0:0:0:0:0:0:1', '2019-10-11 16:36:07', 'CHROME');
INSERT INTO `visitor` VALUES ('671', '0:0:0:0:0:0:0:1', '2019-10-11 16:36:08', 'CHROME');
INSERT INTO `visitor` VALUES ('672', '0:0:0:0:0:0:0:1', '2019-10-11 16:36:09', 'CHROME');
INSERT INTO `visitor` VALUES ('673', '0:0:0:0:0:0:0:1', '2019-10-11 16:36:10', 'CHROME');
INSERT INTO `visitor` VALUES ('674', '0:0:0:0:0:0:0:1', '2019-10-11 16:42:06', 'CHROME');
INSERT INTO `visitor` VALUES ('675', '0:0:0:0:0:0:0:1', '2019-10-11 16:42:07', 'CHROME');
INSERT INTO `visitor` VALUES ('676', '0:0:0:0:0:0:0:1', '2019-10-11 16:42:15', 'CHROME');
INSERT INTO `visitor` VALUES ('677', '0:0:0:0:0:0:0:1', '2019-10-11 16:42:16', 'CHROME');
INSERT INTO `visitor` VALUES ('678', '0:0:0:0:0:0:0:1', '2019-10-11 16:45:09', 'CHROME');
INSERT INTO `visitor` VALUES ('679', '0:0:0:0:0:0:0:1', '2019-10-11 16:45:15', 'CHROME');
INSERT INTO `visitor` VALUES ('680', '0:0:0:0:0:0:0:1', '2019-10-11 16:45:19', 'CHROME');
INSERT INTO `visitor` VALUES ('681', '0:0:0:0:0:0:0:1', '2019-10-11 16:45:21', 'CHROME');
INSERT INTO `visitor` VALUES ('682', '0:0:0:0:0:0:0:1', '2019-10-11 16:45:23', 'CHROME');
INSERT INTO `visitor` VALUES ('683', '0:0:0:0:0:0:0:1', '2019-10-11 16:45:23', 'CHROME');
INSERT INTO `visitor` VALUES ('684', '0:0:0:0:0:0:0:1', '2019-10-11 16:45:26', 'CHROME');
INSERT INTO `visitor` VALUES ('685', '0:0:0:0:0:0:0:1', '2019-10-11 16:45:26', 'CHROME');
INSERT INTO `visitor` VALUES ('686', '0:0:0:0:0:0:0:1', '2019-10-11 16:45:27', 'CHROME');
INSERT INTO `visitor` VALUES ('687', '0:0:0:0:0:0:0:1', '2019-10-11 16:45:27', 'CHROME');
INSERT INTO `visitor` VALUES ('688', '0:0:0:0:0:0:0:1', '2019-10-11 16:45:28', 'CHROME');
INSERT INTO `visitor` VALUES ('689', '0:0:0:0:0:0:0:1', '2019-10-11 16:45:28', 'CHROME');
INSERT INTO `visitor` VALUES ('690', '0:0:0:0:0:0:0:1', '2019-10-11 16:45:29', 'CHROME');
INSERT INTO `visitor` VALUES ('691', '0:0:0:0:0:0:0:1', '2019-10-11 16:45:29', 'CHROME');
INSERT INTO `visitor` VALUES ('692', '0:0:0:0:0:0:0:1', '2019-10-11 16:45:30', 'CHROME');
INSERT INTO `visitor` VALUES ('693', '0:0:0:0:0:0:0:1', '2019-10-11 16:45:30', 'CHROME');
INSERT INTO `visitor` VALUES ('694', '0:0:0:0:0:0:0:1', '2019-10-11 16:45:42', 'CHROME');
INSERT INTO `visitor` VALUES ('695', '0:0:0:0:0:0:0:1', '2019-10-11 16:45:42', 'CHROME');
INSERT INTO `visitor` VALUES ('696', '0:0:0:0:0:0:0:1', '2019-10-11 16:45:43', 'CHROME');
INSERT INTO `visitor` VALUES ('697', '0:0:0:0:0:0:0:1', '2019-10-11 16:45:43', 'CHROME');
INSERT INTO `visitor` VALUES ('698', '0:0:0:0:0:0:0:1', '2019-10-11 16:45:44', 'CHROME');
INSERT INTO `visitor` VALUES ('699', '0:0:0:0:0:0:0:1', '2019-10-11 16:45:44', 'CHROME');
INSERT INTO `visitor` VALUES ('700', '0:0:0:0:0:0:0:1', '2019-10-11 16:45:45', 'CHROME');
INSERT INTO `visitor` VALUES ('701', '0:0:0:0:0:0:0:1', '2019-10-11 16:45:46', 'CHROME');
INSERT INTO `visitor` VALUES ('702', '0:0:0:0:0:0:0:1', '2019-10-11 16:45:46', 'CHROME');
INSERT INTO `visitor` VALUES ('703', '0:0:0:0:0:0:0:1', '2019-10-11 16:45:46', 'CHROME');
INSERT INTO `visitor` VALUES ('704', '0:0:0:0:0:0:0:1', '2019-10-11 16:45:47', 'CHROME');
INSERT INTO `visitor` VALUES ('705', '0:0:0:0:0:0:0:1', '2019-10-11 16:45:47', 'CHROME');
INSERT INTO `visitor` VALUES ('706', '0:0:0:0:0:0:0:1', '2019-10-11 16:45:48', 'CHROME');
INSERT INTO `visitor` VALUES ('707', '0:0:0:0:0:0:0:1', '2019-10-11 16:45:48', 'CHROME');
INSERT INTO `visitor` VALUES ('708', '0:0:0:0:0:0:0:1', '2019-10-11 16:45:49', 'CHROME');
INSERT INTO `visitor` VALUES ('709', '0:0:0:0:0:0:0:1', '2019-10-11 16:45:49', 'CHROME');
INSERT INTO `visitor` VALUES ('710', '0:0:0:0:0:0:0:1', '2019-10-11 16:45:51', 'CHROME');
INSERT INTO `visitor` VALUES ('711', '0:0:0:0:0:0:0:1', '2019-10-11 16:45:51', 'CHROME');
INSERT INTO `visitor` VALUES ('712', '0:0:0:0:0:0:0:1', '2019-10-11 16:45:51', 'CHROME');
INSERT INTO `visitor` VALUES ('713', '0:0:0:0:0:0:0:1', '2019-10-11 16:45:52', 'CHROME');
INSERT INTO `visitor` VALUES ('714', '0:0:0:0:0:0:0:1', '2019-10-11 16:45:52', 'CHROME');
INSERT INTO `visitor` VALUES ('715', '0:0:0:0:0:0:0:1', '2019-10-11 16:45:52', 'CHROME');
INSERT INTO `visitor` VALUES ('716', '0:0:0:0:0:0:0:1', '2019-10-11 16:45:53', 'CHROME');
INSERT INTO `visitor` VALUES ('717', '0:0:0:0:0:0:0:1', '2019-10-11 16:45:54', 'CHROME');
INSERT INTO `visitor` VALUES ('718', '0:0:0:0:0:0:0:1', '2019-10-11 16:45:55', 'CHROME');
INSERT INTO `visitor` VALUES ('719', '0:0:0:0:0:0:0:1', '2019-10-11 16:45:56', 'CHROME');
INSERT INTO `visitor` VALUES ('720', '0:0:0:0:0:0:0:1', '2019-10-11 16:45:57', 'CHROME');
INSERT INTO `visitor` VALUES ('721', '0:0:0:0:0:0:0:1', '2019-10-11 16:45:57', 'CHROME');
INSERT INTO `visitor` VALUES ('722', '0:0:0:0:0:0:0:1', '2019-10-11 16:45:58', 'CHROME');
INSERT INTO `visitor` VALUES ('723', '0:0:0:0:0:0:0:1', '2019-10-11 16:45:58', 'CHROME');
INSERT INTO `visitor` VALUES ('724', '0:0:0:0:0:0:0:1', '2019-10-11 16:45:59', 'CHROME');
INSERT INTO `visitor` VALUES ('725', '0:0:0:0:0:0:0:1', '2019-10-11 16:45:59', 'CHROME');
INSERT INTO `visitor` VALUES ('726', '0:0:0:0:0:0:0:1', '2019-10-11 16:46:00', 'CHROME');
INSERT INTO `visitor` VALUES ('727', '0:0:0:0:0:0:0:1', '2019-10-11 16:46:00', 'CHROME');
INSERT INTO `visitor` VALUES ('728', '0:0:0:0:0:0:0:1', '2019-10-11 16:46:00', 'CHROME');
INSERT INTO `visitor` VALUES ('729', '0:0:0:0:0:0:0:1', '2019-10-11 16:46:00', 'CHROME');
INSERT INTO `visitor` VALUES ('730', '0:0:0:0:0:0:0:1', '2019-10-11 16:46:01', 'CHROME');
INSERT INTO `visitor` VALUES ('731', '0:0:0:0:0:0:0:1', '2019-10-11 16:46:01', 'CHROME');
INSERT INTO `visitor` VALUES ('732', '0:0:0:0:0:0:0:1', '2019-10-11 16:46:02', 'CHROME');
INSERT INTO `visitor` VALUES ('733', '0:0:0:0:0:0:0:1', '2019-10-11 16:46:02', 'CHROME');
INSERT INTO `visitor` VALUES ('734', '0:0:0:0:0:0:0:1', '2019-10-11 16:47:55', 'CHROME');
INSERT INTO `visitor` VALUES ('735', '0:0:0:0:0:0:0:1', '2019-10-11 16:47:58', 'CHROME');
INSERT INTO `visitor` VALUES ('736', '0:0:0:0:0:0:0:1', '2019-10-11 16:47:58', 'CHROME');
INSERT INTO `visitor` VALUES ('737', '0:0:0:0:0:0:0:1', '2019-10-11 16:48:01', 'CHROME');
INSERT INTO `visitor` VALUES ('738', '0:0:0:0:0:0:0:1', '2019-10-11 16:48:01', 'CHROME');
INSERT INTO `visitor` VALUES ('739', '0:0:0:0:0:0:0:1', '2019-10-11 16:48:05', 'CHROME');
INSERT INTO `visitor` VALUES ('740', '0:0:0:0:0:0:0:1', '2019-10-11 16:48:05', 'CHROME');
INSERT INTO `visitor` VALUES ('741', '0:0:0:0:0:0:0:1', '2019-10-11 16:48:07', 'CHROME');
INSERT INTO `visitor` VALUES ('742', '0:0:0:0:0:0:0:1', '2019-10-11 16:48:08', 'CHROME');
INSERT INTO `visitor` VALUES ('743', '0:0:0:0:0:0:0:1', '2019-10-11 16:48:09', 'CHROME');
INSERT INTO `visitor` VALUES ('744', '0:0:0:0:0:0:0:1', '2019-10-11 16:48:17', 'CHROME');
INSERT INTO `visitor` VALUES ('745', '0:0:0:0:0:0:0:1', '2019-10-11 16:49:37', 'CHROME');
INSERT INTO `visitor` VALUES ('746', '0:0:0:0:0:0:0:1', '2019-10-11 16:49:46', 'CHROME');
INSERT INTO `visitor` VALUES ('747', '0:0:0:0:0:0:0:1', '2019-10-11 16:49:47', 'CHROME');
INSERT INTO `visitor` VALUES ('748', '0:0:0:0:0:0:0:1', '2019-10-11 16:49:49', 'CHROME');
INSERT INTO `visitor` VALUES ('749', '0:0:0:0:0:0:0:1', '2019-10-11 16:49:52', 'CHROME');
INSERT INTO `visitor` VALUES ('750', '0:0:0:0:0:0:0:1', '2019-10-11 16:49:54', 'CHROME');
INSERT INTO `visitor` VALUES ('751', '0:0:0:0:0:0:0:1', '2019-10-11 16:50:02', 'CHROME');
INSERT INTO `visitor` VALUES ('752', '0:0:0:0:0:0:0:1', '2019-10-11 16:50:07', 'CHROME');
INSERT INTO `visitor` VALUES ('753', '0:0:0:0:0:0:0:1', '2019-10-11 16:50:13', 'CHROME');
INSERT INTO `visitor` VALUES ('754', '0:0:0:0:0:0:0:1', '2019-10-11 16:50:18', 'CHROME');
INSERT INTO `visitor` VALUES ('755', '0:0:0:0:0:0:0:1', '2019-10-11 17:04:30', 'CHROME');
INSERT INTO `visitor` VALUES ('756', '0:0:0:0:0:0:0:1', '2019-10-11 17:04:36', 'CHROME');
INSERT INTO `visitor` VALUES ('757', '0:0:0:0:0:0:0:1', '2019-10-11 17:08:24', 'CHROME');
INSERT INTO `visitor` VALUES ('758', '0:0:0:0:0:0:0:1', '2019-10-11 17:08:24', 'CHROME');
INSERT INTO `visitor` VALUES ('759', '0:0:0:0:0:0:0:1', '2019-10-11 17:08:26', 'CHROME');
INSERT INTO `visitor` VALUES ('760', '0:0:0:0:0:0:0:1', '2019-10-11 17:08:26', 'CHROME');
INSERT INTO `visitor` VALUES ('761', '0:0:0:0:0:0:0:1', '2019-10-11 17:08:28', 'CHROME');
INSERT INTO `visitor` VALUES ('762', '0:0:0:0:0:0:0:1', '2019-10-11 17:08:28', 'CHROME');
INSERT INTO `visitor` VALUES ('763', '0:0:0:0:0:0:0:1', '2019-10-11 17:40:39', 'CHROME');
INSERT INTO `visitor` VALUES ('764', '0:0:0:0:0:0:0:1', '2019-10-11 17:49:42', 'CHROME');
INSERT INTO `visitor` VALUES ('765', '0:0:0:0:0:0:0:1', '2019-10-11 17:49:46', 'CHROME');
INSERT INTO `visitor` VALUES ('766', '0:0:0:0:0:0:0:1', '2019-10-11 17:53:08', 'CHROME');
INSERT INTO `visitor` VALUES ('767', '0:0:0:0:0:0:0:1', '2019-10-11 17:53:14', 'CHROME');
INSERT INTO `visitor` VALUES ('768', '0:0:0:0:0:0:0:1', '2019-10-11 17:53:15', 'CHROME');
INSERT INTO `visitor` VALUES ('769', '0:0:0:0:0:0:0:1', '2019-10-11 17:53:18', 'CHROME');
INSERT INTO `visitor` VALUES ('770', '0:0:0:0:0:0:0:1', '2019-10-11 17:53:18', 'CHROME');
INSERT INTO `visitor` VALUES ('771', '0:0:0:0:0:0:0:1', '2019-10-11 17:53:19', 'CHROME');
INSERT INTO `visitor` VALUES ('772', '0:0:0:0:0:0:0:1', '2019-10-11 17:53:20', 'CHROME');
INSERT INTO `visitor` VALUES ('773', '0:0:0:0:0:0:0:1', '2019-10-11 17:53:21', 'CHROME');
INSERT INTO `visitor` VALUES ('774', '0:0:0:0:0:0:0:1', '2019-10-11 17:53:22', 'CHROME');
INSERT INTO `visitor` VALUES ('775', '0:0:0:0:0:0:0:1', '2019-10-11 17:53:22', 'CHROME');
INSERT INTO `visitor` VALUES ('776', '0:0:0:0:0:0:0:1', '2019-10-11 17:53:23', 'CHROME');
INSERT INTO `visitor` VALUES ('777', '0:0:0:0:0:0:0:1', '2019-10-11 17:54:13', 'CHROME');
INSERT INTO `visitor` VALUES ('778', '0:0:0:0:0:0:0:1', '2019-10-11 17:54:16', 'CHROME');
INSERT INTO `visitor` VALUES ('779', '0:0:0:0:0:0:0:1', '2019-10-11 17:54:16', 'CHROME');
INSERT INTO `visitor` VALUES ('780', '0:0:0:0:0:0:0:1', '2019-10-11 17:54:17', 'CHROME');
INSERT INTO `visitor` VALUES ('781', '0:0:0:0:0:0:0:1', '2019-10-11 17:54:17', 'CHROME');
INSERT INTO `visitor` VALUES ('782', '0:0:0:0:0:0:0:1', '2019-10-11 17:54:18', 'CHROME');
INSERT INTO `visitor` VALUES ('783', '0:0:0:0:0:0:0:1', '2019-10-11 17:54:19', 'CHROME');
INSERT INTO `visitor` VALUES ('784', '0:0:0:0:0:0:0:1', '2019-10-11 17:54:20', 'CHROME');
INSERT INTO `visitor` VALUES ('785', '0:0:0:0:0:0:0:1', '2019-10-11 17:54:21', 'CHROME');
INSERT INTO `visitor` VALUES ('786', '0:0:0:0:0:0:0:1', '2019-10-11 17:54:22', 'CHROME');
INSERT INTO `visitor` VALUES ('787', '0:0:0:0:0:0:0:1', '2019-10-11 17:54:30', 'CHROME');
INSERT INTO `visitor` VALUES ('788', '0:0:0:0:0:0:0:1', '2019-10-11 17:54:33', 'CHROME');
INSERT INTO `visitor` VALUES ('789', '0:0:0:0:0:0:0:1', '2019-10-11 17:54:34', 'CHROME');
INSERT INTO `visitor` VALUES ('790', '0:0:0:0:0:0:0:1', '2019-10-11 17:54:34', 'CHROME');
INSERT INTO `visitor` VALUES ('791', '0:0:0:0:0:0:0:1', '2019-10-11 17:54:36', 'CHROME');
INSERT INTO `visitor` VALUES ('792', '0:0:0:0:0:0:0:1', '2019-10-11 17:54:36', 'CHROME');
INSERT INTO `visitor` VALUES ('793', '0:0:0:0:0:0:0:1', '2019-10-11 17:54:36', 'CHROME');
INSERT INTO `visitor` VALUES ('794', '0:0:0:0:0:0:0:1', '2019-10-11 17:54:45', 'CHROME');
INSERT INTO `visitor` VALUES ('795', '0:0:0:0:0:0:0:1', '2019-10-11 17:54:46', 'CHROME');
INSERT INTO `visitor` VALUES ('796', '0:0:0:0:0:0:0:1', '2019-10-11 17:54:48', 'CHROME');
INSERT INTO `visitor` VALUES ('797', '0:0:0:0:0:0:0:1', '2019-10-11 17:54:49', 'CHROME');
INSERT INTO `visitor` VALUES ('798', '0:0:0:0:0:0:0:1', '2019-10-11 17:54:50', 'CHROME');
INSERT INTO `visitor` VALUES ('799', '0:0:0:0:0:0:0:1', '2019-10-11 17:54:50', 'CHROME');
INSERT INTO `visitor` VALUES ('800', '0:0:0:0:0:0:0:1', '2019-10-11 17:54:51', 'CHROME');
INSERT INTO `visitor` VALUES ('801', '0:0:0:0:0:0:0:1', '2019-10-11 17:54:52', 'CHROME');
INSERT INTO `visitor` VALUES ('802', '0:0:0:0:0:0:0:1', '2019-10-11 17:54:55', 'CHROME');
INSERT INTO `visitor` VALUES ('803', '0:0:0:0:0:0:0:1', '2019-10-11 17:54:56', 'CHROME');
INSERT INTO `visitor` VALUES ('804', '0:0:0:0:0:0:0:1', '2019-10-11 17:54:57', 'CHROME');
INSERT INTO `visitor` VALUES ('805', '0:0:0:0:0:0:0:1', '2019-10-11 17:54:57', 'CHROME');
INSERT INTO `visitor` VALUES ('806', '0:0:0:0:0:0:0:1', '2019-10-11 17:54:57', 'CHROME');
INSERT INTO `visitor` VALUES ('807', '0:0:0:0:0:0:0:1', '2019-10-11 17:54:58', 'CHROME');
INSERT INTO `visitor` VALUES ('808', '0:0:0:0:0:0:0:1', '2019-10-11 17:57:41', 'CHROME');
INSERT INTO `visitor` VALUES ('809', '0:0:0:0:0:0:0:1', '2019-10-11 17:57:42', 'CHROME');
INSERT INTO `visitor` VALUES ('810', '0:0:0:0:0:0:0:1', '2019-10-11 17:57:43', 'CHROME');
INSERT INTO `visitor` VALUES ('811', '0:0:0:0:0:0:0:1', '2019-10-11 17:57:43', 'CHROME');
INSERT INTO `visitor` VALUES ('812', '0:0:0:0:0:0:0:1', '2019-10-11 17:57:45', 'CHROME');
INSERT INTO `visitor` VALUES ('813', '0:0:0:0:0:0:0:1', '2019-10-11 17:57:46', 'CHROME');
INSERT INTO `visitor` VALUES ('814', '0:0:0:0:0:0:0:1', '2019-10-11 17:57:46', 'CHROME');
INSERT INTO `visitor` VALUES ('815', '0:0:0:0:0:0:0:1', '2019-10-11 17:57:47', 'CHROME');
INSERT INTO `visitor` VALUES ('816', '0:0:0:0:0:0:0:1', '2019-10-11 17:57:48', 'CHROME');
INSERT INTO `visitor` VALUES ('817', '0:0:0:0:0:0:0:1', '2019-10-11 17:57:48', 'CHROME');
INSERT INTO `visitor` VALUES ('818', '0:0:0:0:0:0:0:1', '2019-10-11 17:57:49', 'CHROME');
INSERT INTO `visitor` VALUES ('819', '0:0:0:0:0:0:0:1', '2019-10-11 17:57:49', 'CHROME');
INSERT INTO `visitor` VALUES ('820', '0:0:0:0:0:0:0:1', '2019-10-11 17:57:49', 'CHROME');
INSERT INTO `visitor` VALUES ('821', '0:0:0:0:0:0:0:1', '2019-10-11 17:57:50', 'CHROME');
INSERT INTO `visitor` VALUES ('822', '0:0:0:0:0:0:0:1', '2019-10-11 17:57:50', 'CHROME');
INSERT INTO `visitor` VALUES ('823', '0:0:0:0:0:0:0:1', '2019-10-11 17:57:51', 'CHROME');
INSERT INTO `visitor` VALUES ('824', '0:0:0:0:0:0:0:1', '2019-10-11 17:57:51', 'CHROME');
INSERT INTO `visitor` VALUES ('825', '0:0:0:0:0:0:0:1', '2019-10-11 17:58:50', 'CHROME');
INSERT INTO `visitor` VALUES ('826', '0:0:0:0:0:0:0:1', '2019-10-11 17:58:53', 'CHROME');
INSERT INTO `visitor` VALUES ('827', '0:0:0:0:0:0:0:1', '2019-10-11 17:58:54', 'CHROME');
INSERT INTO `visitor` VALUES ('828', '0:0:0:0:0:0:0:1', '2019-10-11 17:59:34', 'CHROME');
INSERT INTO `visitor` VALUES ('829', '0:0:0:0:0:0:0:1', '2019-10-11 17:59:34', 'CHROME');
INSERT INTO `visitor` VALUES ('830', '0:0:0:0:0:0:0:1', '2019-10-11 18:02:04', 'CHROME');
INSERT INTO `visitor` VALUES ('831', '0:0:0:0:0:0:0:1', '2019-10-11 18:02:05', 'CHROME');
INSERT INTO `visitor` VALUES ('832', '0:0:0:0:0:0:0:1', '2019-10-11 18:03:56', 'CHROME');
INSERT INTO `visitor` VALUES ('833', '0:0:0:0:0:0:0:1', '2019-10-11 18:03:57', 'CHROME');
INSERT INTO `visitor` VALUES ('834', '0:0:0:0:0:0:0:1', '2019-10-11 18:03:59', 'CHROME');
INSERT INTO `visitor` VALUES ('835', '0:0:0:0:0:0:0:1', '2019-10-11 18:03:59', 'CHROME');
INSERT INTO `visitor` VALUES ('836', '0:0:0:0:0:0:0:1', '2019-10-11 18:03:59', 'CHROME');
INSERT INTO `visitor` VALUES ('837', '0:0:0:0:0:0:0:1', '2019-10-11 18:03:59', 'CHROME');
INSERT INTO `visitor` VALUES ('838', '0:0:0:0:0:0:0:1', '2019-10-11 18:04:00', 'CHROME');
INSERT INTO `visitor` VALUES ('839', '0:0:0:0:0:0:0:1', '2019-10-11 18:04:00', 'CHROME');
INSERT INTO `visitor` VALUES ('840', '0:0:0:0:0:0:0:1', '2019-10-11 18:04:01', 'CHROME');
INSERT INTO `visitor` VALUES ('841', '0:0:0:0:0:0:0:1', '2019-10-11 18:04:01', 'CHROME');
INSERT INTO `visitor` VALUES ('842', '0:0:0:0:0:0:0:1', '2019-10-11 18:04:01', 'CHROME');
INSERT INTO `visitor` VALUES ('843', '0:0:0:0:0:0:0:1', '2019-10-11 18:04:01', 'CHROME');
INSERT INTO `visitor` VALUES ('844', '0:0:0:0:0:0:0:1', '2019-10-11 18:04:02', 'CHROME');
INSERT INTO `visitor` VALUES ('845', '0:0:0:0:0:0:0:1', '2019-10-11 18:04:02', 'CHROME');
INSERT INTO `visitor` VALUES ('846', '0:0:0:0:0:0:0:1', '2019-10-11 18:04:02', 'CHROME');
INSERT INTO `visitor` VALUES ('847', '0:0:0:0:0:0:0:1', '2019-10-11 18:04:02', 'CHROME');
INSERT INTO `visitor` VALUES ('848', '0:0:0:0:0:0:0:1', '2019-10-11 18:04:03', 'CHROME');
INSERT INTO `visitor` VALUES ('849', '0:0:0:0:0:0:0:1', '2019-10-11 18:04:05', 'CHROME');
INSERT INTO `visitor` VALUES ('850', '0:0:0:0:0:0:0:1', '2019-10-11 18:04:06', 'CHROME');
INSERT INTO `visitor` VALUES ('851', '0:0:0:0:0:0:0:1', '2019-10-11 18:04:07', 'CHROME');
INSERT INTO `visitor` VALUES ('852', '0:0:0:0:0:0:0:1', '2019-10-11 18:04:10', 'CHROME');
INSERT INTO `visitor` VALUES ('853', '0:0:0:0:0:0:0:1', '2019-10-11 18:04:10', 'CHROME');
INSERT INTO `visitor` VALUES ('854', '0:0:0:0:0:0:0:1', '2019-10-11 18:04:12', 'CHROME');
INSERT INTO `visitor` VALUES ('855', '0:0:0:0:0:0:0:1', '2019-10-11 18:04:12', 'CHROME');
INSERT INTO `visitor` VALUES ('856', '0:0:0:0:0:0:0:1', '2019-10-11 18:04:12', 'CHROME');
INSERT INTO `visitor` VALUES ('857', '0:0:0:0:0:0:0:1', '2019-10-11 18:04:13', 'CHROME');
INSERT INTO `visitor` VALUES ('858', '0:0:0:0:0:0:0:1', '2019-10-11 18:04:14', 'CHROME');
INSERT INTO `visitor` VALUES ('859', '0:0:0:0:0:0:0:1', '2019-10-11 18:05:15', 'CHROME');
INSERT INTO `visitor` VALUES ('860', '0:0:0:0:0:0:0:1', '2019-10-11 18:06:04', 'CHROME');
INSERT INTO `visitor` VALUES ('861', '0:0:0:0:0:0:0:1', '2019-10-11 18:07:28', 'CHROME');
INSERT INTO `visitor` VALUES ('862', '0:0:0:0:0:0:0:1', '2019-10-11 18:09:32', 'CHROME');
INSERT INTO `visitor` VALUES ('863', '0:0:0:0:0:0:0:1', '2019-10-11 18:09:39', 'CHROME');
INSERT INTO `visitor` VALUES ('864', '0:0:0:0:0:0:0:1', '2019-10-11 18:10:34', 'CHROME');
INSERT INTO `visitor` VALUES ('865', '0:0:0:0:0:0:0:1', '2019-10-11 18:10:35', 'CHROME');
INSERT INTO `visitor` VALUES ('866', '0:0:0:0:0:0:0:1', '2019-10-11 18:10:37', 'CHROME');
INSERT INTO `visitor` VALUES ('867', '0:0:0:0:0:0:0:1', '2019-10-11 18:10:37', 'CHROME');
INSERT INTO `visitor` VALUES ('868', '0:0:0:0:0:0:0:1', '2019-10-11 18:10:38', 'CHROME');
INSERT INTO `visitor` VALUES ('869', '0:0:0:0:0:0:0:1', '2019-10-11 18:10:38', 'CHROME');
INSERT INTO `visitor` VALUES ('870', '0:0:0:0:0:0:0:1', '2019-10-11 18:10:38', 'CHROME');
INSERT INTO `visitor` VALUES ('871', '0:0:0:0:0:0:0:1', '2019-10-11 18:10:38', 'CHROME');
INSERT INTO `visitor` VALUES ('872', '0:0:0:0:0:0:0:1', '2019-10-11 18:10:39', 'CHROME');
INSERT INTO `visitor` VALUES ('873', '0:0:0:0:0:0:0:1', '2019-10-11 18:10:39', 'CHROME');
INSERT INTO `visitor` VALUES ('874', '0:0:0:0:0:0:0:1', '2019-10-11 18:10:40', 'CHROME');
INSERT INTO `visitor` VALUES ('875', '0:0:0:0:0:0:0:1', '2019-10-11 18:10:40', 'CHROME');
INSERT INTO `visitor` VALUES ('876', '0:0:0:0:0:0:0:1', '2019-10-11 18:11:17', 'CHROME');
INSERT INTO `visitor` VALUES ('877', '0:0:0:0:0:0:0:1', '2019-10-11 18:11:18', 'CHROME');
INSERT INTO `visitor` VALUES ('878', '0:0:0:0:0:0:0:1', '2019-10-11 18:13:04', 'CHROME');
INSERT INTO `visitor` VALUES ('879', '0:0:0:0:0:0:0:1', '2019-10-11 18:15:22', 'CHROME');
INSERT INTO `visitor` VALUES ('880', '0:0:0:0:0:0:0:1', '2019-10-11 18:15:23', 'CHROME');
INSERT INTO `visitor` VALUES ('881', '0:0:0:0:0:0:0:1', '2019-10-11 18:15:25', 'CHROME');
INSERT INTO `visitor` VALUES ('882', '0:0:0:0:0:0:0:1', '2019-10-11 18:15:25', 'CHROME');
INSERT INTO `visitor` VALUES ('883', '0:0:0:0:0:0:0:1', '2019-10-11 18:15:25', 'CHROME');
INSERT INTO `visitor` VALUES ('884', '0:0:0:0:0:0:0:1', '2019-10-11 18:15:26', 'CHROME');
INSERT INTO `visitor` VALUES ('885', '0:0:0:0:0:0:0:1', '2019-10-11 18:15:27', 'CHROME');
INSERT INTO `visitor` VALUES ('886', '0:0:0:0:0:0:0:1', '2019-10-11 18:15:28', 'CHROME');
INSERT INTO `visitor` VALUES ('887', '0:0:0:0:0:0:0:1', '2019-10-11 18:15:28', 'CHROME');
INSERT INTO `visitor` VALUES ('888', '0:0:0:0:0:0:0:1', '2019-10-11 18:15:29', 'CHROME');
INSERT INTO `visitor` VALUES ('889', '0:0:0:0:0:0:0:1', '2019-10-11 18:15:29', 'CHROME');
INSERT INTO `visitor` VALUES ('890', '0:0:0:0:0:0:0:1', '2019-10-11 18:15:31', 'CHROME');
INSERT INTO `visitor` VALUES ('891', '0:0:0:0:0:0:0:1', '2019-10-11 18:15:31', 'CHROME');
INSERT INTO `visitor` VALUES ('892', '0:0:0:0:0:0:0:1', '2019-10-11 18:15:32', 'CHROME');
INSERT INTO `visitor` VALUES ('893', '0:0:0:0:0:0:0:1', '2019-10-11 18:15:33', 'CHROME');
INSERT INTO `visitor` VALUES ('894', '0:0:0:0:0:0:0:1', '2019-10-11 18:17:00', 'CHROME');
INSERT INTO `visitor` VALUES ('895', '0:0:0:0:0:0:0:1', '2019-10-11 18:17:02', 'CHROME');
INSERT INTO `visitor` VALUES ('896', '0:0:0:0:0:0:0:1', '2019-10-11 18:17:02', 'CHROME');
INSERT INTO `visitor` VALUES ('897', '0:0:0:0:0:0:0:1', '2019-10-11 18:17:02', 'CHROME');
INSERT INTO `visitor` VALUES ('898', '0:0:0:0:0:0:0:1', '2019-10-11 18:17:03', 'CHROME');
INSERT INTO `visitor` VALUES ('899', '0:0:0:0:0:0:0:1', '2019-10-11 18:17:03', 'CHROME');
INSERT INTO `visitor` VALUES ('900', '0:0:0:0:0:0:0:1', '2019-10-11 18:17:04', 'CHROME');
INSERT INTO `visitor` VALUES ('901', '0:0:0:0:0:0:0:1', '2019-10-11 18:17:05', 'CHROME');
INSERT INTO `visitor` VALUES ('902', '127.0.0.1', '2019-10-11 20:19:10', 'UNKNOWN');
INSERT INTO `visitor` VALUES ('903', '127.0.0.1', '2019-10-11 20:19:12', 'UNKNOWN');
INSERT INTO `visitor` VALUES ('904', '0:0:0:0:0:0:0:1', '2019-10-11 20:19:13', 'CHROME');
INSERT INTO `visitor` VALUES ('905', '0:0:0:0:0:0:0:1', '2019-10-11 20:19:49', 'CHROME');
INSERT INTO `visitor` VALUES ('906', '0:0:0:0:0:0:0:1', '2019-10-11 20:19:51', 'CHROME');
INSERT INTO `visitor` VALUES ('907', '0:0:0:0:0:0:0:1', '2019-10-11 20:19:54', 'CHROME');
INSERT INTO `visitor` VALUES ('908', '0:0:0:0:0:0:0:1', '2019-10-11 20:19:55', 'CHROME');
INSERT INTO `visitor` VALUES ('909', '0:0:0:0:0:0:0:1', '2019-10-11 20:19:59', 'CHROME');
INSERT INTO `visitor` VALUES ('910', '0:0:0:0:0:0:0:1', '2019-10-11 20:19:59', 'CHROME');
INSERT INTO `visitor` VALUES ('911', '0:0:0:0:0:0:0:1', '2019-10-11 20:20:03', 'CHROME');
INSERT INTO `visitor` VALUES ('912', '0:0:0:0:0:0:0:1', '2019-10-11 20:20:03', 'CHROME');
INSERT INTO `visitor` VALUES ('913', '0:0:0:0:0:0:0:1', '2019-10-11 20:20:04', 'CHROME');
INSERT INTO `visitor` VALUES ('914', '0:0:0:0:0:0:0:1', '2019-10-11 20:20:12', 'CHROME');
INSERT INTO `visitor` VALUES ('915', '0:0:0:0:0:0:0:1', '2019-10-11 20:20:14', 'CHROME');
INSERT INTO `visitor` VALUES ('916', '0:0:0:0:0:0:0:1', '2019-10-11 20:20:14', 'CHROME');
INSERT INTO `visitor` VALUES ('917', '0:0:0:0:0:0:0:1', '2019-10-11 20:20:15', 'CHROME');
INSERT INTO `visitor` VALUES ('918', '0:0:0:0:0:0:0:1', '2019-10-11 20:20:16', 'CHROME');
INSERT INTO `visitor` VALUES ('919', '0:0:0:0:0:0:0:1', '2019-10-11 20:20:16', 'CHROME');
INSERT INTO `visitor` VALUES ('920', '0:0:0:0:0:0:0:1', '2019-10-11 20:20:16', 'CHROME');
INSERT INTO `visitor` VALUES ('921', '0:0:0:0:0:0:0:1', '2019-10-11 20:20:16', 'CHROME');
INSERT INTO `visitor` VALUES ('922', '0:0:0:0:0:0:0:1', '2019-10-11 20:20:17', 'CHROME');
INSERT INTO `visitor` VALUES ('923', '0:0:0:0:0:0:0:1', '2019-10-11 20:20:17', 'CHROME');
INSERT INTO `visitor` VALUES ('924', '0:0:0:0:0:0:0:1', '2019-10-11 20:20:17', 'CHROME');
INSERT INTO `visitor` VALUES ('925', '0:0:0:0:0:0:0:1', '2019-10-11 20:20:18', 'CHROME');
INSERT INTO `visitor` VALUES ('926', '0:0:0:0:0:0:0:1', '2019-10-11 20:20:18', 'CHROME');
INSERT INTO `visitor` VALUES ('927', '0:0:0:0:0:0:0:1', '2019-10-11 20:20:19', 'CHROME');
INSERT INTO `visitor` VALUES ('928', '0:0:0:0:0:0:0:1', '2019-10-11 20:20:19', 'CHROME');
INSERT INTO `visitor` VALUES ('929', '0:0:0:0:0:0:0:1', '2019-10-11 20:20:24', 'CHROME');
INSERT INTO `visitor` VALUES ('930', '0:0:0:0:0:0:0:1', '2019-10-11 20:20:26', 'CHROME');
INSERT INTO `visitor` VALUES ('931', '0:0:0:0:0:0:0:1', '2019-10-11 20:22:06', 'CHROME');
INSERT INTO `visitor` VALUES ('932', '0:0:0:0:0:0:0:1', '2019-10-11 20:22:09', 'CHROME');
INSERT INTO `visitor` VALUES ('933', '0:0:0:0:0:0:0:1', '2019-10-11 20:23:05', 'CHROME');
INSERT INTO `visitor` VALUES ('934', '0:0:0:0:0:0:0:1', '2019-10-11 20:23:05', 'CHROME');
INSERT INTO `visitor` VALUES ('935', '0:0:0:0:0:0:0:1', '2019-10-11 20:23:06', 'CHROME');
INSERT INTO `visitor` VALUES ('936', '0:0:0:0:0:0:0:1', '2019-10-11 20:23:09', 'CHROME');
INSERT INTO `visitor` VALUES ('937', '0:0:0:0:0:0:0:1', '2019-10-11 20:23:12', 'CHROME');
INSERT INTO `visitor` VALUES ('938', '0:0:0:0:0:0:0:1', '2019-10-11 20:23:12', 'CHROME');
INSERT INTO `visitor` VALUES ('939', '0:0:0:0:0:0:0:1', '2019-10-11 20:23:13', 'CHROME');
INSERT INTO `visitor` VALUES ('940', '0:0:0:0:0:0:0:1', '2019-10-11 20:23:14', 'CHROME');
INSERT INTO `visitor` VALUES ('941', '0:0:0:0:0:0:0:1', '2019-10-11 20:23:14', 'CHROME');
INSERT INTO `visitor` VALUES ('942', '0:0:0:0:0:0:0:1', '2019-10-11 20:23:15', 'CHROME');
INSERT INTO `visitor` VALUES ('943', '0:0:0:0:0:0:0:1', '2019-10-11 20:23:15', 'CHROME');
INSERT INTO `visitor` VALUES ('944', '0:0:0:0:0:0:0:1', '2019-10-11 20:23:21', 'CHROME');
INSERT INTO `visitor` VALUES ('945', '0:0:0:0:0:0:0:1', '2019-10-11 20:23:53', 'CHROME');
INSERT INTO `visitor` VALUES ('946', '0:0:0:0:0:0:0:1', '2019-10-11 20:23:55', 'CHROME');
INSERT INTO `visitor` VALUES ('947', '0:0:0:0:0:0:0:1', '2019-10-11 20:23:56', 'CHROME');
INSERT INTO `visitor` VALUES ('948', '0:0:0:0:0:0:0:1', '2019-10-11 20:24:05', 'CHROME');
INSERT INTO `visitor` VALUES ('949', '0:0:0:0:0:0:0:1', '2019-10-11 20:24:06', 'CHROME');
INSERT INTO `visitor` VALUES ('950', '0:0:0:0:0:0:0:1', '2019-10-11 20:24:22', 'CHROME');
INSERT INTO `visitor` VALUES ('951', '0:0:0:0:0:0:0:1', '2019-10-11 20:24:24', 'CHROME');
INSERT INTO `visitor` VALUES ('952', '0:0:0:0:0:0:0:1', '2019-10-11 20:24:32', 'CHROME');
INSERT INTO `visitor` VALUES ('953', '0:0:0:0:0:0:0:1', '2019-10-11 20:25:17', 'CHROME');
INSERT INTO `visitor` VALUES ('954', '0:0:0:0:0:0:0:1', '2019-10-11 20:25:39', 'CHROME');
INSERT INTO `visitor` VALUES ('955', '0:0:0:0:0:0:0:1', '2019-10-11 20:25:39', 'CHROME');
INSERT INTO `visitor` VALUES ('956', '0:0:0:0:0:0:0:1', '2019-10-11 20:25:40', 'CHROME');
INSERT INTO `visitor` VALUES ('957', '0:0:0:0:0:0:0:1', '2019-10-11 20:25:40', 'CHROME');
INSERT INTO `visitor` VALUES ('958', '0:0:0:0:0:0:0:1', '2019-10-11 20:25:40', 'CHROME');
INSERT INTO `visitor` VALUES ('959', '0:0:0:0:0:0:0:1', '2019-10-11 20:25:41', 'CHROME');
INSERT INTO `visitor` VALUES ('960', '0:0:0:0:0:0:0:1', '2019-10-11 20:25:41', 'CHROME');
INSERT INTO `visitor` VALUES ('961', '0:0:0:0:0:0:0:1', '2019-10-11 20:25:42', 'CHROME');
INSERT INTO `visitor` VALUES ('962', '0:0:0:0:0:0:0:1', '2019-10-11 20:25:42', 'CHROME');
INSERT INTO `visitor` VALUES ('963', '0:0:0:0:0:0:0:1', '2019-10-11 20:25:43', 'CHROME');
INSERT INTO `visitor` VALUES ('964', '0:0:0:0:0:0:0:1', '2019-10-11 20:25:57', 'CHROME');
INSERT INTO `visitor` VALUES ('965', '0:0:0:0:0:0:0:1', '2019-10-11 20:25:58', 'CHROME');
INSERT INTO `visitor` VALUES ('966', '0:0:0:0:0:0:0:1', '2019-10-11 20:25:58', 'CHROME');
INSERT INTO `visitor` VALUES ('967', '0:0:0:0:0:0:0:1', '2019-10-11 20:25:59', 'CHROME');
INSERT INTO `visitor` VALUES ('968', '0:0:0:0:0:0:0:1', '2019-10-11 20:26:00', 'CHROME');
INSERT INTO `visitor` VALUES ('969', '0:0:0:0:0:0:0:1', '2019-10-11 20:26:00', 'CHROME');
INSERT INTO `visitor` VALUES ('970', '0:0:0:0:0:0:0:1', '2019-10-11 20:26:00', 'CHROME');
INSERT INTO `visitor` VALUES ('971', '0:0:0:0:0:0:0:1', '2019-10-11 20:26:01', 'CHROME');
INSERT INTO `visitor` VALUES ('972', '0:0:0:0:0:0:0:1', '2019-10-11 20:26:02', 'CHROME');
INSERT INTO `visitor` VALUES ('973', '0:0:0:0:0:0:0:1', '2019-10-11 20:26:02', 'CHROME');
INSERT INTO `visitor` VALUES ('974', '0:0:0:0:0:0:0:1', '2019-10-11 20:26:03', 'CHROME');
INSERT INTO `visitor` VALUES ('975', '0:0:0:0:0:0:0:1', '2019-10-11 20:26:09', 'CHROME');
INSERT INTO `visitor` VALUES ('976', '0:0:0:0:0:0:0:1', '2019-10-11 20:26:45', 'CHROME');
INSERT INTO `visitor` VALUES ('977', '0:0:0:0:0:0:0:1', '2019-10-11 20:27:10', 'CHROME');
INSERT INTO `visitor` VALUES ('978', '0:0:0:0:0:0:0:1', '2019-10-11 20:27:54', 'CHROME');
INSERT INTO `visitor` VALUES ('979', '0:0:0:0:0:0:0:1', '2019-10-11 20:27:56', 'CHROME');
INSERT INTO `visitor` VALUES ('980', '0:0:0:0:0:0:0:1', '2019-10-11 20:27:57', 'CHROME');
INSERT INTO `visitor` VALUES ('981', '0:0:0:0:0:0:0:1', '2019-10-11 20:27:58', 'CHROME');
INSERT INTO `visitor` VALUES ('982', '0:0:0:0:0:0:0:1', '2019-10-11 20:27:58', 'CHROME');
INSERT INTO `visitor` VALUES ('983', '0:0:0:0:0:0:0:1', '2019-10-11 20:27:58', 'CHROME');
INSERT INTO `visitor` VALUES ('984', '0:0:0:0:0:0:0:1', '2019-10-11 20:28:01', 'CHROME');
INSERT INTO `visitor` VALUES ('985', '0:0:0:0:0:0:0:1', '2019-10-11 20:28:02', 'CHROME');
INSERT INTO `visitor` VALUES ('986', '0:0:0:0:0:0:0:1', '2019-10-11 20:28:02', 'CHROME');
INSERT INTO `visitor` VALUES ('987', '0:0:0:0:0:0:0:1', '2019-10-11 20:28:02', 'CHROME');
INSERT INTO `visitor` VALUES ('988', '0:0:0:0:0:0:0:1', '2019-10-11 20:28:03', 'CHROME');
INSERT INTO `visitor` VALUES ('989', '0:0:0:0:0:0:0:1', '2019-10-11 20:28:03', 'CHROME');
INSERT INTO `visitor` VALUES ('990', '0:0:0:0:0:0:0:1', '2019-10-11 20:28:16', 'CHROME');
INSERT INTO `visitor` VALUES ('991', '0:0:0:0:0:0:0:1', '2019-10-11 20:28:16', 'CHROME');
INSERT INTO `visitor` VALUES ('992', '0:0:0:0:0:0:0:1', '2019-10-11 20:28:17', 'CHROME');
INSERT INTO `visitor` VALUES ('993', '0:0:0:0:0:0:0:1', '2019-10-11 20:28:17', 'CHROME');
INSERT INTO `visitor` VALUES ('994', '0:0:0:0:0:0:0:1', '2019-10-11 20:28:18', 'CHROME');
INSERT INTO `visitor` VALUES ('995', '0:0:0:0:0:0:0:1', '2019-10-11 20:28:18', 'CHROME');
INSERT INTO `visitor` VALUES ('996', '0:0:0:0:0:0:0:1', '2019-10-11 20:28:19', 'CHROME');
INSERT INTO `visitor` VALUES ('997', '0:0:0:0:0:0:0:1', '2019-10-11 20:28:20', 'CHROME');
INSERT INTO `visitor` VALUES ('998', '0:0:0:0:0:0:0:1', '2019-10-11 20:28:20', 'CHROME');
INSERT INTO `visitor` VALUES ('999', '0:0:0:0:0:0:0:1', '2019-10-11 20:28:20', 'CHROME');
INSERT INTO `visitor` VALUES ('1000', '0:0:0:0:0:0:0:1', '2019-10-11 20:28:21', 'CHROME');
INSERT INTO `visitor` VALUES ('1001', '0:0:0:0:0:0:0:1', '2019-10-11 20:28:21', 'CHROME');
INSERT INTO `visitor` VALUES ('1002', '0:0:0:0:0:0:0:1', '2019-10-11 20:28:27', 'CHROME');
INSERT INTO `visitor` VALUES ('1003', '0:0:0:0:0:0:0:1', '2019-10-11 20:28:28', 'CHROME');
INSERT INTO `visitor` VALUES ('1004', '0:0:0:0:0:0:0:1', '2019-10-11 20:28:29', 'CHROME');
INSERT INTO `visitor` VALUES ('1005', '0:0:0:0:0:0:0:1', '2019-10-11 20:28:29', 'CHROME');
INSERT INTO `visitor` VALUES ('1006', '0:0:0:0:0:0:0:1', '2019-10-11 20:28:31', 'CHROME');
INSERT INTO `visitor` VALUES ('1007', '0:0:0:0:0:0:0:1', '2019-10-11 20:29:33', 'CHROME');
INSERT INTO `visitor` VALUES ('1008', '0:0:0:0:0:0:0:1', '2019-10-11 20:29:59', 'CHROME');
INSERT INTO `visitor` VALUES ('1009', '0:0:0:0:0:0:0:1', '2019-10-11 20:30:12', 'CHROME');
INSERT INTO `visitor` VALUES ('1010', '0:0:0:0:0:0:0:1', '2019-10-11 20:31:46', 'CHROME');
INSERT INTO `visitor` VALUES ('1011', '0:0:0:0:0:0:0:1', '2019-10-11 20:36:23', 'CHROME');
INSERT INTO `visitor` VALUES ('1012', '0:0:0:0:0:0:0:1', '2019-10-11 20:36:25', 'CHROME');
INSERT INTO `visitor` VALUES ('1013', '0:0:0:0:0:0:0:1', '2019-10-11 20:36:57', 'CHROME');
INSERT INTO `visitor` VALUES ('1014', '0:0:0:0:0:0:0:1', '2019-10-11 20:36:59', 'CHROME');
INSERT INTO `visitor` VALUES ('1015', '0:0:0:0:0:0:0:1', '2019-10-11 20:37:00', 'CHROME');
INSERT INTO `visitor` VALUES ('1016', '0:0:0:0:0:0:0:1', '2019-10-11 20:37:04', 'CHROME');
INSERT INTO `visitor` VALUES ('1017', '0:0:0:0:0:0:0:1', '2019-10-11 20:37:23', 'CHROME');
INSERT INTO `visitor` VALUES ('1018', '0:0:0:0:0:0:0:1', '2019-10-11 20:37:56', 'CHROME');
INSERT INTO `visitor` VALUES ('1019', '0:0:0:0:0:0:0:1', '2019-10-11 20:38:06', 'CHROME');
INSERT INTO `visitor` VALUES ('1020', '0:0:0:0:0:0:0:1', '2019-10-11 20:38:30', 'CHROME');
INSERT INTO `visitor` VALUES ('1021', '0:0:0:0:0:0:0:1', '2019-10-11 20:38:32', 'CHROME');
INSERT INTO `visitor` VALUES ('1022', '0:0:0:0:0:0:0:1', '2019-10-11 20:38:56', 'CHROME');
INSERT INTO `visitor` VALUES ('1023', '0:0:0:0:0:0:0:1', '2019-10-11 20:41:53', 'CHROME');
INSERT INTO `visitor` VALUES ('1024', '0:0:0:0:0:0:0:1', '2019-10-11 20:41:54', 'CHROME');
INSERT INTO `visitor` VALUES ('1025', '0:0:0:0:0:0:0:1', '2019-10-11 20:44:11', 'CHROME');
INSERT INTO `visitor` VALUES ('1026', '0:0:0:0:0:0:0:1', '2019-10-11 20:44:13', 'CHROME');
INSERT INTO `visitor` VALUES ('1027', '0:0:0:0:0:0:0:1', '2019-10-11 20:44:13', 'CHROME');
INSERT INTO `visitor` VALUES ('1028', '0:0:0:0:0:0:0:1', '2019-10-11 20:44:14', 'CHROME');
INSERT INTO `visitor` VALUES ('1029', '0:0:0:0:0:0:0:1', '2019-10-11 20:44:14', 'CHROME');
INSERT INTO `visitor` VALUES ('1030', '0:0:0:0:0:0:0:1', '2019-10-11 20:44:14', 'CHROME');
INSERT INTO `visitor` VALUES ('1031', '0:0:0:0:0:0:0:1', '2019-10-11 20:44:15', 'CHROME');
INSERT INTO `visitor` VALUES ('1032', '0:0:0:0:0:0:0:1', '2019-10-11 20:44:55', 'CHROME');
INSERT INTO `visitor` VALUES ('1033', '0:0:0:0:0:0:0:1', '2019-10-11 20:44:56', 'CHROME');
INSERT INTO `visitor` VALUES ('1034', '0:0:0:0:0:0:0:1', '2019-10-11 20:45:03', 'CHROME');
INSERT INTO `visitor` VALUES ('1035', '0:0:0:0:0:0:0:1', '2019-10-11 20:45:03', 'CHROME');
INSERT INTO `visitor` VALUES ('1036', '0:0:0:0:0:0:0:1', '2019-10-11 20:45:04', 'CHROME');
INSERT INTO `visitor` VALUES ('1037', '0:0:0:0:0:0:0:1', '2019-10-11 20:45:04', 'CHROME');
INSERT INTO `visitor` VALUES ('1038', '0:0:0:0:0:0:0:1', '2019-10-11 20:46:17', 'CHROME');
INSERT INTO `visitor` VALUES ('1039', '0:0:0:0:0:0:0:1', '2019-10-11 20:46:19', 'CHROME');
INSERT INTO `visitor` VALUES ('1040', '0:0:0:0:0:0:0:1', '2019-10-11 20:46:19', 'CHROME');
INSERT INTO `visitor` VALUES ('1041', '0:0:0:0:0:0:0:1', '2019-10-11 20:46:20', 'CHROME');
INSERT INTO `visitor` VALUES ('1042', '0:0:0:0:0:0:0:1', '2019-10-11 20:46:20', 'CHROME');
INSERT INTO `visitor` VALUES ('1043', '0:0:0:0:0:0:0:1', '2019-10-11 20:46:20', 'CHROME');
INSERT INTO `visitor` VALUES ('1044', '0:0:0:0:0:0:0:1', '2019-10-11 20:46:20', 'CHROME');
INSERT INTO `visitor` VALUES ('1045', '0:0:0:0:0:0:0:1', '2019-10-11 20:46:21', 'CHROME');
INSERT INTO `visitor` VALUES ('1046', '0:0:0:0:0:0:0:1', '2019-10-11 20:46:21', 'CHROME');
INSERT INTO `visitor` VALUES ('1047', '0:0:0:0:0:0:0:1', '2019-10-11 20:46:30', 'CHROME');
INSERT INTO `visitor` VALUES ('1048', '0:0:0:0:0:0:0:1', '2019-10-11 20:46:30', 'CHROME');
INSERT INTO `visitor` VALUES ('1049', '0:0:0:0:0:0:0:1', '2019-10-11 20:47:05', 'CHROME');
INSERT INTO `visitor` VALUES ('1050', '0:0:0:0:0:0:0:1', '2019-10-11 20:47:06', 'CHROME');
INSERT INTO `visitor` VALUES ('1051', '0:0:0:0:0:0:0:1', '2019-10-11 20:47:06', 'CHROME');
INSERT INTO `visitor` VALUES ('1052', '0:0:0:0:0:0:0:1', '2019-10-11 20:47:07', 'CHROME');
INSERT INTO `visitor` VALUES ('1053', '0:0:0:0:0:0:0:1', '2019-10-11 20:47:07', 'CHROME');
INSERT INTO `visitor` VALUES ('1054', '0:0:0:0:0:0:0:1', '2019-10-11 20:47:07', 'CHROME');
INSERT INTO `visitor` VALUES ('1055', '0:0:0:0:0:0:0:1', '2019-10-11 20:47:08', 'CHROME');
INSERT INTO `visitor` VALUES ('1056', '0:0:0:0:0:0:0:1', '2019-10-11 20:47:08', 'CHROME');
INSERT INTO `visitor` VALUES ('1057', '0:0:0:0:0:0:0:1', '2019-10-11 20:47:08', 'CHROME');
INSERT INTO `visitor` VALUES ('1058', '0:0:0:0:0:0:0:1', '2019-10-11 20:47:09', 'CHROME');
INSERT INTO `visitor` VALUES ('1059', '0:0:0:0:0:0:0:1', '2019-10-11 20:47:09', 'CHROME');
INSERT INTO `visitor` VALUES ('1060', '0:0:0:0:0:0:0:1', '2019-10-11 20:47:10', 'CHROME');
INSERT INTO `visitor` VALUES ('1061', '0:0:0:0:0:0:0:1', '2019-10-11 20:47:10', 'CHROME');
INSERT INTO `visitor` VALUES ('1062', '0:0:0:0:0:0:0:1', '2019-10-11 20:48:04', 'CHROME');
INSERT INTO `visitor` VALUES ('1063', '0:0:0:0:0:0:0:1', '2019-10-11 20:48:15', 'CHROME');
INSERT INTO `visitor` VALUES ('1064', '0:0:0:0:0:0:0:1', '2019-10-11 20:48:32', 'CHROME');
INSERT INTO `visitor` VALUES ('1065', '0:0:0:0:0:0:0:1', '2019-10-11 20:49:24', 'CHROME');
INSERT INTO `visitor` VALUES ('1066', '0:0:0:0:0:0:0:1', '2019-10-11 20:49:34', 'CHROME');
INSERT INTO `visitor` VALUES ('1067', '0:0:0:0:0:0:0:1', '2019-10-11 20:49:38', 'CHROME');
INSERT INTO `visitor` VALUES ('1068', '0:0:0:0:0:0:0:1', '2019-10-11 20:49:38', 'CHROME');
INSERT INTO `visitor` VALUES ('1069', '0:0:0:0:0:0:0:1', '2019-10-11 20:49:38', 'CHROME');
INSERT INTO `visitor` VALUES ('1070', '0:0:0:0:0:0:0:1', '2019-10-11 20:49:38', 'CHROME');
INSERT INTO `visitor` VALUES ('1071', '0:0:0:0:0:0:0:1', '2019-10-11 20:49:39', 'CHROME');
INSERT INTO `visitor` VALUES ('1072', '0:0:0:0:0:0:0:1', '2019-10-11 20:49:39', 'CHROME');
INSERT INTO `visitor` VALUES ('1073', '0:0:0:0:0:0:0:1', '2019-10-11 20:49:40', 'CHROME');
INSERT INTO `visitor` VALUES ('1074', '0:0:0:0:0:0:0:1', '2019-10-11 20:49:40', 'CHROME');
INSERT INTO `visitor` VALUES ('1075', '0:0:0:0:0:0:0:1', '2019-10-11 20:49:41', 'CHROME');
INSERT INTO `visitor` VALUES ('1076', '0:0:0:0:0:0:0:1', '2019-10-11 20:49:41', 'CHROME');
INSERT INTO `visitor` VALUES ('1077', '0:0:0:0:0:0:0:1', '2019-10-11 20:49:42', 'CHROME');
INSERT INTO `visitor` VALUES ('1078', '0:0:0:0:0:0:0:1', '2019-10-11 20:49:42', 'CHROME');
INSERT INTO `visitor` VALUES ('1079', '0:0:0:0:0:0:0:1', '2019-10-11 20:49:43', 'CHROME');
INSERT INTO `visitor` VALUES ('1080', '0:0:0:0:0:0:0:1', '2019-10-11 20:49:43', 'CHROME');
INSERT INTO `visitor` VALUES ('1081', '0:0:0:0:0:0:0:1', '2019-10-11 20:49:43', 'CHROME');
INSERT INTO `visitor` VALUES ('1082', '0:0:0:0:0:0:0:1', '2019-10-11 20:49:43', 'CHROME');
INSERT INTO `visitor` VALUES ('1083', '0:0:0:0:0:0:0:1', '2019-10-11 20:50:12', 'CHROME');
INSERT INTO `visitor` VALUES ('1084', '0:0:0:0:0:0:0:1', '2019-10-11 20:50:32', 'CHROME');
INSERT INTO `visitor` VALUES ('1085', '0:0:0:0:0:0:0:1', '2019-10-11 20:50:36', 'CHROME');
INSERT INTO `visitor` VALUES ('1086', '0:0:0:0:0:0:0:1', '2019-10-11 20:50:36', 'CHROME');
INSERT INTO `visitor` VALUES ('1087', '0:0:0:0:0:0:0:1', '2019-10-11 20:50:37', 'CHROME');
INSERT INTO `visitor` VALUES ('1088', '0:0:0:0:0:0:0:1', '2019-10-11 20:50:37', 'CHROME');
INSERT INTO `visitor` VALUES ('1089', '0:0:0:0:0:0:0:1', '2019-10-11 20:50:38', 'CHROME');
INSERT INTO `visitor` VALUES ('1090', '0:0:0:0:0:0:0:1', '2019-10-11 20:50:38', 'CHROME');
INSERT INTO `visitor` VALUES ('1091', '0:0:0:0:0:0:0:1', '2019-10-11 20:50:39', 'CHROME');
INSERT INTO `visitor` VALUES ('1092', '0:0:0:0:0:0:0:1', '2019-10-11 20:50:39', 'CHROME');
INSERT INTO `visitor` VALUES ('1093', '0:0:0:0:0:0:0:1', '2019-10-11 20:50:40', 'CHROME');
INSERT INTO `visitor` VALUES ('1094', '0:0:0:0:0:0:0:1', '2019-10-11 20:50:40', 'CHROME');
INSERT INTO `visitor` VALUES ('1095', '0:0:0:0:0:0:0:1', '2019-10-11 20:50:40', 'CHROME');
INSERT INTO `visitor` VALUES ('1096', '0:0:0:0:0:0:0:1', '2019-10-11 20:50:40', 'CHROME');
INSERT INTO `visitor` VALUES ('1097', '0:0:0:0:0:0:0:1', '2019-10-11 20:50:41', 'CHROME');
INSERT INTO `visitor` VALUES ('1098', '0:0:0:0:0:0:0:1', '2019-10-11 20:50:41', 'CHROME');
INSERT INTO `visitor` VALUES ('1099', '0:0:0:0:0:0:0:1', '2019-10-11 20:50:41', 'CHROME');
INSERT INTO `visitor` VALUES ('1100', '0:0:0:0:0:0:0:1', '2019-10-11 20:50:41', 'CHROME');
INSERT INTO `visitor` VALUES ('1101', '0:0:0:0:0:0:0:1', '2019-10-11 20:50:42', 'CHROME');
INSERT INTO `visitor` VALUES ('1102', '0:0:0:0:0:0:0:1', '2019-10-11 20:50:42', 'CHROME');
INSERT INTO `visitor` VALUES ('1103', '0:0:0:0:0:0:0:1', '2019-10-11 20:50:47', 'CHROME');
INSERT INTO `visitor` VALUES ('1104', '0:0:0:0:0:0:0:1', '2019-10-11 20:50:47', 'CHROME');
INSERT INTO `visitor` VALUES ('1105', '0:0:0:0:0:0:0:1', '2019-10-11 20:50:47', 'CHROME');
INSERT INTO `visitor` VALUES ('1106', '0:0:0:0:0:0:0:1', '2019-10-11 20:50:47', 'CHROME');
INSERT INTO `visitor` VALUES ('1107', '0:0:0:0:0:0:0:1', '2019-10-11 20:50:48', 'CHROME');
INSERT INTO `visitor` VALUES ('1108', '0:0:0:0:0:0:0:1', '2019-10-11 20:50:48', 'CHROME');
INSERT INTO `visitor` VALUES ('1109', '0:0:0:0:0:0:0:1', '2019-10-11 20:50:48', 'CHROME');
INSERT INTO `visitor` VALUES ('1110', '0:0:0:0:0:0:0:1', '2019-10-11 20:50:49', 'CHROME');
INSERT INTO `visitor` VALUES ('1111', '0:0:0:0:0:0:0:1', '2019-10-11 20:50:49', 'CHROME');
INSERT INTO `visitor` VALUES ('1112', '0:0:0:0:0:0:0:1', '2019-10-11 20:50:49', 'CHROME');
INSERT INTO `visitor` VALUES ('1113', '0:0:0:0:0:0:0:1', '2019-10-11 20:50:50', 'CHROME');
INSERT INTO `visitor` VALUES ('1114', '0:0:0:0:0:0:0:1', '2019-10-11 20:50:50', 'CHROME');
INSERT INTO `visitor` VALUES ('1115', '0:0:0:0:0:0:0:1', '2019-10-11 20:50:50', 'CHROME');
INSERT INTO `visitor` VALUES ('1116', '0:0:0:0:0:0:0:1', '2019-10-11 20:50:50', 'CHROME');
INSERT INTO `visitor` VALUES ('1117', '0:0:0:0:0:0:0:1', '2019-10-11 20:50:55', 'CHROME');
INSERT INTO `visitor` VALUES ('1118', '0:0:0:0:0:0:0:1', '2019-10-11 20:50:55', 'CHROME');
INSERT INTO `visitor` VALUES ('1119', '0:0:0:0:0:0:0:1', '2019-10-11 20:51:22', 'CHROME');
INSERT INTO `visitor` VALUES ('1120', '0:0:0:0:0:0:0:1', '2019-10-11 20:51:24', 'CHROME');
INSERT INTO `visitor` VALUES ('1121', '0:0:0:0:0:0:0:1', '2019-10-11 20:51:24', 'CHROME');
INSERT INTO `visitor` VALUES ('1122', '0:0:0:0:0:0:0:1', '2019-10-11 20:51:24', 'CHROME');
INSERT INTO `visitor` VALUES ('1123', '0:0:0:0:0:0:0:1', '2019-10-11 20:51:24', 'CHROME');
INSERT INTO `visitor` VALUES ('1124', '0:0:0:0:0:0:0:1', '2019-10-11 20:51:25', 'CHROME');
INSERT INTO `visitor` VALUES ('1125', '0:0:0:0:0:0:0:1', '2019-10-11 20:51:25', 'CHROME');
INSERT INTO `visitor` VALUES ('1126', '0:0:0:0:0:0:0:1', '2019-10-11 20:51:26', 'CHROME');
INSERT INTO `visitor` VALUES ('1127', '0:0:0:0:0:0:0:1', '2019-10-11 20:51:26', 'CHROME');
INSERT INTO `visitor` VALUES ('1128', '0:0:0:0:0:0:0:1', '2019-10-11 20:51:27', 'CHROME');
INSERT INTO `visitor` VALUES ('1129', '0:0:0:0:0:0:0:1', '2019-10-11 20:51:28', 'CHROME');
INSERT INTO `visitor` VALUES ('1130', '0:0:0:0:0:0:0:1', '2019-10-11 20:51:30', 'CHROME');
INSERT INTO `visitor` VALUES ('1131', '0:0:0:0:0:0:0:1', '2019-10-11 20:51:30', 'CHROME');
INSERT INTO `visitor` VALUES ('1132', '0:0:0:0:0:0:0:1', '2019-10-11 20:51:31', 'CHROME');
INSERT INTO `visitor` VALUES ('1133', '0:0:0:0:0:0:0:1', '2019-10-11 20:51:31', 'CHROME');
INSERT INTO `visitor` VALUES ('1134', '0:0:0:0:0:0:0:1', '2019-10-11 20:51:32', 'CHROME');
INSERT INTO `visitor` VALUES ('1135', '0:0:0:0:0:0:0:1', '2019-10-11 20:51:32', 'CHROME');
INSERT INTO `visitor` VALUES ('1136', '0:0:0:0:0:0:0:1', '2019-10-11 20:51:33', 'CHROME');
INSERT INTO `visitor` VALUES ('1137', '0:0:0:0:0:0:0:1', '2019-10-11 20:51:33', 'CHROME');
INSERT INTO `visitor` VALUES ('1138', '0:0:0:0:0:0:0:1', '2019-10-11 20:51:34', 'CHROME');
INSERT INTO `visitor` VALUES ('1139', '0:0:0:0:0:0:0:1', '2019-10-11 20:51:34', 'CHROME');
INSERT INTO `visitor` VALUES ('1140', '0:0:0:0:0:0:0:1', '2019-10-11 20:51:34', 'CHROME');
INSERT INTO `visitor` VALUES ('1141', '0:0:0:0:0:0:0:1', '2019-10-11 20:51:34', 'CHROME');
INSERT INTO `visitor` VALUES ('1142', '0:0:0:0:0:0:0:1', '2019-10-11 20:53:15', 'CHROME');
INSERT INTO `visitor` VALUES ('1143', '0:0:0:0:0:0:0:1', '2019-10-11 20:53:17', 'CHROME');
INSERT INTO `visitor` VALUES ('1144', '0:0:0:0:0:0:0:1', '2019-10-11 20:53:18', 'CHROME');
INSERT INTO `visitor` VALUES ('1145', '0:0:0:0:0:0:0:1', '2019-10-11 20:53:20', 'CHROME');
INSERT INTO `visitor` VALUES ('1146', '0:0:0:0:0:0:0:1', '2019-10-11 20:53:20', 'CHROME');
INSERT INTO `visitor` VALUES ('1147', '0:0:0:0:0:0:0:1', '2019-10-11 20:53:20', 'CHROME');
INSERT INTO `visitor` VALUES ('1148', '0:0:0:0:0:0:0:1', '2019-10-11 20:53:21', 'CHROME');
INSERT INTO `visitor` VALUES ('1149', '0:0:0:0:0:0:0:1', '2019-10-11 20:53:38', 'CHROME');
INSERT INTO `visitor` VALUES ('1150', '0:0:0:0:0:0:0:1', '2019-10-11 20:53:45', 'CHROME');
INSERT INTO `visitor` VALUES ('1151', '0:0:0:0:0:0:0:1', '2019-10-11 20:56:09', 'CHROME');
INSERT INTO `visitor` VALUES ('1152', '0:0:0:0:0:0:0:1', '2019-10-11 20:56:30', 'CHROME');
INSERT INTO `visitor` VALUES ('1153', '0:0:0:0:0:0:0:1', '2019-10-11 20:56:31', 'CHROME');
INSERT INTO `visitor` VALUES ('1154', '0:0:0:0:0:0:0:1', '2019-10-11 20:56:31', 'CHROME');
INSERT INTO `visitor` VALUES ('1155', '0:0:0:0:0:0:0:1', '2019-10-11 20:56:32', 'CHROME');
INSERT INTO `visitor` VALUES ('1156', '0:0:0:0:0:0:0:1', '2019-10-11 20:56:36', 'CHROME');
INSERT INTO `visitor` VALUES ('1157', '0:0:0:0:0:0:0:1', '2019-10-11 20:56:36', 'CHROME');
INSERT INTO `visitor` VALUES ('1158', '0:0:0:0:0:0:0:1', '2019-10-11 20:57:02', 'CHROME');
INSERT INTO `visitor` VALUES ('1159', '0:0:0:0:0:0:0:1', '2019-10-11 20:57:03', 'CHROME');
INSERT INTO `visitor` VALUES ('1160', '0:0:0:0:0:0:0:1', '2019-10-11 20:57:04', 'CHROME');
INSERT INTO `visitor` VALUES ('1161', '0:0:0:0:0:0:0:1', '2019-10-11 20:57:04', 'CHROME');
INSERT INTO `visitor` VALUES ('1162', '0:0:0:0:0:0:0:1', '2019-10-11 20:57:04', 'CHROME');
INSERT INTO `visitor` VALUES ('1163', '0:0:0:0:0:0:0:1', '2019-10-11 20:57:05', 'CHROME');
INSERT INTO `visitor` VALUES ('1164', '0:0:0:0:0:0:0:1', '2019-10-11 20:57:05', 'CHROME');
INSERT INTO `visitor` VALUES ('1165', '0:0:0:0:0:0:0:1', '2019-10-11 20:57:05', 'CHROME');
INSERT INTO `visitor` VALUES ('1166', '0:0:0:0:0:0:0:1', '2019-10-11 20:57:05', 'CHROME');
INSERT INTO `visitor` VALUES ('1167', '0:0:0:0:0:0:0:1', '2019-10-11 20:57:06', 'CHROME');
INSERT INTO `visitor` VALUES ('1168', '0:0:0:0:0:0:0:1', '2019-10-11 20:57:06', 'CHROME');
INSERT INTO `visitor` VALUES ('1169', '0:0:0:0:0:0:0:1', '2019-10-11 20:57:08', 'CHROME');
INSERT INTO `visitor` VALUES ('1170', '0:0:0:0:0:0:0:1', '2019-10-11 20:57:09', 'CHROME');
INSERT INTO `visitor` VALUES ('1171', '0:0:0:0:0:0:0:1', '2019-10-11 20:57:10', 'CHROME');
INSERT INTO `visitor` VALUES ('1172', '0:0:0:0:0:0:0:1', '2019-10-11 20:57:10', 'CHROME');
INSERT INTO `visitor` VALUES ('1173', '0:0:0:0:0:0:0:1', '2019-10-11 20:57:13', 'CHROME');
INSERT INTO `visitor` VALUES ('1174', '0:0:0:0:0:0:0:1', '2019-10-11 20:57:14', 'CHROME');
INSERT INTO `visitor` VALUES ('1175', '0:0:0:0:0:0:0:1', '2019-10-11 20:57:15', 'CHROME');
INSERT INTO `visitor` VALUES ('1176', '0:0:0:0:0:0:0:1', '2019-10-11 20:57:15', 'CHROME');
INSERT INTO `visitor` VALUES ('1177', '0:0:0:0:0:0:0:1', '2019-10-11 20:57:15', 'CHROME');
INSERT INTO `visitor` VALUES ('1178', '0:0:0:0:0:0:0:1', '2019-10-11 20:57:15', 'CHROME');
INSERT INTO `visitor` VALUES ('1179', '0:0:0:0:0:0:0:1', '2019-10-11 20:57:16', 'CHROME');
INSERT INTO `visitor` VALUES ('1180', '0:0:0:0:0:0:0:1', '2019-10-11 20:57:52', 'CHROME');
INSERT INTO `visitor` VALUES ('1181', '0:0:0:0:0:0:0:1', '2019-10-11 20:57:53', 'CHROME');
INSERT INTO `visitor` VALUES ('1182', '0:0:0:0:0:0:0:1', '2019-10-11 20:57:54', 'CHROME');
INSERT INTO `visitor` VALUES ('1183', '0:0:0:0:0:0:0:1', '2019-10-11 20:58:07', 'CHROME');
INSERT INTO `visitor` VALUES ('1184', '0:0:0:0:0:0:0:1', '2019-10-11 20:58:09', 'CHROME');
INSERT INTO `visitor` VALUES ('1185', '0:0:0:0:0:0:0:1', '2019-10-11 20:58:09', 'CHROME');
INSERT INTO `visitor` VALUES ('1186', '0:0:0:0:0:0:0:1', '2019-10-11 20:58:10', 'CHROME');
INSERT INTO `visitor` VALUES ('1187', '0:0:0:0:0:0:0:1', '2019-10-11 20:58:10', 'CHROME');
INSERT INTO `visitor` VALUES ('1188', '0:0:0:0:0:0:0:1', '2019-10-11 20:58:10', 'CHROME');
INSERT INTO `visitor` VALUES ('1189', '0:0:0:0:0:0:0:1', '2019-10-11 20:58:10', 'CHROME');
INSERT INTO `visitor` VALUES ('1190', '0:0:0:0:0:0:0:1', '2019-10-11 20:58:11', 'CHROME');
INSERT INTO `visitor` VALUES ('1191', '0:0:0:0:0:0:0:1', '2019-10-11 20:58:11', 'CHROME');
INSERT INTO `visitor` VALUES ('1192', '0:0:0:0:0:0:0:1', '2019-10-11 20:58:12', 'CHROME');
INSERT INTO `visitor` VALUES ('1193', '0:0:0:0:0:0:0:1', '2019-10-11 20:58:12', 'CHROME');
INSERT INTO `visitor` VALUES ('1194', '0:0:0:0:0:0:0:1', '2019-10-11 20:58:12', 'CHROME');
INSERT INTO `visitor` VALUES ('1195', '0:0:0:0:0:0:0:1', '2019-10-11 20:58:12', 'CHROME');
INSERT INTO `visitor` VALUES ('1196', '0:0:0:0:0:0:0:1', '2019-10-11 20:58:13', 'CHROME');
INSERT INTO `visitor` VALUES ('1197', '0:0:0:0:0:0:0:1', '2019-10-11 20:58:13', 'CHROME');
INSERT INTO `visitor` VALUES ('1198', '0:0:0:0:0:0:0:1', '2019-10-11 20:58:14', 'CHROME');
INSERT INTO `visitor` VALUES ('1199', '0:0:0:0:0:0:0:1', '2019-10-11 20:58:14', 'CHROME');
INSERT INTO `visitor` VALUES ('1200', '0:0:0:0:0:0:0:1', '2019-10-11 20:58:14', 'CHROME');
INSERT INTO `visitor` VALUES ('1201', '0:0:0:0:0:0:0:1', '2019-10-11 20:58:14', 'CHROME');
INSERT INTO `visitor` VALUES ('1202', '0:0:0:0:0:0:0:1', '2019-10-11 20:58:15', 'CHROME');
INSERT INTO `visitor` VALUES ('1203', '0:0:0:0:0:0:0:1', '2019-10-11 20:58:15', 'CHROME');
INSERT INTO `visitor` VALUES ('1204', '0:0:0:0:0:0:0:1', '2019-10-11 20:58:15', 'CHROME');
INSERT INTO `visitor` VALUES ('1205', '0:0:0:0:0:0:0:1', '2019-10-11 20:58:15', 'CHROME');
INSERT INTO `visitor` VALUES ('1206', '0:0:0:0:0:0:0:1', '2019-10-11 20:58:17', 'CHROME');
INSERT INTO `visitor` VALUES ('1207', '0:0:0:0:0:0:0:1', '2019-10-11 20:58:18', 'CHROME');
INSERT INTO `visitor` VALUES ('1208', '0:0:0:0:0:0:0:1', '2019-10-11 20:58:18', 'CHROME');
INSERT INTO `visitor` VALUES ('1209', '0:0:0:0:0:0:0:1', '2019-10-11 20:58:19', 'CHROME');
INSERT INTO `visitor` VALUES ('1210', '0:0:0:0:0:0:0:1', '2019-10-11 20:58:19', 'CHROME');
INSERT INTO `visitor` VALUES ('1211', '0:0:0:0:0:0:0:1', '2019-10-11 20:58:19', 'CHROME');
INSERT INTO `visitor` VALUES ('1212', '0:0:0:0:0:0:0:1', '2019-10-11 20:58:19', 'CHROME');
INSERT INTO `visitor` VALUES ('1213', '0:0:0:0:0:0:0:1', '2019-10-11 20:58:20', 'CHROME');
INSERT INTO `visitor` VALUES ('1214', '0:0:0:0:0:0:0:1', '2019-10-11 20:58:20', 'CHROME');
INSERT INTO `visitor` VALUES ('1215', '0:0:0:0:0:0:0:1', '2019-10-11 20:58:21', 'CHROME');
INSERT INTO `visitor` VALUES ('1216', '0:0:0:0:0:0:0:1', '2019-10-11 20:58:21', 'CHROME');
INSERT INTO `visitor` VALUES ('1217', '0:0:0:0:0:0:0:1', '2019-10-11 20:58:57', 'CHROME');
INSERT INTO `visitor` VALUES ('1218', '0:0:0:0:0:0:0:1', '2019-10-11 20:58:58', 'CHROME');
INSERT INTO `visitor` VALUES ('1219', '0:0:0:0:0:0:0:1', '2019-10-11 20:59:55', 'CHROME');
INSERT INTO `visitor` VALUES ('1220', '0:0:0:0:0:0:0:1', '2019-10-11 20:59:55', 'CHROME');
INSERT INTO `visitor` VALUES ('1221', '0:0:0:0:0:0:0:1', '2019-10-11 20:59:56', 'CHROME');
INSERT INTO `visitor` VALUES ('1222', '0:0:0:0:0:0:0:1', '2019-10-11 20:59:56', 'CHROME');
INSERT INTO `visitor` VALUES ('1223', '0:0:0:0:0:0:0:1', '2019-10-11 20:59:57', 'CHROME');
INSERT INTO `visitor` VALUES ('1224', '0:0:0:0:0:0:0:1', '2019-10-11 20:59:57', 'CHROME');
INSERT INTO `visitor` VALUES ('1225', '0:0:0:0:0:0:0:1', '2019-10-11 21:00:58', 'CHROME');
INSERT INTO `visitor` VALUES ('1226', '0:0:0:0:0:0:0:1', '2019-10-11 21:00:58', 'CHROME');
INSERT INTO `visitor` VALUES ('1227', '0:0:0:0:0:0:0:1', '2019-10-11 21:00:59', 'CHROME');
INSERT INTO `visitor` VALUES ('1228', '0:0:0:0:0:0:0:1', '2019-10-11 21:00:59', 'CHROME');
INSERT INTO `visitor` VALUES ('1229', '0:0:0:0:0:0:0:1', '2019-10-11 21:01:00', 'CHROME');
INSERT INTO `visitor` VALUES ('1230', '0:0:0:0:0:0:0:1', '2019-10-11 21:01:00', 'CHROME');
INSERT INTO `visitor` VALUES ('1231', '0:0:0:0:0:0:0:1', '2019-10-11 21:03:29', 'CHROME');
INSERT INTO `visitor` VALUES ('1232', '0:0:0:0:0:0:0:1', '2019-10-11 21:03:40', 'CHROME');
INSERT INTO `visitor` VALUES ('1233', '0:0:0:0:0:0:0:1', '2019-10-11 21:03:40', 'CHROME');
INSERT INTO `visitor` VALUES ('1234', '0:0:0:0:0:0:0:1', '2019-10-11 21:03:41', 'CHROME');
INSERT INTO `visitor` VALUES ('1235', '0:0:0:0:0:0:0:1', '2019-10-11 21:03:41', 'CHROME');
INSERT INTO `visitor` VALUES ('1236', '0:0:0:0:0:0:0:1', '2019-10-11 21:03:42', 'CHROME');
INSERT INTO `visitor` VALUES ('1237', '0:0:0:0:0:0:0:1', '2019-10-11 21:03:42', 'CHROME');
INSERT INTO `visitor` VALUES ('1238', '0:0:0:0:0:0:0:1', '2019-10-11 21:03:42', 'CHROME');
INSERT INTO `visitor` VALUES ('1239', '0:0:0:0:0:0:0:1', '2019-10-11 21:03:42', 'CHROME');
INSERT INTO `visitor` VALUES ('1240', '0:0:0:0:0:0:0:1', '2019-10-11 21:03:43', 'CHROME');
INSERT INTO `visitor` VALUES ('1241', '0:0:0:0:0:0:0:1', '2019-10-11 21:03:43', 'CHROME');
INSERT INTO `visitor` VALUES ('1242', '0:0:0:0:0:0:0:1', '2019-10-11 21:03:43', 'CHROME');
INSERT INTO `visitor` VALUES ('1243', '0:0:0:0:0:0:0:1', '2019-10-11 21:03:43', 'CHROME');
INSERT INTO `visitor` VALUES ('1244', '0:0:0:0:0:0:0:1', '2019-10-11 21:03:43', 'CHROME');
INSERT INTO `visitor` VALUES ('1245', '0:0:0:0:0:0:0:1', '2019-10-11 21:03:44', 'CHROME');
INSERT INTO `visitor` VALUES ('1246', '0:0:0:0:0:0:0:1', '2019-10-11 21:03:44', 'CHROME');
INSERT INTO `visitor` VALUES ('1247', '0:0:0:0:0:0:0:1', '2019-10-11 21:03:44', 'CHROME');
INSERT INTO `visitor` VALUES ('1248', '0:0:0:0:0:0:0:1', '2019-10-11 21:04:20', 'CHROME');
INSERT INTO `visitor` VALUES ('1249', '0:0:0:0:0:0:0:1', '2019-10-11 21:04:42', 'CHROME');
INSERT INTO `visitor` VALUES ('1250', '0:0:0:0:0:0:0:1', '2019-10-11 21:05:35', 'CHROME');
INSERT INTO `visitor` VALUES ('1251', '0:0:0:0:0:0:0:1', '2019-10-11 21:05:39', 'CHROME');
INSERT INTO `visitor` VALUES ('1252', '0:0:0:0:0:0:0:1', '2019-10-11 21:08:45', 'CHROME');
INSERT INTO `visitor` VALUES ('1253', '0:0:0:0:0:0:0:1', '2019-10-11 21:10:50', 'CHROME');
INSERT INTO `visitor` VALUES ('1254', '0:0:0:0:0:0:0:1', '2019-10-11 21:11:28', 'CHROME');
INSERT INTO `visitor` VALUES ('1255', '0:0:0:0:0:0:0:1', '2019-10-11 21:11:39', 'CHROME');
INSERT INTO `visitor` VALUES ('1256', '0:0:0:0:0:0:0:1', '2019-10-11 21:16:43', 'CHROME');
INSERT INTO `visitor` VALUES ('1257', '0:0:0:0:0:0:0:1', '2019-10-11 21:17:02', 'CHROME');
INSERT INTO `visitor` VALUES ('1258', '0:0:0:0:0:0:0:1', '2019-10-11 21:17:26', 'CHROME');
INSERT INTO `visitor` VALUES ('1259', '0:0:0:0:0:0:0:1', '2019-10-11 21:17:46', 'CHROME');
INSERT INTO `visitor` VALUES ('1260', '0:0:0:0:0:0:0:1', '2019-10-11 21:17:55', 'CHROME');
INSERT INTO `visitor` VALUES ('1261', '0:0:0:0:0:0:0:1', '2019-10-11 21:18:06', 'CHROME');
INSERT INTO `visitor` VALUES ('1262', '0:0:0:0:0:0:0:1', '2019-10-11 21:18:56', 'CHROME');
INSERT INTO `visitor` VALUES ('1263', '0:0:0:0:0:0:0:1', '2019-10-11 21:19:22', 'CHROME');
INSERT INTO `visitor` VALUES ('1264', '0:0:0:0:0:0:0:1', '2019-10-11 21:19:25', 'CHROME');
INSERT INTO `visitor` VALUES ('1265', '0:0:0:0:0:0:0:1', '2019-10-11 21:19:38', 'CHROME');
INSERT INTO `visitor` VALUES ('1266', '0:0:0:0:0:0:0:1', '2019-10-11 21:19:56', 'CHROME');
INSERT INTO `visitor` VALUES ('1267', '0:0:0:0:0:0:0:1', '2019-10-11 21:20:19', 'CHROME');
INSERT INTO `visitor` VALUES ('1268', '0:0:0:0:0:0:0:1', '2019-10-11 21:20:20', 'CHROME');
INSERT INTO `visitor` VALUES ('1269', '0:0:0:0:0:0:0:1', '2019-10-11 21:20:30', 'CHROME');
INSERT INTO `visitor` VALUES ('1270', '0:0:0:0:0:0:0:1', '2019-10-11 21:20:31', 'CHROME');
INSERT INTO `visitor` VALUES ('1271', '0:0:0:0:0:0:0:1', '2019-10-11 21:21:40', 'CHROME');
INSERT INTO `visitor` VALUES ('1272', '0:0:0:0:0:0:0:1', '2019-10-11 21:21:41', 'CHROME');
INSERT INTO `visitor` VALUES ('1273', '0:0:0:0:0:0:0:1', '2019-10-11 21:22:16', 'CHROME');
INSERT INTO `visitor` VALUES ('1274', '0:0:0:0:0:0:0:1', '2019-10-11 21:22:17', 'CHROME');
INSERT INTO `visitor` VALUES ('1275', '0:0:0:0:0:0:0:1', '2019-10-11 21:22:44', 'CHROME');
INSERT INTO `visitor` VALUES ('1276', '0:0:0:0:0:0:0:1', '2019-10-11 21:22:57', 'CHROME');
INSERT INTO `visitor` VALUES ('1277', '0:0:0:0:0:0:0:1', '2019-10-11 21:23:15', 'CHROME');
INSERT INTO `visitor` VALUES ('1278', '0:0:0:0:0:0:0:1', '2019-10-11 21:23:55', 'CHROME');
INSERT INTO `visitor` VALUES ('1279', '0:0:0:0:0:0:0:1', '2019-10-11 21:25:06', 'CHROME');
INSERT INTO `visitor` VALUES ('1280', '0:0:0:0:0:0:0:1', '2019-10-11 21:25:07', 'CHROME');
INSERT INTO `visitor` VALUES ('1281', '0:0:0:0:0:0:0:1', '2019-10-11 21:25:20', 'CHROME');
INSERT INTO `visitor` VALUES ('1282', '0:0:0:0:0:0:0:1', '2019-10-11 21:26:06', 'CHROME');
INSERT INTO `visitor` VALUES ('1283', '0:0:0:0:0:0:0:1', '2019-10-11 21:26:27', 'CHROME');
INSERT INTO `visitor` VALUES ('1284', '0:0:0:0:0:0:0:1', '2019-10-11 21:26:28', 'CHROME');
INSERT INTO `visitor` VALUES ('1285', '0:0:0:0:0:0:0:1', '2019-10-11 21:26:51', 'CHROME');
INSERT INTO `visitor` VALUES ('1286', '0:0:0:0:0:0:0:1', '2019-10-11 21:26:53', 'CHROME');
INSERT INTO `visitor` VALUES ('1287', '0:0:0:0:0:0:0:1', '2019-10-11 21:29:32', 'CHROME');
INSERT INTO `visitor` VALUES ('1288', '0:0:0:0:0:0:0:1', '2019-10-11 21:29:33', 'CHROME');
INSERT INTO `visitor` VALUES ('1289', '0:0:0:0:0:0:0:1', '2019-10-11 21:30:23', 'CHROME');
INSERT INTO `visitor` VALUES ('1290', '0:0:0:0:0:0:0:1', '2019-10-11 21:32:38', 'CHROME');
INSERT INTO `visitor` VALUES ('1291', '0:0:0:0:0:0:0:1', '2019-10-11 21:33:33', 'CHROME');
INSERT INTO `visitor` VALUES ('1292', '0:0:0:0:0:0:0:1', '2019-10-11 21:33:42', 'CHROME');
INSERT INTO `visitor` VALUES ('1293', '0:0:0:0:0:0:0:1', '2019-10-11 21:35:10', 'CHROME');
INSERT INTO `visitor` VALUES ('1294', '0:0:0:0:0:0:0:1', '2019-10-11 21:35:52', 'CHROME');
INSERT INTO `visitor` VALUES ('1295', '0:0:0:0:0:0:0:1', '2019-10-11 21:36:43', 'CHROME');
INSERT INTO `visitor` VALUES ('1296', '0:0:0:0:0:0:0:1', '2019-10-11 21:37:10', 'CHROME');
INSERT INTO `visitor` VALUES ('1297', '0:0:0:0:0:0:0:1', '2019-10-11 21:37:35', 'CHROME');
INSERT INTO `visitor` VALUES ('1298', '0:0:0:0:0:0:0:1', '2019-10-11 21:37:51', 'CHROME');
INSERT INTO `visitor` VALUES ('1299', '0:0:0:0:0:0:0:1', '2019-10-11 21:37:53', 'CHROME');
INSERT INTO `visitor` VALUES ('1300', '0:0:0:0:0:0:0:1', '2019-10-11 21:37:53', 'CHROME');
INSERT INTO `visitor` VALUES ('1301', '0:0:0:0:0:0:0:1', '2019-10-11 21:37:54', 'CHROME');
INSERT INTO `visitor` VALUES ('1302', '0:0:0:0:0:0:0:1', '2019-10-11 21:38:13', 'CHROME');
INSERT INTO `visitor` VALUES ('1303', '0:0:0:0:0:0:0:1', '2019-10-11 21:38:23', 'CHROME');
INSERT INTO `visitor` VALUES ('1304', '0:0:0:0:0:0:0:1', '2019-10-11 21:38:24', 'CHROME');
INSERT INTO `visitor` VALUES ('1305', '0:0:0:0:0:0:0:1', '2019-10-11 21:38:35', 'CHROME');
INSERT INTO `visitor` VALUES ('1306', '0:0:0:0:0:0:0:1', '2019-10-11 21:39:26', 'CHROME');
INSERT INTO `visitor` VALUES ('1307', '0:0:0:0:0:0:0:1', '2019-10-11 21:40:02', 'CHROME');
INSERT INTO `visitor` VALUES ('1308', '0:0:0:0:0:0:0:1', '2019-10-11 21:40:03', 'CHROME');
INSERT INTO `visitor` VALUES ('1309', '0:0:0:0:0:0:0:1', '2019-10-11 21:40:57', 'CHROME');
INSERT INTO `visitor` VALUES ('1310', '0:0:0:0:0:0:0:1', '2019-10-11 21:41:34', 'CHROME');
INSERT INTO `visitor` VALUES ('1311', '0:0:0:0:0:0:0:1', '2019-10-11 21:42:07', 'CHROME');
INSERT INTO `visitor` VALUES ('1312', '0:0:0:0:0:0:0:1', '2019-10-11 21:44:35', 'CHROME');
INSERT INTO `visitor` VALUES ('1313', '0:0:0:0:0:0:0:1', '2019-10-11 21:44:36', 'CHROME');
INSERT INTO `visitor` VALUES ('1314', '0:0:0:0:0:0:0:1', '2019-10-11 21:52:13', 'CHROME');
INSERT INTO `visitor` VALUES ('1315', '0:0:0:0:0:0:0:1', '2019-10-11 21:52:34', 'CHROME');
INSERT INTO `visitor` VALUES ('1316', '0:0:0:0:0:0:0:1', '2019-10-11 21:52:47', 'CHROME');
INSERT INTO `visitor` VALUES ('1317', '0:0:0:0:0:0:0:1', '2019-10-11 21:53:20', 'CHROME');
INSERT INTO `visitor` VALUES ('1318', '0:0:0:0:0:0:0:1', '2019-10-11 21:53:47', 'CHROME');
INSERT INTO `visitor` VALUES ('1319', '0:0:0:0:0:0:0:1', '2019-10-11 21:54:21', 'CHROME');
INSERT INTO `visitor` VALUES ('1320', '0:0:0:0:0:0:0:1', '2019-10-11 21:57:10', 'CHROME');
INSERT INTO `visitor` VALUES ('1321', '0:0:0:0:0:0:0:1', '2019-10-11 21:58:04', 'CHROME');
INSERT INTO `visitor` VALUES ('1322', '0:0:0:0:0:0:0:1', '2019-10-11 21:58:43', 'CHROME');
INSERT INTO `visitor` VALUES ('1323', '0:0:0:0:0:0:0:1', '2019-10-11 21:59:13', 'CHROME');
INSERT INTO `visitor` VALUES ('1324', '0:0:0:0:0:0:0:1', '2019-10-11 21:59:59', 'CHROME');
INSERT INTO `visitor` VALUES ('1325', '0:0:0:0:0:0:0:1', '2019-10-11 22:00:13', 'CHROME');
INSERT INTO `visitor` VALUES ('1326', '0:0:0:0:0:0:0:1', '2019-10-11 22:00:45', 'CHROME');
INSERT INTO `visitor` VALUES ('1327', '0:0:0:0:0:0:0:1', '2019-10-11 22:01:34', 'CHROME');
INSERT INTO `visitor` VALUES ('1328', '0:0:0:0:0:0:0:1', '2019-10-11 22:01:56', 'CHROME');
INSERT INTO `visitor` VALUES ('1329', '0:0:0:0:0:0:0:1', '2019-10-11 22:02:42', 'CHROME');
INSERT INTO `visitor` VALUES ('1330', '0:0:0:0:0:0:0:1', '2019-10-11 22:04:20', 'CHROME');
INSERT INTO `visitor` VALUES ('1331', '0:0:0:0:0:0:0:1', '2019-10-11 22:04:37', 'CHROME');
INSERT INTO `visitor` VALUES ('1332', '0:0:0:0:0:0:0:1', '2019-10-11 22:05:01', 'CHROME');
INSERT INTO `visitor` VALUES ('1333', '0:0:0:0:0:0:0:1', '2019-10-11 22:05:46', 'CHROME');
INSERT INTO `visitor` VALUES ('1334', '0:0:0:0:0:0:0:1', '2019-10-11 22:07:06', 'CHROME');
INSERT INTO `visitor` VALUES ('1335', '0:0:0:0:0:0:0:1', '2019-10-11 22:07:19', 'CHROME');
INSERT INTO `visitor` VALUES ('1336', '0:0:0:0:0:0:0:1', '2019-10-11 22:07:29', 'CHROME');
INSERT INTO `visitor` VALUES ('1337', '0:0:0:0:0:0:0:1', '2019-10-11 22:07:41', 'CHROME');
INSERT INTO `visitor` VALUES ('1338', '0:0:0:0:0:0:0:1', '2019-10-11 22:08:16', 'CHROME');
INSERT INTO `visitor` VALUES ('1339', '0:0:0:0:0:0:0:1', '2019-10-11 22:08:16', 'CHROME');
INSERT INTO `visitor` VALUES ('1340', '0:0:0:0:0:0:0:1', '2019-10-11 22:08:19', 'CHROME');
INSERT INTO `visitor` VALUES ('1341', '0:0:0:0:0:0:0:1', '2019-10-11 22:08:19', 'CHROME');
INSERT INTO `visitor` VALUES ('1342', '0:0:0:0:0:0:0:1', '2019-10-11 22:09:11', 'CHROME');
INSERT INTO `visitor` VALUES ('1343', '0:0:0:0:0:0:0:1', '2019-10-11 22:09:13', 'CHROME');
INSERT INTO `visitor` VALUES ('1344', '0:0:0:0:0:0:0:1', '2019-10-11 22:09:21', 'CHROME');
INSERT INTO `visitor` VALUES ('1345', '0:0:0:0:0:0:0:1', '2019-10-11 22:09:33', 'CHROME');
INSERT INTO `visitor` VALUES ('1346', '0:0:0:0:0:0:0:1', '2019-10-11 22:10:06', 'CHROME');
INSERT INTO `visitor` VALUES ('1347', '0:0:0:0:0:0:0:1', '2019-10-11 22:10:07', 'CHROME');
INSERT INTO `visitor` VALUES ('1348', '0:0:0:0:0:0:0:1', '2019-10-11 22:10:16', 'CHROME');
INSERT INTO `visitor` VALUES ('1349', '0:0:0:0:0:0:0:1', '2019-10-11 22:10:48', 'CHROME');
INSERT INTO `visitor` VALUES ('1350', '0:0:0:0:0:0:0:1', '2019-10-11 22:13:42', 'CHROME');
INSERT INTO `visitor` VALUES ('1351', '0:0:0:0:0:0:0:1', '2019-10-11 22:13:59', 'CHROME');
INSERT INTO `visitor` VALUES ('1352', '0:0:0:0:0:0:0:1', '2019-10-11 22:15:54', 'CHROME');
INSERT INTO `visitor` VALUES ('1353', '0:0:0:0:0:0:0:1', '2019-10-11 22:15:55', 'CHROME');
INSERT INTO `visitor` VALUES ('1354', '0:0:0:0:0:0:0:1', '2019-10-11 22:16:06', 'CHROME');
INSERT INTO `visitor` VALUES ('1355', '0:0:0:0:0:0:0:1', '2019-10-11 22:16:38', 'CHROME');
INSERT INTO `visitor` VALUES ('1356', '0:0:0:0:0:0:0:1', '2019-10-11 22:16:58', 'CHROME');
INSERT INTO `visitor` VALUES ('1357', '0:0:0:0:0:0:0:1', '2019-10-11 22:16:59', 'CHROME');
INSERT INTO `visitor` VALUES ('1358', '0:0:0:0:0:0:0:1', '2019-10-11 22:17:00', 'CHROME');
INSERT INTO `visitor` VALUES ('1359', '0:0:0:0:0:0:0:1', '2019-10-11 22:17:00', 'CHROME');
INSERT INTO `visitor` VALUES ('1360', '0:0:0:0:0:0:0:1', '2019-10-11 22:17:01', 'CHROME');
INSERT INTO `visitor` VALUES ('1361', '0:0:0:0:0:0:0:1', '2019-10-11 22:17:24', 'CHROME');
INSERT INTO `visitor` VALUES ('1362', '0:0:0:0:0:0:0:1', '2019-10-11 22:20:02', 'CHROME');
INSERT INTO `visitor` VALUES ('1363', '0:0:0:0:0:0:0:1', '2019-10-11 22:20:03', 'CHROME');
INSERT INTO `visitor` VALUES ('1364', '0:0:0:0:0:0:0:1', '2019-10-11 22:20:04', 'CHROME');
INSERT INTO `visitor` VALUES ('1365', '0:0:0:0:0:0:0:1', '2019-10-11 22:20:04', 'CHROME');
INSERT INTO `visitor` VALUES ('1366', '0:0:0:0:0:0:0:1', '2019-10-11 22:22:18', 'CHROME');
INSERT INTO `visitor` VALUES ('1367', '0:0:0:0:0:0:0:1', '2019-10-11 22:22:19', 'CHROME');
INSERT INTO `visitor` VALUES ('1368', '0:0:0:0:0:0:0:1', '2019-10-11 22:22:31', 'CHROME');
INSERT INTO `visitor` VALUES ('1369', '0:0:0:0:0:0:0:1', '2019-10-11 22:22:31', 'CHROME');
INSERT INTO `visitor` VALUES ('1370', '0:0:0:0:0:0:0:1', '2019-10-11 22:22:31', 'CHROME');
INSERT INTO `visitor` VALUES ('1371', '0:0:0:0:0:0:0:1', '2019-10-11 22:27:51', 'CHROME');
INSERT INTO `visitor` VALUES ('1372', '0:0:0:0:0:0:0:1', '2019-10-11 22:27:53', 'CHROME');
INSERT INTO `visitor` VALUES ('1373', '0:0:0:0:0:0:0:1', '2019-10-11 22:28:14', 'CHROME');
INSERT INTO `visitor` VALUES ('1374', '0:0:0:0:0:0:0:1', '2019-10-11 22:28:31', 'CHROME');
INSERT INTO `visitor` VALUES ('1375', '0:0:0:0:0:0:0:1', '2019-10-11 22:29:52', 'CHROME');
INSERT INTO `visitor` VALUES ('1376', '0:0:0:0:0:0:0:1', '2019-10-11 22:31:03', 'CHROME');
INSERT INTO `visitor` VALUES ('1377', '0:0:0:0:0:0:0:1', '2019-10-11 22:31:35', 'CHROME');
INSERT INTO `visitor` VALUES ('1378', '0:0:0:0:0:0:0:1', '2019-10-11 22:31:37', 'CHROME');
INSERT INTO `visitor` VALUES ('1379', '0:0:0:0:0:0:0:1', '2019-10-11 22:33:22', 'CHROME');
INSERT INTO `visitor` VALUES ('1380', '0:0:0:0:0:0:0:1', '2019-10-11 22:33:38', 'CHROME');
INSERT INTO `visitor` VALUES ('1381', '0:0:0:0:0:0:0:1', '2019-10-11 22:34:14', 'CHROME');
INSERT INTO `visitor` VALUES ('1382', '0:0:0:0:0:0:0:1', '2019-10-11 22:34:57', 'CHROME');
INSERT INTO `visitor` VALUES ('1383', '0:0:0:0:0:0:0:1', '2019-10-11 22:34:58', 'CHROME');
INSERT INTO `visitor` VALUES ('1384', '0:0:0:0:0:0:0:1', '2019-10-11 22:35:00', 'CHROME');
INSERT INTO `visitor` VALUES ('1385', '0:0:0:0:0:0:0:1', '2019-10-11 22:35:05', 'CHROME');
INSERT INTO `visitor` VALUES ('1386', '0:0:0:0:0:0:0:1', '2019-10-11 22:35:05', 'CHROME');
INSERT INTO `visitor` VALUES ('1387', '0:0:0:0:0:0:0:1', '2019-10-11 22:35:06', 'CHROME');
INSERT INTO `visitor` VALUES ('1388', '0:0:0:0:0:0:0:1', '2019-10-11 22:35:06', 'CHROME');
INSERT INTO `visitor` VALUES ('1389', '0:0:0:0:0:0:0:1', '2019-10-11 22:35:07', 'CHROME');
INSERT INTO `visitor` VALUES ('1390', '0:0:0:0:0:0:0:1', '2019-10-11 22:35:08', 'CHROME');
INSERT INTO `visitor` VALUES ('1391', '0:0:0:0:0:0:0:1', '2019-10-11 22:35:09', 'CHROME');
INSERT INTO `visitor` VALUES ('1392', '0:0:0:0:0:0:0:1', '2019-10-11 22:35:09', 'CHROME');
INSERT INTO `visitor` VALUES ('1393', '0:0:0:0:0:0:0:1', '2019-10-11 22:35:09', 'CHROME');
INSERT INTO `visitor` VALUES ('1394', '0:0:0:0:0:0:0:1', '2019-10-11 22:35:09', 'CHROME');
INSERT INTO `visitor` VALUES ('1395', '0:0:0:0:0:0:0:1', '2019-10-11 22:35:10', 'CHROME');
INSERT INTO `visitor` VALUES ('1396', '0:0:0:0:0:0:0:1', '2019-10-11 22:39:21', 'CHROME');
INSERT INTO `visitor` VALUES ('1397', '0:0:0:0:0:0:0:1', '2019-10-11 22:44:13', 'CHROME');
INSERT INTO `visitor` VALUES ('1398', '0:0:0:0:0:0:0:1', '2019-10-11 22:44:14', 'CHROME');
INSERT INTO `visitor` VALUES ('1399', '0:0:0:0:0:0:0:1', '2019-10-11 22:44:15', 'CHROME');
INSERT INTO `visitor` VALUES ('1400', '0:0:0:0:0:0:0:1', '2019-10-11 22:44:15', 'CHROME');
INSERT INTO `visitor` VALUES ('1401', '0:0:0:0:0:0:0:1', '2019-10-11 22:45:06', 'CHROME');
INSERT INTO `visitor` VALUES ('1402', '0:0:0:0:0:0:0:1', '2019-10-11 22:45:22', 'CHROME');
INSERT INTO `visitor` VALUES ('1403', '0:0:0:0:0:0:0:1', '2019-10-11 22:45:38', 'CHROME');
INSERT INTO `visitor` VALUES ('1404', '0:0:0:0:0:0:0:1', '2019-10-11 22:45:38', 'CHROME');
INSERT INTO `visitor` VALUES ('1405', '0:0:0:0:0:0:0:1', '2019-10-11 22:45:39', 'CHROME');
INSERT INTO `visitor` VALUES ('1406', '0:0:0:0:0:0:0:1', '2019-10-11 22:46:08', 'CHROME');
INSERT INTO `visitor` VALUES ('1407', '0:0:0:0:0:0:0:1', '2019-10-11 22:46:09', 'CHROME');
INSERT INTO `visitor` VALUES ('1408', '0:0:0:0:0:0:0:1', '2019-10-11 22:46:09', 'CHROME');
INSERT INTO `visitor` VALUES ('1409', '0:0:0:0:0:0:0:1', '2019-10-11 22:46:10', 'CHROME');
INSERT INTO `visitor` VALUES ('1410', '0:0:0:0:0:0:0:1', '2019-10-11 22:46:11', 'CHROME');
INSERT INTO `visitor` VALUES ('1411', '0:0:0:0:0:0:0:1', '2019-10-11 22:46:11', 'CHROME');
INSERT INTO `visitor` VALUES ('1412', '0:0:0:0:0:0:0:1', '2019-10-11 22:46:11', 'CHROME');
INSERT INTO `visitor` VALUES ('1413', '0:0:0:0:0:0:0:1', '2019-10-11 22:46:11', 'CHROME');
INSERT INTO `visitor` VALUES ('1414', '0:0:0:0:0:0:0:1', '2019-10-11 22:46:11', 'CHROME');
INSERT INTO `visitor` VALUES ('1415', '0:0:0:0:0:0:0:1', '2019-10-11 22:46:11', 'CHROME');
INSERT INTO `visitor` VALUES ('1416', '0:0:0:0:0:0:0:1', '2019-10-11 22:47:30', 'CHROME');
INSERT INTO `visitor` VALUES ('1417', '0:0:0:0:0:0:0:1', '2019-10-11 22:47:38', 'CHROME');
INSERT INTO `visitor` VALUES ('1418', '0:0:0:0:0:0:0:1', '2019-10-11 22:47:39', 'CHROME');
INSERT INTO `visitor` VALUES ('1419', '0:0:0:0:0:0:0:1', '2019-10-11 22:47:39', 'CHROME');
INSERT INTO `visitor` VALUES ('1420', '0:0:0:0:0:0:0:1', '2019-10-11 22:47:47', 'CHROME');
INSERT INTO `visitor` VALUES ('1421', '0:0:0:0:0:0:0:1', '2019-10-11 22:51:22', 'CHROME');
INSERT INTO `visitor` VALUES ('1422', '0:0:0:0:0:0:0:1', '2019-10-11 22:51:40', 'CHROME');
INSERT INTO `visitor` VALUES ('1423', '0:0:0:0:0:0:0:1', '2019-10-11 22:52:21', 'CHROME');
INSERT INTO `visitor` VALUES ('1424', '0:0:0:0:0:0:0:1', '2019-10-11 22:52:22', 'CHROME');
INSERT INTO `visitor` VALUES ('1425', '0:0:0:0:0:0:0:1', '2019-10-11 22:52:43', 'CHROME');
INSERT INTO `visitor` VALUES ('1426', '0:0:0:0:0:0:0:1', '2019-10-11 22:52:44', 'CHROME');
INSERT INTO `visitor` VALUES ('1427', '0:0:0:0:0:0:0:1', '2019-10-11 22:52:45', 'CHROME');
INSERT INTO `visitor` VALUES ('1428', '0:0:0:0:0:0:0:1', '2019-10-11 22:52:45', 'CHROME');
INSERT INTO `visitor` VALUES ('1429', '0:0:0:0:0:0:0:1', '2019-10-11 22:52:48', 'CHROME');
INSERT INTO `visitor` VALUES ('1430', '0:0:0:0:0:0:0:1', '2019-10-11 22:52:49', 'CHROME');
INSERT INTO `visitor` VALUES ('1431', '0:0:0:0:0:0:0:1', '2019-10-11 22:52:50', 'CHROME');
INSERT INTO `visitor` VALUES ('1432', '0:0:0:0:0:0:0:1', '2019-10-11 22:53:29', 'CHROME');
INSERT INTO `visitor` VALUES ('1433', '0:0:0:0:0:0:0:1', '2019-10-11 22:53:30', 'CHROME');
INSERT INTO `visitor` VALUES ('1434', '0:0:0:0:0:0:0:1', '2019-10-11 22:53:31', 'CHROME');
INSERT INTO `visitor` VALUES ('1435', '0:0:0:0:0:0:0:1', '2019-10-11 22:53:49', 'CHROME');
INSERT INTO `visitor` VALUES ('1436', '0:0:0:0:0:0:0:1', '2019-10-11 22:54:05', 'CHROME');
INSERT INTO `visitor` VALUES ('1437', '0:0:0:0:0:0:0:1', '2019-10-11 22:54:07', 'CHROME');
INSERT INTO `visitor` VALUES ('1438', '0:0:0:0:0:0:0:1', '2019-10-11 22:54:08', 'CHROME');
INSERT INTO `visitor` VALUES ('1439', '0:0:0:0:0:0:0:1', '2019-10-11 22:54:08', 'CHROME');
INSERT INTO `visitor` VALUES ('1440', '0:0:0:0:0:0:0:1', '2019-10-11 22:54:08', 'CHROME');
INSERT INTO `visitor` VALUES ('1441', '0:0:0:0:0:0:0:1', '2019-10-11 22:54:09', 'CHROME');
INSERT INTO `visitor` VALUES ('1442', '0:0:0:0:0:0:0:1', '2019-10-11 22:54:09', 'CHROME');
INSERT INTO `visitor` VALUES ('1443', '0:0:0:0:0:0:0:1', '2019-10-11 22:54:29', 'CHROME');
INSERT INTO `visitor` VALUES ('1444', '0:0:0:0:0:0:0:1', '2019-10-11 22:55:10', 'CHROME');
INSERT INTO `visitor` VALUES ('1445', '0:0:0:0:0:0:0:1', '2019-10-11 22:55:11', 'CHROME');
INSERT INTO `visitor` VALUES ('1446', '0:0:0:0:0:0:0:1', '2019-10-11 22:58:18', 'CHROME');
INSERT INTO `visitor` VALUES ('1447', '0:0:0:0:0:0:0:1', '2019-10-11 22:58:18', 'CHROME');
INSERT INTO `visitor` VALUES ('1448', '0:0:0:0:0:0:0:1', '2019-10-11 22:58:19', 'CHROME');
INSERT INTO `visitor` VALUES ('1449', '0:0:0:0:0:0:0:1', '2019-10-11 22:58:19', 'CHROME');
INSERT INTO `visitor` VALUES ('1450', '0:0:0:0:0:0:0:1', '2019-10-11 22:58:20', 'CHROME');
INSERT INTO `visitor` VALUES ('1451', '0:0:0:0:0:0:0:1', '2019-10-11 22:58:20', 'CHROME');
INSERT INTO `visitor` VALUES ('1452', '0:0:0:0:0:0:0:1', '2019-10-11 22:58:21', 'CHROME');
INSERT INTO `visitor` VALUES ('1453', '0:0:0:0:0:0:0:1', '2019-10-11 22:58:22', 'CHROME');
INSERT INTO `visitor` VALUES ('1454', '0:0:0:0:0:0:0:1', '2019-10-11 22:58:22', 'CHROME');
INSERT INTO `visitor` VALUES ('1455', '0:0:0:0:0:0:0:1', '2019-10-11 22:58:23', 'CHROME');
INSERT INTO `visitor` VALUES ('1456', '0:0:0:0:0:0:0:1', '2019-10-11 22:58:25', 'CHROME');
INSERT INTO `visitor` VALUES ('1457', '0:0:0:0:0:0:0:1', '2019-10-11 22:58:25', 'CHROME');
INSERT INTO `visitor` VALUES ('1458', '0:0:0:0:0:0:0:1', '2019-10-11 22:58:26', 'CHROME');
INSERT INTO `visitor` VALUES ('1459', '0:0:0:0:0:0:0:1', '2019-10-11 22:58:26', 'CHROME');
INSERT INTO `visitor` VALUES ('1460', '0:0:0:0:0:0:0:1', '2019-10-11 22:59:02', 'CHROME');
INSERT INTO `visitor` VALUES ('1461', '0:0:0:0:0:0:0:1', '2019-10-11 22:59:19', 'CHROME');
INSERT INTO `visitor` VALUES ('1462', '0:0:0:0:0:0:0:1', '2019-10-11 23:00:40', 'CHROME');
INSERT INTO `visitor` VALUES ('1463', '0:0:0:0:0:0:0:1', '2019-10-11 23:00:56', 'CHROME');
INSERT INTO `visitor` VALUES ('1464', '0:0:0:0:0:0:0:1', '2019-10-11 23:00:57', 'CHROME');
INSERT INTO `visitor` VALUES ('1465', '0:0:0:0:0:0:0:1', '2019-10-11 23:00:58', 'CHROME');
INSERT INTO `visitor` VALUES ('1466', '0:0:0:0:0:0:0:1', '2019-10-11 23:00:59', 'CHROME');
INSERT INTO `visitor` VALUES ('1467', '0:0:0:0:0:0:0:1', '2019-10-11 23:00:59', 'CHROME');
INSERT INTO `visitor` VALUES ('1468', '0:0:0:0:0:0:0:1', '2019-10-11 23:00:59', 'CHROME');
INSERT INTO `visitor` VALUES ('1469', '0:0:0:0:0:0:0:1', '2019-10-11 23:00:59', 'CHROME');
INSERT INTO `visitor` VALUES ('1470', '0:0:0:0:0:0:0:1', '2019-10-11 23:01:00', 'CHROME');
INSERT INTO `visitor` VALUES ('1471', '0:0:0:0:0:0:0:1', '2019-10-11 23:01:00', 'CHROME');
INSERT INTO `visitor` VALUES ('1472', '0:0:0:0:0:0:0:1', '2019-10-11 23:01:00', 'CHROME');
INSERT INTO `visitor` VALUES ('1473', '0:0:0:0:0:0:0:1', '2019-10-11 23:01:01', 'CHROME');
INSERT INTO `visitor` VALUES ('1474', '0:0:0:0:0:0:0:1', '2019-10-11 23:01:01', 'CHROME');
INSERT INTO `visitor` VALUES ('1475', '0:0:0:0:0:0:0:1', '2019-10-11 23:01:02', 'CHROME');
INSERT INTO `visitor` VALUES ('1476', '0:0:0:0:0:0:0:1', '2019-10-11 23:01:02', 'CHROME');
INSERT INTO `visitor` VALUES ('1477', '0:0:0:0:0:0:0:1', '2019-10-11 23:01:03', 'CHROME');
INSERT INTO `visitor` VALUES ('1478', '0:0:0:0:0:0:0:1', '2019-10-11 23:01:03', 'CHROME');
INSERT INTO `visitor` VALUES ('1479', '0:0:0:0:0:0:0:1', '2019-10-11 23:01:04', 'CHROME');
INSERT INTO `visitor` VALUES ('1480', '0:0:0:0:0:0:0:1', '2019-10-11 23:01:04', 'CHROME');
INSERT INTO `visitor` VALUES ('1481', '0:0:0:0:0:0:0:1', '2019-10-11 23:01:04', 'CHROME');
INSERT INTO `visitor` VALUES ('1482', '0:0:0:0:0:0:0:1', '2019-10-11 23:01:04', 'CHROME');
INSERT INTO `visitor` VALUES ('1483', '0:0:0:0:0:0:0:1', '2019-10-11 23:01:05', 'CHROME');
INSERT INTO `visitor` VALUES ('1484', '0:0:0:0:0:0:0:1', '2019-10-11 23:01:05', 'CHROME');
INSERT INTO `visitor` VALUES ('1485', '0:0:0:0:0:0:0:1', '2019-10-11 23:02:06', 'CHROME');
INSERT INTO `visitor` VALUES ('1486', '0:0:0:0:0:0:0:1', '2019-10-11 23:02:10', 'CHROME');
INSERT INTO `visitor` VALUES ('1487', '0:0:0:0:0:0:0:1', '2019-10-11 23:02:15', 'CHROME');
INSERT INTO `visitor` VALUES ('1488', '0:0:0:0:0:0:0:1', '2019-10-11 23:02:32', 'CHROME');
INSERT INTO `visitor` VALUES ('1489', '0:0:0:0:0:0:0:1', '2019-10-11 23:03:07', 'CHROME');
INSERT INTO `visitor` VALUES ('1490', '0:0:0:0:0:0:0:1', '2019-10-11 23:04:28', 'CHROME');
INSERT INTO `visitor` VALUES ('1491', '0:0:0:0:0:0:0:1', '2019-10-11 23:04:51', 'CHROME');
INSERT INTO `visitor` VALUES ('1492', '0:0:0:0:0:0:0:1', '2019-10-11 23:04:51', 'CHROME');
INSERT INTO `visitor` VALUES ('1493', '0:0:0:0:0:0:0:1', '2019-10-11 23:04:52', 'CHROME');
INSERT INTO `visitor` VALUES ('1494', '0:0:0:0:0:0:0:1', '2019-10-11 23:04:53', 'CHROME');
INSERT INTO `visitor` VALUES ('1495', '0:0:0:0:0:0:0:1', '2019-10-11 23:04:53', 'CHROME');
INSERT INTO `visitor` VALUES ('1496', '0:0:0:0:0:0:0:1', '2019-10-11 23:04:54', 'CHROME');
INSERT INTO `visitor` VALUES ('1497', '0:0:0:0:0:0:0:1', '2019-10-11 23:04:54', 'CHROME');
INSERT INTO `visitor` VALUES ('1498', '0:0:0:0:0:0:0:1', '2019-10-11 23:04:55', 'CHROME');
INSERT INTO `visitor` VALUES ('1499', '0:0:0:0:0:0:0:1', '2019-10-11 23:04:55', 'CHROME');
INSERT INTO `visitor` VALUES ('1500', '0:0:0:0:0:0:0:1', '2019-10-11 23:04:55', 'CHROME');
INSERT INTO `visitor` VALUES ('1501', '0:0:0:0:0:0:0:1', '2019-10-11 23:04:56', 'CHROME');
INSERT INTO `visitor` VALUES ('1502', '0:0:0:0:0:0:0:1', '2019-10-11 23:04:56', 'CHROME');
INSERT INTO `visitor` VALUES ('1503', '0:0:0:0:0:0:0:1', '2019-10-11 23:04:56', 'CHROME');
INSERT INTO `visitor` VALUES ('1504', '0:0:0:0:0:0:0:1', '2019-10-11 23:04:57', 'CHROME');
INSERT INTO `visitor` VALUES ('1505', '0:0:0:0:0:0:0:1', '2019-10-11 23:04:57', 'CHROME');
INSERT INTO `visitor` VALUES ('1506', '0:0:0:0:0:0:0:1', '2019-10-11 23:04:58', 'CHROME');
INSERT INTO `visitor` VALUES ('1507', '0:0:0:0:0:0:0:1', '2019-10-11 23:04:58', 'CHROME');
INSERT INTO `visitor` VALUES ('1508', '0:0:0:0:0:0:0:1', '2019-10-11 23:04:58', 'CHROME');
INSERT INTO `visitor` VALUES ('1509', '0:0:0:0:0:0:0:1', '2019-10-11 23:04:58', 'CHROME');
INSERT INTO `visitor` VALUES ('1510', '0:0:0:0:0:0:0:1', '2019-10-11 23:04:58', 'CHROME');
INSERT INTO `visitor` VALUES ('1511', '0:0:0:0:0:0:0:1', '2019-10-11 23:04:59', 'CHROME');
INSERT INTO `visitor` VALUES ('1512', '0:0:0:0:0:0:0:1', '2019-10-11 23:04:59', 'CHROME');
INSERT INTO `visitor` VALUES ('1513', '0:0:0:0:0:0:0:1', '2019-10-11 23:04:59', 'CHROME');
INSERT INTO `visitor` VALUES ('1514', '0:0:0:0:0:0:0:1', '2019-10-11 23:04:59', 'CHROME');
INSERT INTO `visitor` VALUES ('1515', '0:0:0:0:0:0:0:1', '2019-10-11 23:05:00', 'CHROME');
INSERT INTO `visitor` VALUES ('1516', '0:0:0:0:0:0:0:1', '2019-10-11 23:05:00', 'CHROME');
INSERT INTO `visitor` VALUES ('1517', '0:0:0:0:0:0:0:1', '2019-10-11 23:05:10', 'CHROME');
INSERT INTO `visitor` VALUES ('1518', '0:0:0:0:0:0:0:1', '2019-10-11 23:05:43', 'CHROME');
INSERT INTO `visitor` VALUES ('1519', '0:0:0:0:0:0:0:1', '2019-10-11 23:07:16', 'CHROME');
INSERT INTO `visitor` VALUES ('1520', '0:0:0:0:0:0:0:1', '2019-10-11 23:07:18', 'CHROME');
INSERT INTO `visitor` VALUES ('1521', '0:0:0:0:0:0:0:1', '2019-10-11 23:07:39', 'CHROME');
INSERT INTO `visitor` VALUES ('1522', '0:0:0:0:0:0:0:1', '2019-10-11 23:08:30', 'CHROME');
INSERT INTO `visitor` VALUES ('1523', '0:0:0:0:0:0:0:1', '2019-10-11 23:08:43', 'CHROME');
INSERT INTO `visitor` VALUES ('1524', '0:0:0:0:0:0:0:1', '2019-10-11 23:08:55', 'CHROME');
INSERT INTO `visitor` VALUES ('1525', '0:0:0:0:0:0:0:1', '2019-10-11 23:09:36', 'CHROME');
INSERT INTO `visitor` VALUES ('1526', '0:0:0:0:0:0:0:1', '2019-10-11 23:09:37', 'CHROME');
INSERT INTO `visitor` VALUES ('1527', '0:0:0:0:0:0:0:1', '2019-10-11 23:09:38', 'CHROME');
INSERT INTO `visitor` VALUES ('1528', '0:0:0:0:0:0:0:1', '2019-10-11 23:09:38', 'CHROME');
INSERT INTO `visitor` VALUES ('1529', '0:0:0:0:0:0:0:1', '2019-10-11 23:09:39', 'CHROME');
INSERT INTO `visitor` VALUES ('1530', '0:0:0:0:0:0:0:1', '2019-10-11 23:09:39', 'CHROME');
INSERT INTO `visitor` VALUES ('1531', '0:0:0:0:0:0:0:1', '2019-10-11 23:09:40', 'CHROME');
INSERT INTO `visitor` VALUES ('1532', '0:0:0:0:0:0:0:1', '2019-10-11 23:09:40', 'CHROME');
INSERT INTO `visitor` VALUES ('1533', '0:0:0:0:0:0:0:1', '2019-10-11 23:09:41', 'CHROME');
INSERT INTO `visitor` VALUES ('1534', '0:0:0:0:0:0:0:1', '2019-10-11 23:09:41', 'CHROME');
INSERT INTO `visitor` VALUES ('1535', '0:0:0:0:0:0:0:1', '2019-10-11 23:09:43', 'CHROME');
INSERT INTO `visitor` VALUES ('1536', '0:0:0:0:0:0:0:1', '2019-10-11 23:12:12', 'CHROME');
INSERT INTO `visitor` VALUES ('1537', '0:0:0:0:0:0:0:1', '2019-10-11 23:12:22', 'CHROME');
INSERT INTO `visitor` VALUES ('1538', '0:0:0:0:0:0:0:1', '2019-10-11 23:12:23', 'CHROME');
INSERT INTO `visitor` VALUES ('1539', '0:0:0:0:0:0:0:1', '2019-10-11 23:12:28', 'CHROME');
INSERT INTO `visitor` VALUES ('1540', '0:0:0:0:0:0:0:1', '2019-10-11 23:12:52', 'CHROME');
INSERT INTO `visitor` VALUES ('1541', '0:0:0:0:0:0:0:1', '2019-10-11 23:13:52', 'CHROME');
INSERT INTO `visitor` VALUES ('1542', '0:0:0:0:0:0:0:1', '2019-10-11 23:13:58', 'CHROME');
INSERT INTO `visitor` VALUES ('1543', '0:0:0:0:0:0:0:1', '2019-10-11 23:13:59', 'CHROME');
INSERT INTO `visitor` VALUES ('1544', '0:0:0:0:0:0:0:1', '2019-10-11 23:13:59', 'CHROME');
INSERT INTO `visitor` VALUES ('1545', '0:0:0:0:0:0:0:1', '2019-10-11 23:14:23', 'CHROME');
INSERT INTO `visitor` VALUES ('1546', '0:0:0:0:0:0:0:1', '2019-10-11 23:15:22', 'CHROME');
INSERT INTO `visitor` VALUES ('1547', '0:0:0:0:0:0:0:1', '2019-10-11 23:15:35', 'CHROME');
INSERT INTO `visitor` VALUES ('1548', '0:0:0:0:0:0:0:1', '2019-10-11 23:15:56', 'CHROME');
INSERT INTO `visitor` VALUES ('1549', '0:0:0:0:0:0:0:1', '2019-10-11 23:16:29', 'CHROME');
INSERT INTO `visitor` VALUES ('1550', '0:0:0:0:0:0:0:1', '2019-10-11 23:16:53', 'CHROME');
INSERT INTO `visitor` VALUES ('1551', '0:0:0:0:0:0:0:1', '2019-10-11 23:16:57', 'CHROME');
INSERT INTO `visitor` VALUES ('1552', '0:0:0:0:0:0:0:1', '2019-10-11 23:17:04', 'CHROME');
INSERT INTO `visitor` VALUES ('1553', '0:0:0:0:0:0:0:1', '2019-10-11 23:26:39', 'CHROME');
INSERT INTO `visitor` VALUES ('1554', '0:0:0:0:0:0:0:1', '2019-10-11 23:26:57', 'CHROME');
INSERT INTO `visitor` VALUES ('1555', '0:0:0:0:0:0:0:1', '2019-10-11 23:26:58', 'CHROME');
INSERT INTO `visitor` VALUES ('1556', '0:0:0:0:0:0:0:1', '2019-10-11 23:26:58', 'CHROME');
INSERT INTO `visitor` VALUES ('1557', '0:0:0:0:0:0:0:1', '2019-10-11 23:27:00', 'CHROME');
INSERT INTO `visitor` VALUES ('1558', '0:0:0:0:0:0:0:1', '2019-10-11 23:27:00', 'CHROME');
INSERT INTO `visitor` VALUES ('1559', '0:0:0:0:0:0:0:1', '2019-10-11 23:27:01', 'CHROME');
INSERT INTO `visitor` VALUES ('1560', '0:0:0:0:0:0:0:1', '2019-10-11 23:27:02', 'CHROME');
INSERT INTO `visitor` VALUES ('1561', '0:0:0:0:0:0:0:1', '2019-10-11 23:27:27', 'CHROME');
INSERT INTO `visitor` VALUES ('1562', '0:0:0:0:0:0:0:1', '2019-10-11 23:28:52', 'CHROME');
INSERT INTO `visitor` VALUES ('1563', '0:0:0:0:0:0:0:1', '2019-10-11 23:32:38', 'CHROME');
INSERT INTO `visitor` VALUES ('1564', '0:0:0:0:0:0:0:1', '2019-10-11 23:33:15', 'CHROME');
INSERT INTO `visitor` VALUES ('1565', '0:0:0:0:0:0:0:1', '2019-10-11 23:33:27', 'CHROME');
INSERT INTO `visitor` VALUES ('1566', '0:0:0:0:0:0:0:1', '2019-10-11 23:37:38', 'CHROME');
INSERT INTO `visitor` VALUES ('1567', '0:0:0:0:0:0:0:1', '2019-10-11 23:37:41', 'CHROME');
INSERT INTO `visitor` VALUES ('1568', '0:0:0:0:0:0:0:1', '2019-10-11 23:37:45', 'CHROME');
INSERT INTO `visitor` VALUES ('1569', '0:0:0:0:0:0:0:1', '2019-10-11 23:38:03', 'CHROME');
INSERT INTO `visitor` VALUES ('1570', '0:0:0:0:0:0:0:1', '2019-10-11 23:38:04', 'CHROME');
INSERT INTO `visitor` VALUES ('1571', '0:0:0:0:0:0:0:1', '2019-10-11 23:38:07', 'CHROME');
INSERT INTO `visitor` VALUES ('1572', '0:0:0:0:0:0:0:1', '2019-10-11 23:38:10', 'CHROME');
INSERT INTO `visitor` VALUES ('1573', '0:0:0:0:0:0:0:1', '2019-10-11 23:38:11', 'CHROME');
INSERT INTO `visitor` VALUES ('1574', '0:0:0:0:0:0:0:1', '2019-10-11 23:38:12', 'CHROME');
INSERT INTO `visitor` VALUES ('1575', '0:0:0:0:0:0:0:1', '2019-10-11 23:38:34', 'CHROME');
INSERT INTO `visitor` VALUES ('1576', '0:0:0:0:0:0:0:1', '2019-10-11 23:38:40', 'CHROME');
INSERT INTO `visitor` VALUES ('1577', '0:0:0:0:0:0:0:1', '2019-10-11 23:39:31', 'CHROME');
INSERT INTO `visitor` VALUES ('1578', '0:0:0:0:0:0:0:1', '2019-10-11 23:39:34', 'CHROME');
INSERT INTO `visitor` VALUES ('1579', '0:0:0:0:0:0:0:1', '2019-10-11 23:39:35', 'CHROME');
INSERT INTO `visitor` VALUES ('1580', '0:0:0:0:0:0:0:1', '2019-10-11 23:39:36', 'CHROME');
INSERT INTO `visitor` VALUES ('1581', '0:0:0:0:0:0:0:1', '2019-10-11 23:39:36', 'CHROME');
INSERT INTO `visitor` VALUES ('1582', '0:0:0:0:0:0:0:1', '2019-10-11 23:39:36', 'CHROME');
INSERT INTO `visitor` VALUES ('1583', '0:0:0:0:0:0:0:1', '2019-10-11 23:39:37', 'CHROME');
INSERT INTO `visitor` VALUES ('1584', '0:0:0:0:0:0:0:1', '2019-10-11 23:39:39', 'CHROME');
INSERT INTO `visitor` VALUES ('1585', '0:0:0:0:0:0:0:1', '2019-10-11 23:39:40', 'CHROME');
INSERT INTO `visitor` VALUES ('1586', '0:0:0:0:0:0:0:1', '2019-10-11 23:39:40', 'CHROME');
INSERT INTO `visitor` VALUES ('1587', '0:0:0:0:0:0:0:1', '2019-10-11 23:39:41', 'CHROME');
INSERT INTO `visitor` VALUES ('1588', '0:0:0:0:0:0:0:1', '2019-10-11 23:39:41', 'CHROME');
INSERT INTO `visitor` VALUES ('1589', '0:0:0:0:0:0:0:1', '2019-10-11 23:39:41', 'CHROME');
INSERT INTO `visitor` VALUES ('1590', '0:0:0:0:0:0:0:1', '2019-10-11 23:39:42', 'CHROME');
INSERT INTO `visitor` VALUES ('1591', '0:0:0:0:0:0:0:1', '2019-10-11 23:39:42', 'CHROME');
INSERT INTO `visitor` VALUES ('1592', '0:0:0:0:0:0:0:1', '2019-10-11 23:39:42', 'CHROME');
INSERT INTO `visitor` VALUES ('1593', '0:0:0:0:0:0:0:1', '2019-10-11 23:39:43', 'CHROME');
INSERT INTO `visitor` VALUES ('1594', '0:0:0:0:0:0:0:1', '2019-10-11 23:39:46', 'CHROME');
INSERT INTO `visitor` VALUES ('1595', '0:0:0:0:0:0:0:1', '2019-10-11 23:39:46', 'CHROME');
INSERT INTO `visitor` VALUES ('1596', '0:0:0:0:0:0:0:1', '2019-10-11 23:43:30', 'CHROME');
INSERT INTO `visitor` VALUES ('1597', '0:0:0:0:0:0:0:1', '2019-10-11 23:43:31', 'CHROME');
INSERT INTO `visitor` VALUES ('1598', '0:0:0:0:0:0:0:1', '2019-10-11 23:43:32', 'CHROME');
INSERT INTO `visitor` VALUES ('1599', '0:0:0:0:0:0:0:1', '2019-10-11 23:43:33', 'CHROME');
INSERT INTO `visitor` VALUES ('1600', '0:0:0:0:0:0:0:1', '2019-10-11 23:43:33', 'CHROME');
INSERT INTO `visitor` VALUES ('1601', '0:0:0:0:0:0:0:1', '2019-10-11 23:43:34', 'CHROME');
INSERT INTO `visitor` VALUES ('1602', '0:0:0:0:0:0:0:1', '2019-10-11 23:43:34', 'CHROME');
INSERT INTO `visitor` VALUES ('1603', '0:0:0:0:0:0:0:1', '2019-10-11 23:43:39', 'CHROME');
INSERT INTO `visitor` VALUES ('1604', '0:0:0:0:0:0:0:1', '2019-10-11 23:44:06', 'CHROME');
INSERT INTO `visitor` VALUES ('1605', '0:0:0:0:0:0:0:1', '2019-10-11 23:44:30', 'CHROME');
INSERT INTO `visitor` VALUES ('1606', '0:0:0:0:0:0:0:1', '2019-10-11 23:44:36', 'CHROME');
INSERT INTO `visitor` VALUES ('1607', '0:0:0:0:0:0:0:1', '2019-10-11 23:44:39', 'CHROME');
INSERT INTO `visitor` VALUES ('1608', '0:0:0:0:0:0:0:1', '2019-10-11 23:44:40', 'CHROME');
INSERT INTO `visitor` VALUES ('1609', '0:0:0:0:0:0:0:1', '2019-10-11 23:44:42', 'CHROME');
INSERT INTO `visitor` VALUES ('1610', '0:0:0:0:0:0:0:1', '2019-10-11 23:44:44', 'CHROME');
INSERT INTO `visitor` VALUES ('1611', '0:0:0:0:0:0:0:1', '2019-10-11 23:44:44', 'CHROME');
INSERT INTO `visitor` VALUES ('1612', '0:0:0:0:0:0:0:1', '2019-10-11 23:44:45', 'CHROME');
INSERT INTO `visitor` VALUES ('1613', '0:0:0:0:0:0:0:1', '2019-10-11 23:44:47', 'CHROME');
INSERT INTO `visitor` VALUES ('1614', '0:0:0:0:0:0:0:1', '2019-10-11 23:44:48', 'CHROME');
INSERT INTO `visitor` VALUES ('1615', '0:0:0:0:0:0:0:1', '2019-10-11 23:44:50', 'CHROME');
INSERT INTO `visitor` VALUES ('1616', '0:0:0:0:0:0:0:1', '2019-10-11 23:44:52', 'CHROME');
INSERT INTO `visitor` VALUES ('1617', '0:0:0:0:0:0:0:1', '2019-10-11 23:44:54', 'CHROME');
INSERT INTO `visitor` VALUES ('1618', '0:0:0:0:0:0:0:1', '2019-10-11 23:45:22', 'CHROME');
INSERT INTO `visitor` VALUES ('1619', '0:0:0:0:0:0:0:1', '2019-10-11 23:45:57', 'CHROME');
INSERT INTO `visitor` VALUES ('1620', '0:0:0:0:0:0:0:1', '2019-10-11 23:47:50', 'CHROME');
INSERT INTO `visitor` VALUES ('1621', '0:0:0:0:0:0:0:1', '2019-10-11 23:47:53', 'CHROME');
INSERT INTO `visitor` VALUES ('1622', '0:0:0:0:0:0:0:1', '2019-10-11 23:47:54', 'CHROME');
INSERT INTO `visitor` VALUES ('1623', '0:0:0:0:0:0:0:1', '2019-10-11 23:47:59', 'CHROME');
INSERT INTO `visitor` VALUES ('1624', '0:0:0:0:0:0:0:1', '2019-10-11 23:48:02', 'CHROME');
INSERT INTO `visitor` VALUES ('1625', '0:0:0:0:0:0:0:1', '2019-10-11 23:48:03', 'CHROME');
INSERT INTO `visitor` VALUES ('1626', '0:0:0:0:0:0:0:1', '2019-10-11 23:48:06', 'CHROME');
INSERT INTO `visitor` VALUES ('1627', '0:0:0:0:0:0:0:1', '2019-10-11 23:48:07', 'CHROME');
INSERT INTO `visitor` VALUES ('1628', '0:0:0:0:0:0:0:1', '2019-10-11 23:48:07', 'CHROME');
INSERT INTO `visitor` VALUES ('1629', '0:0:0:0:0:0:0:1', '2019-10-11 23:48:08', 'CHROME');
INSERT INTO `visitor` VALUES ('1630', '0:0:0:0:0:0:0:1', '2019-10-11 23:48:32', 'CHROME');
INSERT INTO `visitor` VALUES ('1631', '0:0:0:0:0:0:0:1', '2019-10-11 23:48:34', 'CHROME');
INSERT INTO `visitor` VALUES ('1632', '0:0:0:0:0:0:0:1', '2019-10-11 23:48:39', 'CHROME');
INSERT INTO `visitor` VALUES ('1633', '0:0:0:0:0:0:0:1', '2019-10-11 23:48:41', 'CHROME');
INSERT INTO `visitor` VALUES ('1634', '0:0:0:0:0:0:0:1', '2019-10-11 23:49:16', 'CHROME');
INSERT INTO `visitor` VALUES ('1635', '0:0:0:0:0:0:0:1', '2019-10-11 23:52:14', 'CHROME');
INSERT INTO `visitor` VALUES ('1636', '0:0:0:0:0:0:0:1', '2019-10-11 23:52:20', 'CHROME');
INSERT INTO `visitor` VALUES ('1637', '0:0:0:0:0:0:0:1', '2019-10-11 23:52:35', 'CHROME');
INSERT INTO `visitor` VALUES ('1638', '0:0:0:0:0:0:0:1', '2019-10-11 23:52:40', 'CHROME');
INSERT INTO `visitor` VALUES ('1639', '0:0:0:0:0:0:0:1', '2019-10-11 23:53:12', 'CHROME');
INSERT INTO `visitor` VALUES ('1640', '0:0:0:0:0:0:0:1', '2019-10-11 23:54:21', 'CHROME');
INSERT INTO `visitor` VALUES ('1641', '0:0:0:0:0:0:0:1', '2019-10-11 23:54:23', 'CHROME');
INSERT INTO `visitor` VALUES ('1642', '0:0:0:0:0:0:0:1', '2019-10-11 23:55:17', 'CHROME');
INSERT INTO `visitor` VALUES ('1643', '0:0:0:0:0:0:0:1', '2019-10-11 23:55:32', 'CHROME');
INSERT INTO `visitor` VALUES ('1644', '0:0:0:0:0:0:0:1', '2019-10-11 23:55:49', 'CHROME');
INSERT INTO `visitor` VALUES ('1645', '0:0:0:0:0:0:0:1', '2019-10-11 23:55:58', 'CHROME');
INSERT INTO `visitor` VALUES ('1646', '0:0:0:0:0:0:0:1', '2019-10-11 23:57:06', 'CHROME');
INSERT INTO `visitor` VALUES ('1647', '0:0:0:0:0:0:0:1', '2019-10-11 23:58:03', 'CHROME');
INSERT INTO `visitor` VALUES ('1648', '0:0:0:0:0:0:0:1', '2019-10-11 23:58:04', 'CHROME');
INSERT INTO `visitor` VALUES ('1649', '0:0:0:0:0:0:0:1', '2019-10-11 23:58:05', 'CHROME');
INSERT INTO `visitor` VALUES ('1650', '0:0:0:0:0:0:0:1', '2019-10-11 23:58:08', 'CHROME');
INSERT INTO `visitor` VALUES ('1651', '0:0:0:0:0:0:0:1', '2019-10-11 23:58:11', 'CHROME');
INSERT INTO `visitor` VALUES ('1652', '0:0:0:0:0:0:0:1', '2019-10-11 23:58:17', 'CHROME');
INSERT INTO `visitor` VALUES ('1653', '0:0:0:0:0:0:0:1', '2019-10-11 23:58:19', 'CHROME');
INSERT INTO `visitor` VALUES ('1654', '0:0:0:0:0:0:0:1', '2019-10-11 23:58:19', 'CHROME');
INSERT INTO `visitor` VALUES ('1655', '0:0:0:0:0:0:0:1', '2019-10-11 23:58:20', 'CHROME');
INSERT INTO `visitor` VALUES ('1656', '0:0:0:0:0:0:0:1', '2019-10-11 23:58:21', 'CHROME');
INSERT INTO `visitor` VALUES ('1657', '0:0:0:0:0:0:0:1', '2019-10-11 23:58:24', 'CHROME');
INSERT INTO `visitor` VALUES ('1658', '0:0:0:0:0:0:0:1', '2019-10-11 23:58:25', 'CHROME');
INSERT INTO `visitor` VALUES ('1659', '0:0:0:0:0:0:0:1', '2019-10-11 23:58:27', 'CHROME');
INSERT INTO `visitor` VALUES ('1660', '0:0:0:0:0:0:0:1', '2019-10-11 23:58:28', 'CHROME');
INSERT INTO `visitor` VALUES ('1661', '0:0:0:0:0:0:0:1', '2019-10-11 23:58:29', 'CHROME');
INSERT INTO `visitor` VALUES ('1662', '0:0:0:0:0:0:0:1', '2019-10-11 23:58:30', 'CHROME');
INSERT INTO `visitor` VALUES ('1663', '0:0:0:0:0:0:0:1', '2019-10-11 23:58:31', 'CHROME');
INSERT INTO `visitor` VALUES ('1664', '0:0:0:0:0:0:0:1', '2019-10-11 23:58:31', 'CHROME');
INSERT INTO `visitor` VALUES ('1665', '0:0:0:0:0:0:0:1', '2019-10-11 23:58:32', 'CHROME');
INSERT INTO `visitor` VALUES ('1666', '0:0:0:0:0:0:0:1', '2019-10-12 00:00:21', 'CHROME');
INSERT INTO `visitor` VALUES ('1667', '0:0:0:0:0:0:0:1', '2019-10-12 00:00:28', 'CHROME');
INSERT INTO `visitor` VALUES ('1668', '0:0:0:0:0:0:0:1', '2019-10-12 00:00:28', 'CHROME');
INSERT INTO `visitor` VALUES ('1669', '0:0:0:0:0:0:0:1', '2019-10-12 00:00:29', 'CHROME');
INSERT INTO `visitor` VALUES ('1670', '0:0:0:0:0:0:0:1', '2019-10-12 00:00:29', 'CHROME');
INSERT INTO `visitor` VALUES ('1671', '0:0:0:0:0:0:0:1', '2019-10-12 00:00:30', 'CHROME');
INSERT INTO `visitor` VALUES ('1672', '0:0:0:0:0:0:0:1', '2019-10-12 00:00:31', 'CHROME');
INSERT INTO `visitor` VALUES ('1673', '0:0:0:0:0:0:0:1', '2019-10-12 00:00:32', 'CHROME');
INSERT INTO `visitor` VALUES ('1674', '0:0:0:0:0:0:0:1', '2019-10-12 00:00:32', 'CHROME');
INSERT INTO `visitor` VALUES ('1675', '0:0:0:0:0:0:0:1', '2019-10-12 00:00:43', 'CHROME');
INSERT INTO `visitor` VALUES ('1676', '0:0:0:0:0:0:0:1', '2019-10-12 00:00:45', 'CHROME');
INSERT INTO `visitor` VALUES ('1677', '0:0:0:0:0:0:0:1', '2019-10-12 00:00:48', 'CHROME');
INSERT INTO `visitor` VALUES ('1678', '0:0:0:0:0:0:0:1', '2019-10-12 00:00:52', 'CHROME');
INSERT INTO `visitor` VALUES ('1679', '0:0:0:0:0:0:0:1', '2019-10-12 00:00:54', 'CHROME');
INSERT INTO `visitor` VALUES ('1680', '0:0:0:0:0:0:0:1', '2019-10-12 00:00:57', 'CHROME');
INSERT INTO `visitor` VALUES ('1681', '0:0:0:0:0:0:0:1', '2019-10-12 00:01:09', 'CHROME');
INSERT INTO `visitor` VALUES ('1682', '0:0:0:0:0:0:0:1', '2019-10-12 00:01:12', 'CHROME');
INSERT INTO `visitor` VALUES ('1683', '0:0:0:0:0:0:0:1', '2019-10-12 00:01:13', 'CHROME');
INSERT INTO `visitor` VALUES ('1684', '0:0:0:0:0:0:0:1', '2019-10-12 00:01:14', 'CHROME');
INSERT INTO `visitor` VALUES ('1685', '0:0:0:0:0:0:0:1', '2019-10-12 00:01:15', 'CHROME');
INSERT INTO `visitor` VALUES ('1686', '0:0:0:0:0:0:0:1', '2019-10-12 00:06:32', 'CHROME');
INSERT INTO `visitor` VALUES ('1687', '0:0:0:0:0:0:0:1', '2019-10-12 00:06:33', 'CHROME');
INSERT INTO `visitor` VALUES ('1688', '0:0:0:0:0:0:0:1', '2019-10-12 00:06:34', 'CHROME');
INSERT INTO `visitor` VALUES ('1689', '0:0:0:0:0:0:0:1', '2019-10-12 00:06:35', 'CHROME');
INSERT INTO `visitor` VALUES ('1690', '0:0:0:0:0:0:0:1', '2019-10-12 00:06:36', 'CHROME');
INSERT INTO `visitor` VALUES ('1691', '0:0:0:0:0:0:0:1', '2019-10-12 00:06:36', 'CHROME');
INSERT INTO `visitor` VALUES ('1692', '0:0:0:0:0:0:0:1', '2019-10-12 00:06:36', 'CHROME');
INSERT INTO `visitor` VALUES ('1693', '0:0:0:0:0:0:0:1', '2019-10-12 00:06:37', 'CHROME');
INSERT INTO `visitor` VALUES ('1694', '0:0:0:0:0:0:0:1', '2019-10-12 00:06:37', 'CHROME');
INSERT INTO `visitor` VALUES ('1695', '0:0:0:0:0:0:0:1', '2019-10-12 00:06:38', 'CHROME');
INSERT INTO `visitor` VALUES ('1696', '0:0:0:0:0:0:0:1', '2019-10-12 00:06:38', 'CHROME');
INSERT INTO `visitor` VALUES ('1697', '0:0:0:0:0:0:0:1', '2019-10-12 00:06:54', 'CHROME');
INSERT INTO `visitor` VALUES ('1698', '0:0:0:0:0:0:0:1', '2019-10-12 00:06:56', 'CHROME');
INSERT INTO `visitor` VALUES ('1699', '0:0:0:0:0:0:0:1', '2019-10-12 00:07:16', 'CHROME');
INSERT INTO `visitor` VALUES ('1700', '0:0:0:0:0:0:0:1', '2019-10-12 00:07:17', 'CHROME');
INSERT INTO `visitor` VALUES ('1701', '0:0:0:0:0:0:0:1', '2019-10-12 00:07:20', 'CHROME');
INSERT INTO `visitor` VALUES ('1702', '0:0:0:0:0:0:0:1', '2019-10-12 00:07:21', 'CHROME');
INSERT INTO `visitor` VALUES ('1703', '0:0:0:0:0:0:0:1', '2019-10-12 00:07:21', 'CHROME');
INSERT INTO `visitor` VALUES ('1704', '0:0:0:0:0:0:0:1', '2019-10-12 00:07:23', 'CHROME');
INSERT INTO `visitor` VALUES ('1705', '0:0:0:0:0:0:0:1', '2019-10-12 00:07:23', 'CHROME');
INSERT INTO `visitor` VALUES ('1706', '0:0:0:0:0:0:0:1', '2019-10-12 00:07:23', 'CHROME');
INSERT INTO `visitor` VALUES ('1707', '0:0:0:0:0:0:0:1', '2019-10-12 00:07:25', 'CHROME');
INSERT INTO `visitor` VALUES ('1708', '0:0:0:0:0:0:0:1', '2019-10-12 00:07:25', 'CHROME');
INSERT INTO `visitor` VALUES ('1709', '127.0.0.1', '2019-10-12 12:54:41', 'UNKNOWN');
INSERT INTO `visitor` VALUES ('1710', '127.0.0.1', '2019-10-12 12:54:43', 'UNKNOWN');
INSERT INTO `visitor` VALUES ('1711', '0:0:0:0:0:0:0:1', '2019-10-12 12:54:44', 'CHROME');
INSERT INTO `visitor` VALUES ('1712', '0:0:0:0:0:0:0:1', '2019-10-12 12:57:19', 'CHROME');
INSERT INTO `visitor` VALUES ('1713', '0:0:0:0:0:0:0:1', '2019-10-12 12:57:33', 'CHROME');
INSERT INTO `visitor` VALUES ('1714', '0:0:0:0:0:0:0:1', '2019-10-12 12:57:34', 'CHROME');
INSERT INTO `visitor` VALUES ('1715', '0:0:0:0:0:0:0:1', '2019-10-12 12:57:34', 'CHROME');
INSERT INTO `visitor` VALUES ('1716', '0:0:0:0:0:0:0:1', '2019-10-12 12:57:35', 'CHROME');
INSERT INTO `visitor` VALUES ('1717', '0:0:0:0:0:0:0:1', '2019-10-12 12:57:35', 'CHROME');
INSERT INTO `visitor` VALUES ('1718', '0:0:0:0:0:0:0:1', '2019-10-12 12:57:36', 'CHROME');
INSERT INTO `visitor` VALUES ('1719', '0:0:0:0:0:0:0:1', '2019-10-12 12:57:36', 'CHROME');
INSERT INTO `visitor` VALUES ('1720', '0:0:0:0:0:0:0:1', '2019-10-12 12:57:39', 'CHROME');
INSERT INTO `visitor` VALUES ('1721', '0:0:0:0:0:0:0:1', '2019-10-12 12:57:42', 'CHROME');
INSERT INTO `visitor` VALUES ('1722', '0:0:0:0:0:0:0:1', '2019-10-12 13:00:03', 'CHROME');
INSERT INTO `visitor` VALUES ('1723', '0:0:0:0:0:0:0:1', '2019-10-12 13:00:20', 'CHROME');
INSERT INTO `visitor` VALUES ('1724', '0:0:0:0:0:0:0:1', '2019-10-12 13:00:23', 'CHROME');
INSERT INTO `visitor` VALUES ('1725', '0:0:0:0:0:0:0:1', '2019-10-12 13:00:26', 'CHROME');
INSERT INTO `visitor` VALUES ('1726', '0:0:0:0:0:0:0:1', '2019-10-12 13:00:27', 'CHROME');
INSERT INTO `visitor` VALUES ('1727', '0:0:0:0:0:0:0:1', '2019-10-12 13:00:29', 'CHROME');
INSERT INTO `visitor` VALUES ('1728', '0:0:0:0:0:0:0:1', '2019-10-12 13:00:29', 'CHROME');
INSERT INTO `visitor` VALUES ('1729', '0:0:0:0:0:0:0:1', '2019-10-12 13:07:05', 'CHROME');
INSERT INTO `visitor` VALUES ('1730', '0:0:0:0:0:0:0:1', '2019-10-12 13:07:10', 'CHROME');
INSERT INTO `visitor` VALUES ('1731', '0:0:0:0:0:0:0:1', '2019-10-12 13:07:11', 'CHROME');
INSERT INTO `visitor` VALUES ('1732', '0:0:0:0:0:0:0:1', '2019-10-12 13:10:18', 'CHROME');
INSERT INTO `visitor` VALUES ('1733', '0:0:0:0:0:0:0:1', '2019-10-12 13:10:24', 'CHROME');
INSERT INTO `visitor` VALUES ('1734', '0:0:0:0:0:0:0:1', '2019-10-12 13:10:27', 'CHROME');
INSERT INTO `visitor` VALUES ('1735', '0:0:0:0:0:0:0:1', '2019-10-12 13:10:35', 'CHROME');
INSERT INTO `visitor` VALUES ('1736', '0:0:0:0:0:0:0:1', '2019-10-12 13:10:42', 'CHROME');
INSERT INTO `visitor` VALUES ('1737', '0:0:0:0:0:0:0:1', '2019-10-12 13:10:46', 'CHROME');
INSERT INTO `visitor` VALUES ('1738', '0:0:0:0:0:0:0:1', '2019-10-12 13:12:07', 'CHROME');
INSERT INTO `visitor` VALUES ('1739', '0:0:0:0:0:0:0:1', '2019-10-12 13:12:08', 'CHROME');
INSERT INTO `visitor` VALUES ('1740', '0:0:0:0:0:0:0:1', '2019-10-12 13:12:08', 'CHROME');
INSERT INTO `visitor` VALUES ('1741', '0:0:0:0:0:0:0:1', '2019-10-12 13:12:09', 'CHROME');
INSERT INTO `visitor` VALUES ('1742', '0:0:0:0:0:0:0:1', '2019-10-12 13:12:15', 'CHROME');
INSERT INTO `visitor` VALUES ('1743', '0:0:0:0:0:0:0:1', '2019-10-12 13:12:17', 'CHROME');
INSERT INTO `visitor` VALUES ('1744', '0:0:0:0:0:0:0:1', '2019-10-12 13:13:38', 'CHROME');
INSERT INTO `visitor` VALUES ('1745', '0:0:0:0:0:0:0:1', '2019-10-12 13:13:38', 'CHROME');
INSERT INTO `visitor` VALUES ('1746', '0:0:0:0:0:0:0:1', '2019-10-12 13:13:38', 'CHROME');
INSERT INTO `visitor` VALUES ('1747', '0:0:0:0:0:0:0:1', '2019-10-12 13:13:39', 'CHROME');
INSERT INTO `visitor` VALUES ('1748', '0:0:0:0:0:0:0:1', '2019-10-12 13:13:39', 'CHROME');
INSERT INTO `visitor` VALUES ('1749', '0:0:0:0:0:0:0:1', '2019-10-12 13:13:40', 'CHROME');
INSERT INTO `visitor` VALUES ('1750', '0:0:0:0:0:0:0:1', '2019-10-12 13:13:45', 'CHROME');
INSERT INTO `visitor` VALUES ('1751', '0:0:0:0:0:0:0:1', '2019-10-12 13:13:45', 'CHROME');
INSERT INTO `visitor` VALUES ('1752', '0:0:0:0:0:0:0:1', '2019-10-12 13:13:48', 'CHROME');
INSERT INTO `visitor` VALUES ('1753', '0:0:0:0:0:0:0:1', '2019-10-12 13:13:53', 'CHROME');
INSERT INTO `visitor` VALUES ('1754', '0:0:0:0:0:0:0:1', '2019-10-12 13:13:55', 'CHROME');
INSERT INTO `visitor` VALUES ('1755', '0:0:0:0:0:0:0:1', '2019-10-12 13:13:58', 'CHROME');
INSERT INTO `visitor` VALUES ('1756', '0:0:0:0:0:0:0:1', '2019-10-12 13:14:45', 'CHROME');
INSERT INTO `visitor` VALUES ('1757', '0:0:0:0:0:0:0:1', '2019-10-12 13:14:50', 'CHROME');
INSERT INTO `visitor` VALUES ('1758', '0:0:0:0:0:0:0:1', '2019-10-12 13:16:34', 'CHROME');
INSERT INTO `visitor` VALUES ('1759', '0:0:0:0:0:0:0:1', '2019-10-12 13:17:42', 'CHROME');
INSERT INTO `visitor` VALUES ('1760', '0:0:0:0:0:0:0:1', '2019-10-12 13:17:48', 'CHROME');
INSERT INTO `visitor` VALUES ('1761', '0:0:0:0:0:0:0:1', '2019-10-12 13:17:50', 'CHROME');
INSERT INTO `visitor` VALUES ('1762', '0:0:0:0:0:0:0:1', '2019-10-12 13:17:57', 'CHROME');
INSERT INTO `visitor` VALUES ('1763', '0:0:0:0:0:0:0:1', '2019-10-12 13:17:59', 'CHROME');
INSERT INTO `visitor` VALUES ('1764', '0:0:0:0:0:0:0:1', '2019-10-12 13:18:05', 'CHROME');
INSERT INTO `visitor` VALUES ('1765', '0:0:0:0:0:0:0:1', '2019-10-12 13:18:05', 'CHROME');
INSERT INTO `visitor` VALUES ('1766', '0:0:0:0:0:0:0:1', '2019-10-12 13:18:06', 'CHROME');
INSERT INTO `visitor` VALUES ('1767', '0:0:0:0:0:0:0:1', '2019-10-12 13:22:27', 'CHROME');
INSERT INTO `visitor` VALUES ('1768', '0:0:0:0:0:0:0:1', '2019-10-12 13:22:45', 'CHROME');
INSERT INTO `visitor` VALUES ('1769', '0:0:0:0:0:0:0:1', '2019-10-12 13:27:35', 'CHROME');
INSERT INTO `visitor` VALUES ('1770', '0:0:0:0:0:0:0:1', '2019-10-12 13:27:37', 'CHROME');
INSERT INTO `visitor` VALUES ('1771', '0:0:0:0:0:0:0:1', '2019-10-12 13:27:43', 'CHROME');
INSERT INTO `visitor` VALUES ('1772', '0:0:0:0:0:0:0:1', '2019-10-12 13:27:44', 'CHROME');
INSERT INTO `visitor` VALUES ('1773', '0:0:0:0:0:0:0:1', '2019-10-12 13:27:48', 'CHROME');
INSERT INTO `visitor` VALUES ('1774', '0:0:0:0:0:0:0:1', '2019-10-12 13:27:50', 'CHROME');
INSERT INTO `visitor` VALUES ('1775', '0:0:0:0:0:0:0:1', '2019-10-12 13:27:52', 'CHROME');
INSERT INTO `visitor` VALUES ('1776', '0:0:0:0:0:0:0:1', '2019-10-12 13:28:01', 'CHROME');
INSERT INTO `visitor` VALUES ('1777', '0:0:0:0:0:0:0:1', '2019-10-12 13:28:02', 'CHROME');
INSERT INTO `visitor` VALUES ('1778', '0:0:0:0:0:0:0:1', '2019-10-12 13:28:03', 'CHROME');
INSERT INTO `visitor` VALUES ('1779', '0:0:0:0:0:0:0:1', '2019-10-12 13:28:04', 'CHROME');
INSERT INTO `visitor` VALUES ('1780', '0:0:0:0:0:0:0:1', '2019-10-12 13:28:07', 'CHROME');
INSERT INTO `visitor` VALUES ('1781', '0:0:0:0:0:0:0:1', '2019-10-12 13:28:21', 'CHROME');
INSERT INTO `visitor` VALUES ('1782', '0:0:0:0:0:0:0:1', '2019-10-12 13:29:07', 'CHROME');
INSERT INTO `visitor` VALUES ('1783', '0:0:0:0:0:0:0:1', '2019-10-12 13:29:09', 'CHROME');
INSERT INTO `visitor` VALUES ('1784', '0:0:0:0:0:0:0:1', '2019-10-12 13:29:13', 'CHROME');
INSERT INTO `visitor` VALUES ('1785', '0:0:0:0:0:0:0:1', '2019-10-12 13:29:16', 'CHROME');
INSERT INTO `visitor` VALUES ('1786', '0:0:0:0:0:0:0:1', '2019-10-12 13:29:19', 'CHROME');
INSERT INTO `visitor` VALUES ('1787', '0:0:0:0:0:0:0:1', '2019-10-12 13:31:13', 'CHROME');
INSERT INTO `visitor` VALUES ('1788', '0:0:0:0:0:0:0:1', '2019-10-12 13:31:14', 'CHROME');
INSERT INTO `visitor` VALUES ('1789', '0:0:0:0:0:0:0:1', '2019-10-12 13:31:24', 'CHROME');
INSERT INTO `visitor` VALUES ('1790', '0:0:0:0:0:0:0:1', '2019-10-12 13:31:24', 'CHROME');
INSERT INTO `visitor` VALUES ('1791', '0:0:0:0:0:0:0:1', '2019-10-12 13:32:18', 'CHROME');
INSERT INTO `visitor` VALUES ('1792', '0:0:0:0:0:0:0:1', '2019-10-12 13:33:30', 'CHROME');
INSERT INTO `visitor` VALUES ('1793', '0:0:0:0:0:0:0:1', '2019-10-12 13:34:04', 'CHROME');
INSERT INTO `visitor` VALUES ('1794', '0:0:0:0:0:0:0:1', '2019-10-12 13:34:18', 'CHROME');
INSERT INTO `visitor` VALUES ('1795', '0:0:0:0:0:0:0:1', '2019-10-12 13:34:41', 'CHROME');
INSERT INTO `visitor` VALUES ('1796', '0:0:0:0:0:0:0:1', '2019-10-12 13:36:10', 'CHROME');
INSERT INTO `visitor` VALUES ('1797', '0:0:0:0:0:0:0:1', '2019-10-12 13:36:29', 'CHROME');
INSERT INTO `visitor` VALUES ('1798', '0:0:0:0:0:0:0:1', '2019-10-12 13:36:54', 'CHROME');
INSERT INTO `visitor` VALUES ('1799', '0:0:0:0:0:0:0:1', '2019-10-12 13:36:58', 'CHROME');
INSERT INTO `visitor` VALUES ('1800', '0:0:0:0:0:0:0:1', '2019-10-12 13:39:23', 'CHROME');
INSERT INTO `visitor` VALUES ('1801', '0:0:0:0:0:0:0:1', '2019-10-12 13:39:39', 'CHROME');
INSERT INTO `visitor` VALUES ('1802', '0:0:0:0:0:0:0:1', '2019-10-12 13:41:24', 'CHROME');
INSERT INTO `visitor` VALUES ('1803', '0:0:0:0:0:0:0:1', '2019-10-12 13:41:28', 'CHROME');
INSERT INTO `visitor` VALUES ('1804', '0:0:0:0:0:0:0:1', '2019-10-12 13:43:15', 'CHROME');
INSERT INTO `visitor` VALUES ('1805', '0:0:0:0:0:0:0:1', '2019-10-12 13:43:19', 'CHROME');
INSERT INTO `visitor` VALUES ('1806', '0:0:0:0:0:0:0:1', '2019-10-12 13:43:20', 'CHROME');
INSERT INTO `visitor` VALUES ('1807', '0:0:0:0:0:0:0:1', '2019-10-12 13:43:22', 'CHROME');
INSERT INTO `visitor` VALUES ('1808', '0:0:0:0:0:0:0:1', '2019-10-12 13:43:32', 'CHROME');
INSERT INTO `visitor` VALUES ('1809', '0:0:0:0:0:0:0:1', '2019-10-12 13:44:32', 'CHROME');
INSERT INTO `visitor` VALUES ('1810', '0:0:0:0:0:0:0:1', '2019-10-12 13:44:38', 'CHROME');
INSERT INTO `visitor` VALUES ('1811', '0:0:0:0:0:0:0:1', '2019-10-12 13:44:49', 'CHROME');
INSERT INTO `visitor` VALUES ('1812', '0:0:0:0:0:0:0:1', '2019-10-12 13:44:53', 'CHROME');
INSERT INTO `visitor` VALUES ('1813', '0:0:0:0:0:0:0:1', '2019-10-12 13:45:09', 'CHROME');
INSERT INTO `visitor` VALUES ('1814', '0:0:0:0:0:0:0:1', '2019-10-12 13:45:13', 'CHROME');
INSERT INTO `visitor` VALUES ('1815', '0:0:0:0:0:0:0:1', '2019-10-12 13:45:19', 'CHROME');
INSERT INTO `visitor` VALUES ('1816', '0:0:0:0:0:0:0:1', '2019-10-12 14:36:25', 'CHROME');
INSERT INTO `visitor` VALUES ('1817', '0:0:0:0:0:0:0:1', '2019-10-12 14:36:31', 'CHROME');
INSERT INTO `visitor` VALUES ('1818', '0:0:0:0:0:0:0:1', '2019-10-12 14:36:32', 'CHROME');
INSERT INTO `visitor` VALUES ('1819', '0:0:0:0:0:0:0:1', '2019-10-12 14:36:38', 'CHROME');
INSERT INTO `visitor` VALUES ('1820', '0:0:0:0:0:0:0:1', '2019-10-12 14:36:39', 'CHROME');
INSERT INTO `visitor` VALUES ('1821', '0:0:0:0:0:0:0:1', '2019-10-12 14:36:45', 'CHROME');
INSERT INTO `visitor` VALUES ('1822', '0:0:0:0:0:0:0:1', '2019-10-12 14:36:55', 'CHROME');
INSERT INTO `visitor` VALUES ('1823', '0:0:0:0:0:0:0:1', '2019-10-12 14:36:57', 'CHROME');
INSERT INTO `visitor` VALUES ('1824', '0:0:0:0:0:0:0:1', '2019-10-12 14:36:58', 'CHROME');
INSERT INTO `visitor` VALUES ('1825', '0:0:0:0:0:0:0:1', '2019-10-12 14:36:59', 'CHROME');
INSERT INTO `visitor` VALUES ('1826', '0:0:0:0:0:0:0:1', '2019-10-12 14:36:59', 'CHROME');
INSERT INTO `visitor` VALUES ('1827', '0:0:0:0:0:0:0:1', '2019-10-12 14:36:59', 'CHROME');
INSERT INTO `visitor` VALUES ('1828', '0:0:0:0:0:0:0:1', '2019-10-12 14:36:59', 'CHROME');
INSERT INTO `visitor` VALUES ('1829', '0:0:0:0:0:0:0:1', '2019-10-12 14:37:06', 'CHROME');
INSERT INTO `visitor` VALUES ('1830', '0:0:0:0:0:0:0:1', '2019-10-12 14:37:53', 'CHROME');
INSERT INTO `visitor` VALUES ('1831', '0:0:0:0:0:0:0:1', '2019-10-12 14:37:53', 'CHROME');
INSERT INTO `visitor` VALUES ('1832', '0:0:0:0:0:0:0:1', '2019-10-12 14:37:53', 'CHROME');
INSERT INTO `visitor` VALUES ('1833', '0:0:0:0:0:0:0:1', '2019-10-12 14:37:54', 'CHROME');
INSERT INTO `visitor` VALUES ('1834', '0:0:0:0:0:0:0:1', '2019-10-12 14:37:54', 'CHROME');
INSERT INTO `visitor` VALUES ('1835', '0:0:0:0:0:0:0:1', '2019-10-12 14:37:54', 'CHROME');
INSERT INTO `visitor` VALUES ('1836', '0:0:0:0:0:0:0:1', '2019-10-12 14:37:55', 'CHROME');
INSERT INTO `visitor` VALUES ('1837', '0:0:0:0:0:0:0:1', '2019-10-12 14:37:55', 'CHROME');
INSERT INTO `visitor` VALUES ('1838', '0:0:0:0:0:0:0:1', '2019-10-12 14:37:55', 'CHROME');
INSERT INTO `visitor` VALUES ('1839', '0:0:0:0:0:0:0:1', '2019-10-12 14:37:56', 'CHROME');
INSERT INTO `visitor` VALUES ('1840', '0:0:0:0:0:0:0:1', '2019-10-12 14:37:58', 'CHROME');
INSERT INTO `visitor` VALUES ('1841', '0:0:0:0:0:0:0:1', '2019-10-12 14:41:34', 'CHROME');
INSERT INTO `visitor` VALUES ('1842', '0:0:0:0:0:0:0:1', '2019-10-12 14:41:34', 'CHROME');
INSERT INTO `visitor` VALUES ('1843', '0:0:0:0:0:0:0:1', '2019-10-12 14:41:42', 'CHROME');
INSERT INTO `visitor` VALUES ('1844', '0:0:0:0:0:0:0:1', '2019-10-12 14:41:43', 'CHROME');
INSERT INTO `visitor` VALUES ('1845', '0:0:0:0:0:0:0:1', '2019-10-12 14:41:46', 'CHROME');
INSERT INTO `visitor` VALUES ('1846', '0:0:0:0:0:0:0:1', '2019-10-12 14:41:46', 'CHROME');
INSERT INTO `visitor` VALUES ('1847', '0:0:0:0:0:0:0:1', '2019-10-12 14:41:55', 'CHROME');
INSERT INTO `visitor` VALUES ('1848', '0:0:0:0:0:0:0:1', '2019-10-12 14:41:56', 'CHROME');
INSERT INTO `visitor` VALUES ('1849', '0:0:0:0:0:0:0:1', '2019-10-12 14:42:04', 'CHROME');
INSERT INTO `visitor` VALUES ('1850', '0:0:0:0:0:0:0:1', '2019-10-12 14:42:04', 'CHROME');
INSERT INTO `visitor` VALUES ('1851', '0:0:0:0:0:0:0:1', '2019-10-12 14:42:11', 'CHROME');
INSERT INTO `visitor` VALUES ('1852', '0:0:0:0:0:0:0:1', '2019-10-12 14:42:11', 'CHROME');
INSERT INTO `visitor` VALUES ('1853', '0:0:0:0:0:0:0:1', '2019-10-12 14:42:16', 'CHROME');
INSERT INTO `visitor` VALUES ('1854', '0:0:0:0:0:0:0:1', '2019-10-12 14:42:16', 'CHROME');
INSERT INTO `visitor` VALUES ('1855', '0:0:0:0:0:0:0:1', '2019-10-12 14:42:20', 'CHROME');
INSERT INTO `visitor` VALUES ('1856', '0:0:0:0:0:0:0:1', '2019-10-12 14:42:20', 'CHROME');
INSERT INTO `visitor` VALUES ('1857', '0:0:0:0:0:0:0:1', '2019-10-12 14:42:23', 'CHROME');
INSERT INTO `visitor` VALUES ('1858', '0:0:0:0:0:0:0:1', '2019-10-12 14:42:24', 'CHROME');
INSERT INTO `visitor` VALUES ('1859', '0:0:0:0:0:0:0:1', '2019-10-12 14:42:24', 'CHROME');
INSERT INTO `visitor` VALUES ('1860', '0:0:0:0:0:0:0:1', '2019-10-12 14:42:28', 'CHROME');
INSERT INTO `visitor` VALUES ('1861', '0:0:0:0:0:0:0:1', '2019-10-12 14:42:29', 'CHROME');
INSERT INTO `visitor` VALUES ('1862', '0:0:0:0:0:0:0:1', '2019-10-12 14:42:38', 'CHROME');
INSERT INTO `visitor` VALUES ('1863', '0:0:0:0:0:0:0:1', '2019-10-12 14:42:39', 'CHROME');
INSERT INTO `visitor` VALUES ('1864', '0:0:0:0:0:0:0:1', '2019-10-12 14:42:40', 'CHROME');
INSERT INTO `visitor` VALUES ('1865', '0:0:0:0:0:0:0:1', '2019-10-12 14:42:40', 'CHROME');
INSERT INTO `visitor` VALUES ('1866', '0:0:0:0:0:0:0:1', '2019-10-12 14:42:42', 'CHROME');
INSERT INTO `visitor` VALUES ('1867', '0:0:0:0:0:0:0:1', '2019-10-12 14:42:42', 'CHROME');
INSERT INTO `visitor` VALUES ('1868', '0:0:0:0:0:0:0:1', '2019-10-12 14:42:43', 'CHROME');
INSERT INTO `visitor` VALUES ('1869', '0:0:0:0:0:0:0:1', '2019-10-12 14:42:43', 'CHROME');
INSERT INTO `visitor` VALUES ('1870', '0:0:0:0:0:0:0:1', '2019-10-12 14:42:44', 'CHROME');
INSERT INTO `visitor` VALUES ('1871', '0:0:0:0:0:0:0:1', '2019-10-12 14:42:49', 'CHROME');
INSERT INTO `visitor` VALUES ('1872', '0:0:0:0:0:0:0:1', '2019-10-12 14:48:17', 'CHROME');
INSERT INTO `visitor` VALUES ('1873', '0:0:0:0:0:0:0:1', '2019-10-12 14:48:31', 'CHROME');
INSERT INTO `visitor` VALUES ('1874', '0:0:0:0:0:0:0:1', '2019-10-12 14:59:37', 'CHROME');
INSERT INTO `visitor` VALUES ('1875', '0:0:0:0:0:0:0:1', '2019-10-12 15:00:05', 'CHROME');
INSERT INTO `visitor` VALUES ('1876', '0:0:0:0:0:0:0:1', '2019-10-12 15:00:07', 'CHROME');
INSERT INTO `visitor` VALUES ('1877', '0:0:0:0:0:0:0:1', '2019-10-12 15:00:08', 'CHROME');
INSERT INTO `visitor` VALUES ('1878', '0:0:0:0:0:0:0:1', '2019-10-12 15:00:14', 'CHROME');
INSERT INTO `visitor` VALUES ('1879', '0:0:0:0:0:0:0:1', '2019-10-12 15:13:14', 'CHROME');
INSERT INTO `visitor` VALUES ('1880', '0:0:0:0:0:0:0:1', '2019-10-12 15:13:17', 'CHROME');
INSERT INTO `visitor` VALUES ('1881', '0:0:0:0:0:0:0:1', '2019-10-12 15:13:17', 'CHROME');
INSERT INTO `visitor` VALUES ('1882', '0:0:0:0:0:0:0:1', '2019-10-12 15:13:18', 'CHROME');
INSERT INTO `visitor` VALUES ('1883', '0:0:0:0:0:0:0:1', '2019-10-12 15:16:46', 'CHROME');
INSERT INTO `visitor` VALUES ('1884', '0:0:0:0:0:0:0:1', '2019-10-12 15:19:05', 'CHROME');
INSERT INTO `visitor` VALUES ('1885', '0:0:0:0:0:0:0:1', '2019-10-12 15:37:17', 'CHROME');
INSERT INTO `visitor` VALUES ('1886', '0:0:0:0:0:0:0:1', '2019-10-12 15:37:20', 'CHROME');
INSERT INTO `visitor` VALUES ('1887', '0:0:0:0:0:0:0:1', '2019-10-12 15:37:20', 'CHROME');
INSERT INTO `visitor` VALUES ('1888', '0:0:0:0:0:0:0:1', '2019-10-12 15:39:30', 'CHROME');
INSERT INTO `visitor` VALUES ('1889', '0:0:0:0:0:0:0:1', '2019-10-12 15:39:31', 'CHROME');
INSERT INTO `visitor` VALUES ('1890', '0:0:0:0:0:0:0:1', '2019-10-12 15:41:13', 'CHROME');
INSERT INTO `visitor` VALUES ('1891', '0:0:0:0:0:0:0:1', '2019-10-12 15:41:30', 'CHROME');
INSERT INTO `visitor` VALUES ('1892', '0:0:0:0:0:0:0:1', '2019-10-12 15:41:31', 'CHROME');
INSERT INTO `visitor` VALUES ('1893', '0:0:0:0:0:0:0:1', '2019-10-12 15:41:33', 'CHROME');
INSERT INTO `visitor` VALUES ('1894', '0:0:0:0:0:0:0:1', '2019-10-12 15:44:27', 'CHROME');
INSERT INTO `visitor` VALUES ('1895', '0:0:0:0:0:0:0:1', '2019-10-12 15:45:31', 'CHROME');
INSERT INTO `visitor` VALUES ('1896', '0:0:0:0:0:0:0:1', '2019-10-12 16:12:52', 'CHROME');
INSERT INTO `visitor` VALUES ('1897', '0:0:0:0:0:0:0:1', '2019-10-12 16:12:55', 'CHROME');
INSERT INTO `visitor` VALUES ('1898', '0:0:0:0:0:0:0:1', '2019-10-12 16:12:56', 'CHROME');
INSERT INTO `visitor` VALUES ('1899', '0:0:0:0:0:0:0:1', '2019-10-12 16:14:40', 'CHROME');
INSERT INTO `visitor` VALUES ('1900', '0:0:0:0:0:0:0:1', '2019-10-12 16:14:41', 'CHROME');
INSERT INTO `visitor` VALUES ('1901', '0:0:0:0:0:0:0:1', '2019-10-12 16:14:42', 'CHROME');
INSERT INTO `visitor` VALUES ('1902', '0:0:0:0:0:0:0:1', '2019-10-12 16:14:42', 'CHROME');
INSERT INTO `visitor` VALUES ('1903', '0:0:0:0:0:0:0:1', '2019-10-12 16:18:31', 'CHROME');
INSERT INTO `visitor` VALUES ('1904', '0:0:0:0:0:0:0:1', '2019-10-12 16:19:00', 'CHROME');
INSERT INTO `visitor` VALUES ('1905', '0:0:0:0:0:0:0:1', '2019-10-12 16:19:02', 'CHROME');
INSERT INTO `visitor` VALUES ('1906', '0:0:0:0:0:0:0:1', '2019-10-12 16:19:03', 'CHROME');
INSERT INTO `visitor` VALUES ('1907', '0:0:0:0:0:0:0:1', '2019-10-12 16:19:04', 'CHROME');
INSERT INTO `visitor` VALUES ('1908', '0:0:0:0:0:0:0:1', '2019-10-12 16:19:04', 'CHROME');
INSERT INTO `visitor` VALUES ('1909', '0:0:0:0:0:0:0:1', '2019-10-12 16:19:05', 'CHROME');
INSERT INTO `visitor` VALUES ('1910', '0:0:0:0:0:0:0:1', '2019-10-12 16:19:07', 'CHROME');
INSERT INTO `visitor` VALUES ('1911', '0:0:0:0:0:0:0:1', '2019-10-12 16:19:35', 'CHROME');
INSERT INTO `visitor` VALUES ('1912', '0:0:0:0:0:0:0:1', '2019-10-12 16:19:40', 'CHROME');
INSERT INTO `visitor` VALUES ('1913', '0:0:0:0:0:0:0:1', '2019-10-12 16:19:41', 'CHROME');
INSERT INTO `visitor` VALUES ('1914', '0:0:0:0:0:0:0:1', '2019-10-12 16:19:42', 'CHROME');
INSERT INTO `visitor` VALUES ('1915', '0:0:0:0:0:0:0:1', '2019-10-12 16:19:48', 'CHROME');
INSERT INTO `visitor` VALUES ('1916', '0:0:0:0:0:0:0:1', '2019-10-12 16:19:48', 'CHROME');
INSERT INTO `visitor` VALUES ('1917', '0:0:0:0:0:0:0:1', '2019-10-12 16:19:49', 'CHROME');
INSERT INTO `visitor` VALUES ('1918', '0:0:0:0:0:0:0:1', '2019-10-12 16:19:49', 'CHROME');
INSERT INTO `visitor` VALUES ('1919', '0:0:0:0:0:0:0:1', '2019-10-12 16:19:54', 'CHROME');
INSERT INTO `visitor` VALUES ('1920', '0:0:0:0:0:0:0:1', '2019-10-12 16:20:12', 'CHROME');
INSERT INTO `visitor` VALUES ('1921', '0:0:0:0:0:0:0:1', '2019-10-12 16:20:54', 'CHROME');
INSERT INTO `visitor` VALUES ('1922', '0:0:0:0:0:0:0:1', '2019-10-12 16:21:24', 'CHROME');
INSERT INTO `visitor` VALUES ('1923', '0:0:0:0:0:0:0:1', '2019-10-12 16:21:39', 'CHROME');
INSERT INTO `visitor` VALUES ('1924', '0:0:0:0:0:0:0:1', '2019-10-12 16:21:40', 'CHROME');
INSERT INTO `visitor` VALUES ('1925', '0:0:0:0:0:0:0:1', '2019-10-12 16:21:41', 'CHROME');
INSERT INTO `visitor` VALUES ('1926', '0:0:0:0:0:0:0:1', '2019-10-12 16:21:43', 'CHROME');
INSERT INTO `visitor` VALUES ('1927', '0:0:0:0:0:0:0:1', '2019-10-12 16:21:44', 'CHROME');
INSERT INTO `visitor` VALUES ('1928', '0:0:0:0:0:0:0:1', '2019-10-12 16:21:44', 'CHROME');
INSERT INTO `visitor` VALUES ('1929', '0:0:0:0:0:0:0:1', '2019-10-12 16:23:54', 'CHROME');
INSERT INTO `visitor` VALUES ('1930', '0:0:0:0:0:0:0:1', '2019-10-12 16:23:57', 'CHROME');
INSERT INTO `visitor` VALUES ('1931', '0:0:0:0:0:0:0:1', '2019-10-12 16:25:21', 'CHROME');
INSERT INTO `visitor` VALUES ('1932', '0:0:0:0:0:0:0:1', '2019-10-12 16:25:24', 'CHROME');
INSERT INTO `visitor` VALUES ('1933', '0:0:0:0:0:0:0:1', '2019-10-12 16:25:25', 'CHROME');
INSERT INTO `visitor` VALUES ('1934', '0:0:0:0:0:0:0:1', '2019-10-12 16:25:28', 'CHROME');
INSERT INTO `visitor` VALUES ('1935', '0:0:0:0:0:0:0:1', '2019-10-12 16:25:29', 'CHROME');
INSERT INTO `visitor` VALUES ('1936', '0:0:0:0:0:0:0:1', '2019-10-12 16:25:31', 'CHROME');
INSERT INTO `visitor` VALUES ('1937', '0:0:0:0:0:0:0:1', '2019-10-12 16:25:32', 'CHROME');
INSERT INTO `visitor` VALUES ('1938', '0:0:0:0:0:0:0:1', '2019-10-12 16:25:34', 'CHROME');
INSERT INTO `visitor` VALUES ('1939', '0:0:0:0:0:0:0:1', '2019-10-12 16:26:39', 'CHROME');
INSERT INTO `visitor` VALUES ('1940', '0:0:0:0:0:0:0:1', '2019-10-12 16:28:57', 'CHROME');
INSERT INTO `visitor` VALUES ('1941', '0:0:0:0:0:0:0:1', '2019-10-12 16:29:00', 'CHROME');
INSERT INTO `visitor` VALUES ('1942', '0:0:0:0:0:0:0:1', '2019-10-12 16:32:22', 'CHROME');
INSERT INTO `visitor` VALUES ('1943', '0:0:0:0:0:0:0:1', '2019-10-12 16:32:24', 'CHROME');
INSERT INTO `visitor` VALUES ('1944', '0:0:0:0:0:0:0:1', '2019-10-12 16:33:11', 'CHROME');
INSERT INTO `visitor` VALUES ('1945', '0:0:0:0:0:0:0:1', '2019-10-12 16:33:27', 'CHROME');
INSERT INTO `visitor` VALUES ('1946', '0:0:0:0:0:0:0:1', '2019-10-12 16:34:26', 'CHROME');
INSERT INTO `visitor` VALUES ('1947', '0:0:0:0:0:0:0:1', '2019-10-12 16:34:40', 'CHROME');
INSERT INTO `visitor` VALUES ('1948', '0:0:0:0:0:0:0:1', '2019-10-12 16:34:51', 'CHROME');
INSERT INTO `visitor` VALUES ('1949', '0:0:0:0:0:0:0:1', '2019-10-12 16:36:25', 'CHROME');
INSERT INTO `visitor` VALUES ('1950', '0:0:0:0:0:0:0:1', '2019-10-12 16:36:46', 'CHROME');
INSERT INTO `visitor` VALUES ('1951', '0:0:0:0:0:0:0:1', '2019-10-12 16:36:48', 'CHROME');
INSERT INTO `visitor` VALUES ('1952', '0:0:0:0:0:0:0:1', '2019-10-12 16:36:49', 'CHROME');
INSERT INTO `visitor` VALUES ('1953', '0:0:0:0:0:0:0:1', '2019-10-12 16:36:49', 'CHROME');
INSERT INTO `visitor` VALUES ('1954', '0:0:0:0:0:0:0:1', '2019-10-12 16:36:50', 'CHROME');
INSERT INTO `visitor` VALUES ('1955', '0:0:0:0:0:0:0:1', '2019-10-12 16:36:51', 'CHROME');
INSERT INTO `visitor` VALUES ('1956', '0:0:0:0:0:0:0:1', '2019-10-12 16:36:52', 'CHROME');
INSERT INTO `visitor` VALUES ('1957', '0:0:0:0:0:0:0:1', '2019-10-12 16:37:26', 'CHROME');
INSERT INTO `visitor` VALUES ('1958', '0:0:0:0:0:0:0:1', '2019-10-12 16:38:47', 'CHROME');
INSERT INTO `visitor` VALUES ('1959', '0:0:0:0:0:0:0:1', '2019-10-12 16:38:54', 'CHROME');
INSERT INTO `visitor` VALUES ('1960', '0:0:0:0:0:0:0:1', '2019-10-12 16:38:55', 'CHROME');
INSERT INTO `visitor` VALUES ('1961', '0:0:0:0:0:0:0:1', '2019-10-12 16:38:55', 'CHROME');
INSERT INTO `visitor` VALUES ('1962', '0:0:0:0:0:0:0:1', '2019-10-12 16:39:01', 'CHROME');
INSERT INTO `visitor` VALUES ('1963', '0:0:0:0:0:0:0:1', '2019-10-12 16:39:31', 'CHROME');
INSERT INTO `visitor` VALUES ('1964', '0:0:0:0:0:0:0:1', '2019-10-12 16:41:59', 'CHROME');
INSERT INTO `visitor` VALUES ('1965', '0:0:0:0:0:0:0:1', '2019-10-12 16:42:50', 'CHROME');
INSERT INTO `visitor` VALUES ('1966', '0:0:0:0:0:0:0:1', '2019-10-12 16:43:15', 'CHROME');
INSERT INTO `visitor` VALUES ('1967', '0:0:0:0:0:0:0:1', '2019-10-12 16:44:03', 'CHROME');
INSERT INTO `visitor` VALUES ('1968', '0:0:0:0:0:0:0:1', '2019-10-12 16:44:22', 'CHROME');
INSERT INTO `visitor` VALUES ('1969', '0:0:0:0:0:0:0:1', '2019-10-12 16:45:19', 'CHROME');
INSERT INTO `visitor` VALUES ('1970', '0:0:0:0:0:0:0:1', '2019-10-12 16:47:04', 'CHROME');
INSERT INTO `visitor` VALUES ('1971', '0:0:0:0:0:0:0:1', '2019-10-12 16:47:16', 'CHROME');
INSERT INTO `visitor` VALUES ('1972', '0:0:0:0:0:0:0:1', '2019-10-12 16:51:30', 'CHROME');
INSERT INTO `visitor` VALUES ('1973', '0:0:0:0:0:0:0:1', '2019-10-12 16:53:14', 'CHROME');
INSERT INTO `visitor` VALUES ('1974', '0:0:0:0:0:0:0:1', '2019-10-12 16:54:14', 'CHROME');
INSERT INTO `visitor` VALUES ('1975', '0:0:0:0:0:0:0:1', '2019-10-12 16:55:22', 'CHROME');
INSERT INTO `visitor` VALUES ('1976', '0:0:0:0:0:0:0:1', '2019-10-12 16:55:35', 'CHROME');
INSERT INTO `visitor` VALUES ('1977', '0:0:0:0:0:0:0:1', '2019-10-12 16:55:43', 'CHROME');
INSERT INTO `visitor` VALUES ('1978', '0:0:0:0:0:0:0:1', '2019-10-12 16:56:04', 'CHROME');
INSERT INTO `visitor` VALUES ('1979', '0:0:0:0:0:0:0:1', '2019-10-12 16:56:59', 'CHROME');
INSERT INTO `visitor` VALUES ('1980', '0:0:0:0:0:0:0:1', '2019-10-12 16:58:52', 'CHROME');
INSERT INTO `visitor` VALUES ('1981', '0:0:0:0:0:0:0:1', '2019-10-12 17:00:42', 'CHROME');
INSERT INTO `visitor` VALUES ('1982', '0:0:0:0:0:0:0:1', '2019-10-12 17:00:59', 'CHROME');
INSERT INTO `visitor` VALUES ('1983', '0:0:0:0:0:0:0:1', '2019-10-12 17:04:45', 'CHROME');
INSERT INTO `visitor` VALUES ('1984', '0:0:0:0:0:0:0:1', '2019-10-12 17:05:07', 'CHROME');
INSERT INTO `visitor` VALUES ('1985', '0:0:0:0:0:0:0:1', '2019-10-12 17:05:29', 'CHROME');
INSERT INTO `visitor` VALUES ('1986', '0:0:0:0:0:0:0:1', '2019-10-12 17:06:24', 'CHROME');
INSERT INTO `visitor` VALUES ('1987', '0:0:0:0:0:0:0:1', '2019-10-12 17:07:00', 'CHROME');
INSERT INTO `visitor` VALUES ('1988', '0:0:0:0:0:0:0:1', '2019-10-12 17:07:16', 'CHROME');
INSERT INTO `visitor` VALUES ('1989', '0:0:0:0:0:0:0:1', '2019-10-12 17:08:05', 'CHROME');
INSERT INTO `visitor` VALUES ('1990', '0:0:0:0:0:0:0:1', '2019-10-12 17:08:51', 'CHROME');
INSERT INTO `visitor` VALUES ('1991', '0:0:0:0:0:0:0:1', '2019-10-12 17:09:08', 'CHROME');
INSERT INTO `visitor` VALUES ('1992', '0:0:0:0:0:0:0:1', '2019-10-12 17:10:29', 'CHROME');
INSERT INTO `visitor` VALUES ('1993', '0:0:0:0:0:0:0:1', '2019-10-12 17:10:53', 'CHROME');
INSERT INTO `visitor` VALUES ('1994', '0:0:0:0:0:0:0:1', '2019-10-12 17:12:04', 'CHROME');
INSERT INTO `visitor` VALUES ('1995', '0:0:0:0:0:0:0:1', '2019-10-12 17:14:45', 'CHROME');
INSERT INTO `visitor` VALUES ('1996', '0:0:0:0:0:0:0:1', '2019-10-12 17:15:39', 'CHROME');
INSERT INTO `visitor` VALUES ('1997', '0:0:0:0:0:0:0:1', '2019-10-12 17:16:00', 'CHROME');
INSERT INTO `visitor` VALUES ('1998', '0:0:0:0:0:0:0:1', '2019-10-12 17:16:21', 'CHROME');
INSERT INTO `visitor` VALUES ('1999', '0:0:0:0:0:0:0:1', '2019-10-12 17:16:39', 'CHROME');
INSERT INTO `visitor` VALUES ('2000', '0:0:0:0:0:0:0:1', '2019-10-12 17:17:17', 'CHROME');
INSERT INTO `visitor` VALUES ('2001', '0:0:0:0:0:0:0:1', '2019-10-12 17:17:50', 'CHROME');
INSERT INTO `visitor` VALUES ('2002', '0:0:0:0:0:0:0:1', '2019-10-12 17:18:59', 'CHROME');
INSERT INTO `visitor` VALUES ('2003', '0:0:0:0:0:0:0:1', '2019-10-12 17:19:23', 'CHROME');
INSERT INTO `visitor` VALUES ('2004', '0:0:0:0:0:0:0:1', '2019-10-12 17:20:59', 'CHROME');
INSERT INTO `visitor` VALUES ('2005', '0:0:0:0:0:0:0:1', '2019-10-12 17:21:41', 'CHROME');
INSERT INTO `visitor` VALUES ('2006', '0:0:0:0:0:0:0:1', '2019-10-12 17:21:54', 'CHROME');
INSERT INTO `visitor` VALUES ('2007', '0:0:0:0:0:0:0:1', '2019-10-12 17:23:46', 'CHROME');
INSERT INTO `visitor` VALUES ('2008', '0:0:0:0:0:0:0:1', '2019-10-12 17:24:03', 'CHROME');
INSERT INTO `visitor` VALUES ('2009', '0:0:0:0:0:0:0:1', '2019-10-12 17:26:19', 'CHROME');
INSERT INTO `visitor` VALUES ('2010', '0:0:0:0:0:0:0:1', '2019-10-12 17:27:13', 'CHROME');
INSERT INTO `visitor` VALUES ('2011', '0:0:0:0:0:0:0:1', '2019-10-12 17:27:39', 'CHROME');
INSERT INTO `visitor` VALUES ('2012', '0:0:0:0:0:0:0:1', '2019-10-12 17:28:02', 'CHROME');
INSERT INTO `visitor` VALUES ('2013', '0:0:0:0:0:0:0:1', '2019-10-12 17:28:18', 'CHROME');
INSERT INTO `visitor` VALUES ('2014', '0:0:0:0:0:0:0:1', '2019-10-12 17:28:47', 'CHROME');
INSERT INTO `visitor` VALUES ('2015', '0:0:0:0:0:0:0:1', '2019-10-12 17:29:28', 'CHROME');
INSERT INTO `visitor` VALUES ('2016', '0:0:0:0:0:0:0:1', '2019-10-12 17:29:30', 'CHROME');
INSERT INTO `visitor` VALUES ('2017', '0:0:0:0:0:0:0:1', '2019-10-12 17:29:53', 'CHROME');
INSERT INTO `visitor` VALUES ('2018', '0:0:0:0:0:0:0:1', '2019-10-12 17:29:55', 'CHROME');
INSERT INTO `visitor` VALUES ('2019', '0:0:0:0:0:0:0:1', '2019-10-12 17:29:56', 'CHROME');
INSERT INTO `visitor` VALUES ('2020', '0:0:0:0:0:0:0:1', '2019-10-12 17:31:30', 'CHROME');
INSERT INTO `visitor` VALUES ('2021', '0:0:0:0:0:0:0:1', '2019-10-12 17:32:14', 'CHROME');
INSERT INTO `visitor` VALUES ('2022', '0:0:0:0:0:0:0:1', '2019-10-12 17:32:15', 'CHROME');
INSERT INTO `visitor` VALUES ('2023', '0:0:0:0:0:0:0:1', '2019-10-12 17:33:51', 'CHROME');
INSERT INTO `visitor` VALUES ('2024', '0:0:0:0:0:0:0:1', '2019-10-12 17:34:11', 'CHROME');
INSERT INTO `visitor` VALUES ('2025', '0:0:0:0:0:0:0:1', '2019-10-12 17:34:12', 'CHROME');
INSERT INTO `visitor` VALUES ('2026', '0:0:0:0:0:0:0:1', '2019-10-12 17:35:08', 'CHROME');
INSERT INTO `visitor` VALUES ('2027', '0:0:0:0:0:0:0:1', '2019-10-12 17:35:30', 'CHROME');
INSERT INTO `visitor` VALUES ('2028', '0:0:0:0:0:0:0:1', '2019-10-12 17:35:38', 'CHROME');
INSERT INTO `visitor` VALUES ('2029', '0:0:0:0:0:0:0:1', '2019-10-12 17:35:52', 'CHROME');
INSERT INTO `visitor` VALUES ('2030', '0:0:0:0:0:0:0:1', '2019-10-12 17:35:56', 'CHROME');
INSERT INTO `visitor` VALUES ('2031', '0:0:0:0:0:0:0:1', '2019-10-12 17:35:58', 'CHROME');
INSERT INTO `visitor` VALUES ('2032', '0:0:0:0:0:0:0:1', '2019-10-12 17:36:37', 'CHROME');
INSERT INTO `visitor` VALUES ('2033', '0:0:0:0:0:0:0:1', '2019-10-12 17:36:55', 'CHROME');
INSERT INTO `visitor` VALUES ('2034', '0:0:0:0:0:0:0:1', '2019-10-12 17:37:26', 'CHROME');
INSERT INTO `visitor` VALUES ('2035', '0:0:0:0:0:0:0:1', '2019-10-12 17:37:55', 'CHROME');
INSERT INTO `visitor` VALUES ('2036', '0:0:0:0:0:0:0:1', '2019-10-12 17:38:05', 'CHROME');
INSERT INTO `visitor` VALUES ('2037', '0:0:0:0:0:0:0:1', '2019-10-12 17:38:07', 'CHROME');
INSERT INTO `visitor` VALUES ('2038', '0:0:0:0:0:0:0:1', '2019-10-12 17:38:08', 'CHROME');
INSERT INTO `visitor` VALUES ('2039', '0:0:0:0:0:0:0:1', '2019-10-12 17:38:09', 'CHROME');
INSERT INTO `visitor` VALUES ('2040', '0:0:0:0:0:0:0:1', '2019-10-12 17:38:12', 'CHROME');
INSERT INTO `visitor` VALUES ('2041', '0:0:0:0:0:0:0:1', '2019-10-12 17:38:12', 'CHROME');
INSERT INTO `visitor` VALUES ('2042', '0:0:0:0:0:0:0:1', '2019-10-12 17:38:13', 'CHROME');
INSERT INTO `visitor` VALUES ('2043', '0:0:0:0:0:0:0:1', '2019-10-12 17:38:16', 'CHROME');
INSERT INTO `visitor` VALUES ('2044', '0:0:0:0:0:0:0:1', '2019-10-12 17:38:17', 'CHROME');
INSERT INTO `visitor` VALUES ('2045', '0:0:0:0:0:0:0:1', '2019-10-12 17:38:20', 'CHROME');
INSERT INTO `visitor` VALUES ('2046', '0:0:0:0:0:0:0:1', '2019-10-12 17:38:21', 'CHROME');
INSERT INTO `visitor` VALUES ('2047', '0:0:0:0:0:0:0:1', '2019-10-12 17:38:40', 'CHROME');
INSERT INTO `visitor` VALUES ('2048', '0:0:0:0:0:0:0:1', '2019-10-12 17:38:42', 'CHROME');
INSERT INTO `visitor` VALUES ('2049', '0:0:0:0:0:0:0:1', '2019-10-12 17:38:48', 'CHROME');
INSERT INTO `visitor` VALUES ('2050', '0:0:0:0:0:0:0:1', '2019-10-12 17:38:48', 'CHROME');
INSERT INTO `visitor` VALUES ('2051', '0:0:0:0:0:0:0:1', '2019-10-12 17:38:50', 'CHROME');
INSERT INTO `visitor` VALUES ('2052', '0:0:0:0:0:0:0:1', '2019-10-12 17:41:38', 'CHROME');
INSERT INTO `visitor` VALUES ('2053', '0:0:0:0:0:0:0:1', '2019-10-12 17:42:40', 'CHROME');
INSERT INTO `visitor` VALUES ('2054', '0:0:0:0:0:0:0:1', '2019-10-12 17:42:42', 'CHROME');
INSERT INTO `visitor` VALUES ('2055', '0:0:0:0:0:0:0:1', '2019-10-12 17:42:43', 'CHROME');
INSERT INTO `visitor` VALUES ('2056', '0:0:0:0:0:0:0:1', '2019-10-12 17:42:44', 'CHROME');
INSERT INTO `visitor` VALUES ('2057', '0:0:0:0:0:0:0:1', '2019-10-12 17:42:45', 'CHROME');
INSERT INTO `visitor` VALUES ('2058', '0:0:0:0:0:0:0:1', '2019-10-12 17:42:45', 'CHROME');
INSERT INTO `visitor` VALUES ('2059', '0:0:0:0:0:0:0:1', '2019-10-12 17:42:49', 'CHROME');
INSERT INTO `visitor` VALUES ('2060', '0:0:0:0:0:0:0:1', '2019-10-12 17:42:50', 'CHROME');
INSERT INTO `visitor` VALUES ('2061', '0:0:0:0:0:0:0:1', '2019-10-12 17:42:51', 'CHROME');
INSERT INTO `visitor` VALUES ('2062', '0:0:0:0:0:0:0:1', '2019-10-12 17:42:52', 'CHROME');
INSERT INTO `visitor` VALUES ('2063', '0:0:0:0:0:0:0:1', '2019-10-12 17:42:52', 'CHROME');
INSERT INTO `visitor` VALUES ('2064', '0:0:0:0:0:0:0:1', '2019-10-12 17:42:53', 'CHROME');
INSERT INTO `visitor` VALUES ('2065', '0:0:0:0:0:0:0:1', '2019-10-12 17:42:54', 'CHROME');
INSERT INTO `visitor` VALUES ('2066', '0:0:0:0:0:0:0:1', '2019-10-12 17:42:54', 'CHROME');
INSERT INTO `visitor` VALUES ('2067', '0:0:0:0:0:0:0:1', '2019-10-12 17:42:56', 'CHROME');
INSERT INTO `visitor` VALUES ('2068', '0:0:0:0:0:0:0:1', '2019-10-12 17:42:57', 'CHROME');
INSERT INTO `visitor` VALUES ('2069', '0:0:0:0:0:0:0:1', '2019-10-12 17:42:57', 'CHROME');
INSERT INTO `visitor` VALUES ('2070', '0:0:0:0:0:0:0:1', '2019-10-12 17:44:33', 'CHROME');
INSERT INTO `visitor` VALUES ('2071', '0:0:0:0:0:0:0:1', '2019-10-12 17:44:35', 'CHROME');
INSERT INTO `visitor` VALUES ('2072', '0:0:0:0:0:0:0:1', '2019-10-12 17:44:37', 'CHROME');
INSERT INTO `visitor` VALUES ('2073', '0:0:0:0:0:0:0:1', '2019-10-12 17:44:40', 'CHROME');
INSERT INTO `visitor` VALUES ('2074', '0:0:0:0:0:0:0:1', '2019-10-12 17:44:42', 'CHROME');
INSERT INTO `visitor` VALUES ('2075', '0:0:0:0:0:0:0:1', '2019-10-12 17:44:43', 'CHROME');
INSERT INTO `visitor` VALUES ('2076', '0:0:0:0:0:0:0:1', '2019-10-12 17:44:44', 'CHROME');
INSERT INTO `visitor` VALUES ('2077', '0:0:0:0:0:0:0:1', '2019-10-12 17:47:03', 'CHROME');
INSERT INTO `visitor` VALUES ('2078', '0:0:0:0:0:0:0:1', '2019-10-12 17:47:03', 'CHROME');
INSERT INTO `visitor` VALUES ('2079', '0:0:0:0:0:0:0:1', '2019-10-12 17:47:06', 'CHROME');
INSERT INTO `visitor` VALUES ('2080', '0:0:0:0:0:0:0:1', '2019-10-12 17:47:08', 'CHROME');
INSERT INTO `visitor` VALUES ('2081', '0:0:0:0:0:0:0:1', '2019-10-12 17:48:14', 'CHROME');
INSERT INTO `visitor` VALUES ('2082', '0:0:0:0:0:0:0:1', '2019-10-12 17:49:01', 'CHROME');
INSERT INTO `visitor` VALUES ('2083', '0:0:0:0:0:0:0:1', '2019-10-12 17:49:02', 'CHROME');
INSERT INTO `visitor` VALUES ('2084', '0:0:0:0:0:0:0:1', '2019-10-12 17:49:03', 'CHROME');
INSERT INTO `visitor` VALUES ('2085', '0:0:0:0:0:0:0:1', '2019-10-12 17:49:04', 'CHROME');
INSERT INTO `visitor` VALUES ('2086', '0:0:0:0:0:0:0:1', '2019-10-12 17:49:04', 'CHROME');
INSERT INTO `visitor` VALUES ('2087', '0:0:0:0:0:0:0:1', '2019-10-12 17:49:10', 'CHROME');
INSERT INTO `visitor` VALUES ('2088', '0:0:0:0:0:0:0:1', '2019-10-12 17:54:42', 'CHROME');
INSERT INTO `visitor` VALUES ('2089', '0:0:0:0:0:0:0:1', '2019-10-12 17:54:44', 'CHROME');
INSERT INTO `visitor` VALUES ('2090', '0:0:0:0:0:0:0:1', '2019-10-12 17:54:44', 'CHROME');
INSERT INTO `visitor` VALUES ('2091', '0:0:0:0:0:0:0:1', '2019-10-12 17:54:46', 'CHROME');
INSERT INTO `visitor` VALUES ('2092', '0:0:0:0:0:0:0:1', '2019-10-12 17:54:46', 'CHROME');
INSERT INTO `visitor` VALUES ('2093', '0:0:0:0:0:0:0:1', '2019-10-12 17:54:47', 'CHROME');
INSERT INTO `visitor` VALUES ('2094', '0:0:0:0:0:0:0:1', '2019-10-12 17:54:49', 'CHROME');
INSERT INTO `visitor` VALUES ('2095', '0:0:0:0:0:0:0:1', '2019-10-12 17:54:49', 'CHROME');
INSERT INTO `visitor` VALUES ('2096', '0:0:0:0:0:0:0:1', '2019-10-12 17:54:50', 'CHROME');
INSERT INTO `visitor` VALUES ('2097', '0:0:0:0:0:0:0:1', '2019-10-12 17:54:53', 'CHROME');
INSERT INTO `visitor` VALUES ('2098', '0:0:0:0:0:0:0:1', '2019-10-12 17:55:57', 'CHROME');
INSERT INTO `visitor` VALUES ('2099', '0:0:0:0:0:0:0:1', '2019-10-12 17:55:57', 'CHROME');
INSERT INTO `visitor` VALUES ('2100', '0:0:0:0:0:0:0:1', '2019-10-12 17:55:58', 'CHROME');
INSERT INTO `visitor` VALUES ('2101', '0:0:0:0:0:0:0:1', '2019-10-12 17:55:58', 'CHROME');
INSERT INTO `visitor` VALUES ('2102', '0:0:0:0:0:0:0:1', '2019-10-12 17:55:59', 'CHROME');
INSERT INTO `visitor` VALUES ('2103', '0:0:0:0:0:0:0:1', '2019-10-12 17:56:00', 'CHROME');
INSERT INTO `visitor` VALUES ('2104', '0:0:0:0:0:0:0:1', '2019-10-12 17:56:00', 'CHROME');
INSERT INTO `visitor` VALUES ('2105', '0:0:0:0:0:0:0:1', '2019-10-12 17:56:01', 'CHROME');
INSERT INTO `visitor` VALUES ('2106', '0:0:0:0:0:0:0:1', '2019-10-12 17:56:01', 'CHROME');
INSERT INTO `visitor` VALUES ('2107', '0:0:0:0:0:0:0:1', '2019-10-12 17:56:03', 'CHROME');
INSERT INTO `visitor` VALUES ('2108', '0:0:0:0:0:0:0:1', '2019-10-12 17:56:04', 'CHROME');
INSERT INTO `visitor` VALUES ('2109', '0:0:0:0:0:0:0:1', '2019-10-12 17:56:04', 'CHROME');
INSERT INTO `visitor` VALUES ('2110', '0:0:0:0:0:0:0:1', '2019-10-12 17:56:05', 'CHROME');
INSERT INTO `visitor` VALUES ('2111', '0:0:0:0:0:0:0:1', '2019-10-12 17:56:05', 'CHROME');
INSERT INTO `visitor` VALUES ('2112', '0:0:0:0:0:0:0:1', '2019-10-12 17:56:07', 'CHROME');
INSERT INTO `visitor` VALUES ('2113', '0:0:0:0:0:0:0:1', '2019-10-12 17:56:07', 'CHROME');
INSERT INTO `visitor` VALUES ('2114', '0:0:0:0:0:0:0:1', '2019-10-12 17:56:09', 'CHROME');
INSERT INTO `visitor` VALUES ('2115', '0:0:0:0:0:0:0:1', '2019-10-12 17:56:10', 'CHROME');
INSERT INTO `visitor` VALUES ('2116', '0:0:0:0:0:0:0:1', '2019-10-12 17:56:10', 'CHROME');
INSERT INTO `visitor` VALUES ('2117', '0:0:0:0:0:0:0:1', '2019-10-12 17:56:11', 'CHROME');
INSERT INTO `visitor` VALUES ('2118', '0:0:0:0:0:0:0:1', '2019-10-12 17:56:11', 'CHROME');
INSERT INTO `visitor` VALUES ('2119', '0:0:0:0:0:0:0:1', '2019-10-12 17:56:17', 'CHROME');
INSERT INTO `visitor` VALUES ('2120', '0:0:0:0:0:0:0:1', '2019-10-12 17:56:17', 'CHROME');
INSERT INTO `visitor` VALUES ('2121', '0:0:0:0:0:0:0:1', '2019-10-12 17:56:19', 'CHROME');
INSERT INTO `visitor` VALUES ('2122', '0:0:0:0:0:0:0:1', '2019-10-12 17:56:19', 'CHROME');
INSERT INTO `visitor` VALUES ('2123', '0:0:0:0:0:0:0:1', '2019-10-12 17:56:20', 'CHROME');
INSERT INTO `visitor` VALUES ('2124', '0:0:0:0:0:0:0:1', '2019-10-12 17:56:20', 'CHROME');
INSERT INTO `visitor` VALUES ('2125', '0:0:0:0:0:0:0:1', '2019-10-12 17:56:20', 'CHROME');
INSERT INTO `visitor` VALUES ('2126', '0:0:0:0:0:0:0:1', '2019-10-12 17:56:21', 'CHROME');
INSERT INTO `visitor` VALUES ('2127', '0:0:0:0:0:0:0:1', '2019-10-12 17:56:21', 'CHROME');
INSERT INTO `visitor` VALUES ('2128', '0:0:0:0:0:0:0:1', '2019-10-12 17:56:25', 'CHROME');
INSERT INTO `visitor` VALUES ('2129', '0:0:0:0:0:0:0:1', '2019-10-12 17:59:19', 'CHROME');
INSERT INTO `visitor` VALUES ('2130', '0:0:0:0:0:0:0:1', '2019-10-12 17:59:20', 'CHROME');
INSERT INTO `visitor` VALUES ('2131', '0:0:0:0:0:0:0:1', '2019-10-12 17:59:20', 'CHROME');
INSERT INTO `visitor` VALUES ('2132', '0:0:0:0:0:0:0:1', '2019-10-12 17:59:21', 'CHROME');
INSERT INTO `visitor` VALUES ('2133', '0:0:0:0:0:0:0:1', '2019-10-12 17:59:21', 'CHROME');
INSERT INTO `visitor` VALUES ('2134', '0:0:0:0:0:0:0:1', '2019-10-12 17:59:22', 'CHROME');
INSERT INTO `visitor` VALUES ('2135', '0:0:0:0:0:0:0:1', '2019-10-12 17:59:23', 'CHROME');
INSERT INTO `visitor` VALUES ('2136', '0:0:0:0:0:0:0:1', '2019-10-12 17:59:23', 'CHROME');
INSERT INTO `visitor` VALUES ('2137', '0:0:0:0:0:0:0:1', '2019-10-12 17:59:23', 'CHROME');
INSERT INTO `visitor` VALUES ('2138', '0:0:0:0:0:0:0:1', '2019-10-12 17:59:24', 'CHROME');
INSERT INTO `visitor` VALUES ('2139', '0:0:0:0:0:0:0:1', '2019-10-12 18:00:14', 'CHROME');
INSERT INTO `visitor` VALUES ('2140', '0:0:0:0:0:0:0:1', '2019-10-12 18:00:16', 'CHROME');
INSERT INTO `visitor` VALUES ('2141', '0:0:0:0:0:0:0:1', '2019-10-12 18:00:28', 'CHROME');
INSERT INTO `visitor` VALUES ('2142', '0:0:0:0:0:0:0:1', '2019-10-12 18:00:30', 'CHROME');
INSERT INTO `visitor` VALUES ('2143', '0:0:0:0:0:0:0:1', '2019-10-12 18:00:32', 'CHROME');
INSERT INTO `visitor` VALUES ('2144', '0:0:0:0:0:0:0:1', '2019-10-12 18:00:34', 'CHROME');
INSERT INTO `visitor` VALUES ('2145', '0:0:0:0:0:0:0:1', '2019-10-12 18:00:36', 'CHROME');
INSERT INTO `visitor` VALUES ('2146', '0:0:0:0:0:0:0:1', '2019-10-12 18:00:37', 'CHROME');
INSERT INTO `visitor` VALUES ('2147', '0:0:0:0:0:0:0:1', '2019-10-12 18:00:38', 'CHROME');
INSERT INTO `visitor` VALUES ('2148', '0:0:0:0:0:0:0:1', '2019-10-12 18:00:38', 'CHROME');
INSERT INTO `visitor` VALUES ('2149', '0:0:0:0:0:0:0:1', '2019-10-12 18:00:39', 'CHROME');
INSERT INTO `visitor` VALUES ('2150', '0:0:0:0:0:0:0:1', '2019-10-12 18:00:43', 'CHROME');
INSERT INTO `visitor` VALUES ('2151', '0:0:0:0:0:0:0:1', '2019-10-12 18:00:43', 'CHROME');
INSERT INTO `visitor` VALUES ('2152', '0:0:0:0:0:0:0:1', '2019-10-12 18:00:44', 'CHROME');
INSERT INTO `visitor` VALUES ('2153', '0:0:0:0:0:0:0:1', '2019-10-12 18:00:45', 'CHROME');
INSERT INTO `visitor` VALUES ('2154', '0:0:0:0:0:0:0:1', '2019-10-12 18:00:46', 'CHROME');
INSERT INTO `visitor` VALUES ('2155', '0:0:0:0:0:0:0:1', '2019-10-12 18:00:46', 'CHROME');
INSERT INTO `visitor` VALUES ('2156', '0:0:0:0:0:0:0:1', '2019-10-12 18:00:53', 'CHROME');
INSERT INTO `visitor` VALUES ('2157', '0:0:0:0:0:0:0:1', '2019-10-12 18:00:53', 'CHROME');
INSERT INTO `visitor` VALUES ('2158', '0:0:0:0:0:0:0:1', '2019-10-12 18:00:54', 'CHROME');
INSERT INTO `visitor` VALUES ('2159', '0:0:0:0:0:0:0:1', '2019-10-12 18:00:54', 'CHROME');
INSERT INTO `visitor` VALUES ('2160', '0:0:0:0:0:0:0:1', '2019-10-12 18:00:55', 'CHROME');
INSERT INTO `visitor` VALUES ('2161', '0:0:0:0:0:0:0:1', '2019-10-12 18:00:55', 'CHROME');
INSERT INTO `visitor` VALUES ('2162', '0:0:0:0:0:0:0:1', '2019-10-12 18:00:56', 'CHROME');
INSERT INTO `visitor` VALUES ('2163', '0:0:0:0:0:0:0:1', '2019-10-12 18:00:56', 'CHROME');
INSERT INTO `visitor` VALUES ('2164', '0:0:0:0:0:0:0:1', '2019-10-12 18:00:57', 'CHROME');
INSERT INTO `visitor` VALUES ('2165', '0:0:0:0:0:0:0:1', '2019-10-12 18:00:57', 'CHROME');
INSERT INTO `visitor` VALUES ('2166', '0:0:0:0:0:0:0:1', '2019-10-12 18:00:58', 'CHROME');
INSERT INTO `visitor` VALUES ('2167', '0:0:0:0:0:0:0:1', '2019-10-12 18:00:59', 'CHROME');
INSERT INTO `visitor` VALUES ('2168', '0:0:0:0:0:0:0:1', '2019-10-12 18:00:59', 'CHROME');
INSERT INTO `visitor` VALUES ('2169', '0:0:0:0:0:0:0:1', '2019-10-12 18:01:00', 'CHROME');
INSERT INTO `visitor` VALUES ('2170', '0:0:0:0:0:0:0:1', '2019-10-12 18:01:00', 'CHROME');
INSERT INTO `visitor` VALUES ('2171', '0:0:0:0:0:0:0:1', '2019-10-12 18:01:00', 'CHROME');
INSERT INTO `visitor` VALUES ('2172', '0:0:0:0:0:0:0:1', '2019-10-12 18:01:01', 'CHROME');
INSERT INTO `visitor` VALUES ('2173', '0:0:0:0:0:0:0:1', '2019-10-12 18:01:02', 'CHROME');
INSERT INTO `visitor` VALUES ('2174', '0:0:0:0:0:0:0:1', '2019-10-12 18:01:02', 'CHROME');
INSERT INTO `visitor` VALUES ('2175', '0:0:0:0:0:0:0:1', '2019-10-12 18:01:03', 'CHROME');
INSERT INTO `visitor` VALUES ('2176', '0:0:0:0:0:0:0:1', '2019-10-12 18:01:03', 'CHROME');
INSERT INTO `visitor` VALUES ('2177', '0:0:0:0:0:0:0:1', '2019-10-12 18:01:05', 'CHROME');
INSERT INTO `visitor` VALUES ('2178', '0:0:0:0:0:0:0:1', '2019-10-12 18:01:05', 'CHROME');
INSERT INTO `visitor` VALUES ('2179', '0:0:0:0:0:0:0:1', '2019-10-12 18:01:19', 'CHROME');
INSERT INTO `visitor` VALUES ('2180', '0:0:0:0:0:0:0:1', '2019-10-12 18:01:24', 'CHROME');
INSERT INTO `visitor` VALUES ('2181', '0:0:0:0:0:0:0:1', '2019-10-12 18:01:56', 'CHROME');
INSERT INTO `visitor` VALUES ('2182', '0:0:0:0:0:0:0:1', '2019-10-12 18:01:56', 'CHROME');
INSERT INTO `visitor` VALUES ('2183', '0:0:0:0:0:0:0:1', '2019-10-12 18:03:31', 'CHROME');
INSERT INTO `visitor` VALUES ('2184', '0:0:0:0:0:0:0:1', '2019-10-12 18:03:32', 'CHROME');
INSERT INTO `visitor` VALUES ('2185', '0:0:0:0:0:0:0:1', '2019-10-12 18:03:36', 'CHROME');
INSERT INTO `visitor` VALUES ('2186', '0:0:0:0:0:0:0:1', '2019-10-12 18:03:37', 'CHROME');
INSERT INTO `visitor` VALUES ('2187', '0:0:0:0:0:0:0:1', '2019-10-12 18:03:37', 'CHROME');
INSERT INTO `visitor` VALUES ('2188', '0:0:0:0:0:0:0:1', '2019-10-12 18:03:38', 'CHROME');
INSERT INTO `visitor` VALUES ('2189', '0:0:0:0:0:0:0:1', '2019-10-12 18:03:38', 'CHROME');
INSERT INTO `visitor` VALUES ('2190', '0:0:0:0:0:0:0:1', '2019-10-12 18:03:42', 'CHROME');
INSERT INTO `visitor` VALUES ('2191', '0:0:0:0:0:0:0:1', '2019-10-12 18:03:45', 'CHROME');
INSERT INTO `visitor` VALUES ('2192', '0:0:0:0:0:0:0:1', '2019-10-12 18:03:47', 'CHROME');
INSERT INTO `visitor` VALUES ('2193', '0:0:0:0:0:0:0:1', '2019-10-12 18:03:50', 'CHROME');
INSERT INTO `visitor` VALUES ('2194', '0:0:0:0:0:0:0:1', '2019-10-12 18:03:51', 'CHROME');
INSERT INTO `visitor` VALUES ('2195', '0:0:0:0:0:0:0:1', '2019-10-12 18:03:51', 'CHROME');
INSERT INTO `visitor` VALUES ('2196', '0:0:0:0:0:0:0:1', '2019-10-12 18:03:52', 'CHROME');
INSERT INTO `visitor` VALUES ('2197', '0:0:0:0:0:0:0:1', '2019-10-12 18:04:00', 'CHROME');
INSERT INTO `visitor` VALUES ('2198', '127.0.0.1', '2019-10-13 14:28:55', 'UNKNOWN');
INSERT INTO `visitor` VALUES ('2199', '127.0.0.1', '2019-10-13 14:28:57', 'UNKNOWN');
INSERT INTO `visitor` VALUES ('2200', '0:0:0:0:0:0:0:1', '2019-10-13 14:28:58', 'CHROME');
INSERT INTO `visitor` VALUES ('2201', '0:0:0:0:0:0:0:1', '2019-10-13 14:29:02', 'CHROME');
INSERT INTO `visitor` VALUES ('2202', '0:0:0:0:0:0:0:1', '2019-10-13 14:29:04', 'CHROME');
INSERT INTO `visitor` VALUES ('2203', '0:0:0:0:0:0:0:1', '2019-10-13 14:30:27', 'CHROME');
INSERT INTO `visitor` VALUES ('2204', '0:0:0:0:0:0:0:1', '2019-10-13 14:30:27', 'CHROME');
INSERT INTO `visitor` VALUES ('2205', '0:0:0:0:0:0:0:1', '2019-10-13 14:30:28', 'CHROME');
INSERT INTO `visitor` VALUES ('2206', '0:0:0:0:0:0:0:1', '2019-10-13 14:30:28', 'CHROME');
INSERT INTO `visitor` VALUES ('2207', '0:0:0:0:0:0:0:1', '2019-10-13 14:30:29', 'CHROME');
INSERT INTO `visitor` VALUES ('2208', '0:0:0:0:0:0:0:1', '2019-10-13 14:30:29', 'CHROME');
INSERT INTO `visitor` VALUES ('2209', '0:0:0:0:0:0:0:1', '2019-10-13 14:30:30', 'CHROME');
INSERT INTO `visitor` VALUES ('2210', '0:0:0:0:0:0:0:1', '2019-10-13 14:30:30', 'CHROME');
INSERT INTO `visitor` VALUES ('2211', '0:0:0:0:0:0:0:1', '2019-10-13 14:30:31', 'CHROME');
INSERT INTO `visitor` VALUES ('2212', '0:0:0:0:0:0:0:1', '2019-10-13 14:30:31', 'CHROME');
INSERT INTO `visitor` VALUES ('2213', '0:0:0:0:0:0:0:1', '2019-10-13 14:30:34', 'CHROME');
INSERT INTO `visitor` VALUES ('2214', '0:0:0:0:0:0:0:1', '2019-10-13 14:35:02', 'CHROME');
INSERT INTO `visitor` VALUES ('2215', '0:0:0:0:0:0:0:1', '2019-10-13 14:35:04', 'CHROME');
INSERT INTO `visitor` VALUES ('2216', '0:0:0:0:0:0:0:1', '2019-10-13 14:35:06', 'CHROME');
INSERT INTO `visitor` VALUES ('2217', '0:0:0:0:0:0:0:1', '2019-10-13 14:35:08', 'CHROME');
INSERT INTO `visitor` VALUES ('2218', '0:0:0:0:0:0:0:1', '2019-10-13 14:35:09', 'CHROME');
INSERT INTO `visitor` VALUES ('2219', '0:0:0:0:0:0:0:1', '2019-10-13 14:36:43', 'CHROME');
INSERT INTO `visitor` VALUES ('2220', '0:0:0:0:0:0:0:1', '2019-10-13 14:36:44', 'CHROME');
INSERT INTO `visitor` VALUES ('2221', '0:0:0:0:0:0:0:1', '2019-10-13 14:36:44', 'CHROME');
INSERT INTO `visitor` VALUES ('2222', '0:0:0:0:0:0:0:1', '2019-10-13 14:37:35', 'CHROME');
INSERT INTO `visitor` VALUES ('2223', '0:0:0:0:0:0:0:1', '2019-10-13 14:37:37', 'CHROME');
INSERT INTO `visitor` VALUES ('2224', '0:0:0:0:0:0:0:1', '2019-10-13 14:37:53', 'CHROME');
INSERT INTO `visitor` VALUES ('2225', '0:0:0:0:0:0:0:1', '2019-10-13 14:37:54', 'CHROME');
INSERT INTO `visitor` VALUES ('2226', '0:0:0:0:0:0:0:1', '2019-10-13 14:37:54', 'CHROME');
INSERT INTO `visitor` VALUES ('2227', '0:0:0:0:0:0:0:1', '2019-10-13 14:37:55', 'CHROME');
INSERT INTO `visitor` VALUES ('2228', '0:0:0:0:0:0:0:1', '2019-10-13 14:37:56', 'CHROME');
INSERT INTO `visitor` VALUES ('2229', '127.0.0.1', '2019-10-16 15:41:59', 'UNKNOWN');
INSERT INTO `visitor` VALUES ('2230', '127.0.0.1', '2019-10-16 15:42:01', 'UNKNOWN');
INSERT INTO `visitor` VALUES ('2231', '0:0:0:0:0:0:0:1', '2019-10-16 15:42:02', 'CHROME');
INSERT INTO `visitor` VALUES ('2232', '0:0:0:0:0:0:0:1', '2019-10-16 15:42:07', 'CHROME');
INSERT INTO `visitor` VALUES ('2233', '0:0:0:0:0:0:0:1', '2019-10-16 15:42:16', 'CHROME');
INSERT INTO `visitor` VALUES ('2234', '0:0:0:0:0:0:0:1', '2019-10-16 15:42:20', 'CHROME');
INSERT INTO `visitor` VALUES ('2235', '0:0:0:0:0:0:0:1', '2019-10-16 15:42:29', 'CHROME');
INSERT INTO `visitor` VALUES ('2236', '0:0:0:0:0:0:0:1', '2019-10-16 15:50:04', 'CHROME');
INSERT INTO `visitor` VALUES ('2237', '0:0:0:0:0:0:0:1', '2019-10-16 16:01:51', 'CHROME');
INSERT INTO `visitor` VALUES ('2238', '0:0:0:0:0:0:0:1', '2019-10-16 16:04:40', 'CHROME');
INSERT INTO `visitor` VALUES ('2239', '0:0:0:0:0:0:0:1', '2019-10-16 16:04:42', 'CHROME');
INSERT INTO `visitor` VALUES ('2240', '0:0:0:0:0:0:0:1', '2019-10-16 16:04:43', 'CHROME');
INSERT INTO `visitor` VALUES ('2241', '0:0:0:0:0:0:0:1', '2019-10-16 16:04:44', 'CHROME');
INSERT INTO `visitor` VALUES ('2242', '0:0:0:0:0:0:0:1', '2019-10-16 16:04:44', 'CHROME');
INSERT INTO `visitor` VALUES ('2243', '0:0:0:0:0:0:0:1', '2019-10-16 16:04:45', 'CHROME');
INSERT INTO `visitor` VALUES ('2244', '0:0:0:0:0:0:0:1', '2019-10-16 16:04:45', 'CHROME');
INSERT INTO `visitor` VALUES ('2245', '0:0:0:0:0:0:0:1', '2019-10-16 16:04:45', 'CHROME');
INSERT INTO `visitor` VALUES ('2246', '0:0:0:0:0:0:0:1', '2019-10-16 16:04:46', 'CHROME');
INSERT INTO `visitor` VALUES ('2247', '0:0:0:0:0:0:0:1', '2019-10-16 16:04:47', 'CHROME');
INSERT INTO `visitor` VALUES ('2248', '0:0:0:0:0:0:0:1', '2019-10-16 16:04:48', 'CHROME');
INSERT INTO `visitor` VALUES ('2249', '0:0:0:0:0:0:0:1', '2019-10-16 16:04:48', 'CHROME');
INSERT INTO `visitor` VALUES ('2250', '0:0:0:0:0:0:0:1', '2019-10-16 16:04:49', 'CHROME');
INSERT INTO `visitor` VALUES ('2251', '0:0:0:0:0:0:0:1', '2019-10-16 16:04:50', 'CHROME');
INSERT INTO `visitor` VALUES ('2252', '0:0:0:0:0:0:0:1', '2019-10-16 16:05:17', 'CHROME');
INSERT INTO `visitor` VALUES ('2253', '0:0:0:0:0:0:0:1', '2019-10-16 16:18:56', 'CHROME');
INSERT INTO `visitor` VALUES ('2254', '0:0:0:0:0:0:0:1', '2019-10-16 16:19:34', 'CHROME');
INSERT INTO `visitor` VALUES ('2255', '0:0:0:0:0:0:0:1', '2019-10-16 16:20:25', 'CHROME');
INSERT INTO `visitor` VALUES ('2256', '0:0:0:0:0:0:0:1', '2019-10-16 16:20:27', 'CHROME');
INSERT INTO `visitor` VALUES ('2257', '0:0:0:0:0:0:0:1', '2019-10-16 16:20:47', 'CHROME');
INSERT INTO `visitor` VALUES ('2258', '0:0:0:0:0:0:0:1', '2019-10-16 16:21:46', 'CHROME');
INSERT INTO `visitor` VALUES ('2259', '0:0:0:0:0:0:0:1', '2019-10-16 16:21:52', 'CHROME');
INSERT INTO `visitor` VALUES ('2260', '0:0:0:0:0:0:0:1', '2019-10-16 16:21:54', 'CHROME');
INSERT INTO `visitor` VALUES ('2261', '0:0:0:0:0:0:0:1', '2019-10-16 16:23:07', 'CHROME');
INSERT INTO `visitor` VALUES ('2262', '0:0:0:0:0:0:0:1', '2019-10-16 16:23:09', 'CHROME');
INSERT INTO `visitor` VALUES ('2263', '0:0:0:0:0:0:0:1', '2019-10-16 16:23:15', 'CHROME');
INSERT INTO `visitor` VALUES ('2264', '0:0:0:0:0:0:0:1', '2019-10-16 17:19:32', 'CHROME');
INSERT INTO `visitor` VALUES ('2265', '0:0:0:0:0:0:0:1', '2019-10-16 17:19:36', 'CHROME');
INSERT INTO `visitor` VALUES ('2266', '0:0:0:0:0:0:0:1', '2019-10-16 17:19:39', 'CHROME');
INSERT INTO `visitor` VALUES ('2267', '0:0:0:0:0:0:0:1', '2019-10-16 17:19:41', 'CHROME');
INSERT INTO `visitor` VALUES ('2268', '0:0:0:0:0:0:0:1', '2019-10-16 17:19:43', 'CHROME');
INSERT INTO `visitor` VALUES ('2269', '0:0:0:0:0:0:0:1', '2019-10-16 17:19:46', 'CHROME');
INSERT INTO `visitor` VALUES ('2270', '0:0:0:0:0:0:0:1', '2019-10-16 17:25:52', 'CHROME');
INSERT INTO `visitor` VALUES ('2271', '0:0:0:0:0:0:0:1', '2019-10-16 17:25:55', 'CHROME');
INSERT INTO `visitor` VALUES ('2272', '0:0:0:0:0:0:0:1', '2019-10-16 17:25:56', 'CHROME');
INSERT INTO `visitor` VALUES ('2273', '0:0:0:0:0:0:0:1', '2019-10-16 17:25:59', 'CHROME');
INSERT INTO `visitor` VALUES ('2274', '127.0.0.1', '2019-10-16 21:01:20', 'UNKNOWN');
INSERT INTO `visitor` VALUES ('2275', '127.0.0.1', '2019-10-16 21:01:22', 'UNKNOWN');
INSERT INTO `visitor` VALUES ('2276', '0:0:0:0:0:0:0:1', '2019-10-16 21:01:23', 'CHROME');
INSERT INTO `visitor` VALUES ('2277', '0:0:0:0:0:0:0:1', '2019-10-16 21:02:13', 'CHROME');
INSERT INTO `visitor` VALUES ('2278', '0:0:0:0:0:0:0:1', '2019-10-16 21:02:14', 'CHROME');
INSERT INTO `visitor` VALUES ('2279', '0:0:0:0:0:0:0:1', '2019-10-16 21:04:00', 'CHROME');
INSERT INTO `visitor` VALUES ('2280', '0:0:0:0:0:0:0:1', '2019-10-16 21:04:03', 'CHROME');
INSERT INTO `visitor` VALUES ('2281', '0:0:0:0:0:0:0:1', '2019-10-16 21:04:04', 'CHROME');
INSERT INTO `visitor` VALUES ('2282', '0:0:0:0:0:0:0:1', '2019-10-16 21:10:56', 'CHROME');
INSERT INTO `visitor` VALUES ('2283', '0:0:0:0:0:0:0:1', '2019-10-16 21:10:59', 'CHROME');
INSERT INTO `visitor` VALUES ('2284', '0:0:0:0:0:0:0:1', '2019-10-16 21:11:00', 'CHROME');
INSERT INTO `visitor` VALUES ('2285', '0:0:0:0:0:0:0:1', '2019-10-16 21:11:03', 'CHROME');
INSERT INTO `visitor` VALUES ('2286', '0:0:0:0:0:0:0:1', '2019-10-16 21:12:53', 'CHROME');
INSERT INTO `visitor` VALUES ('2287', '0:0:0:0:0:0:0:1', '2019-10-16 21:13:56', 'CHROME');
INSERT INTO `visitor` VALUES ('2288', '0:0:0:0:0:0:0:1', '2019-10-16 21:13:58', 'CHROME');
INSERT INTO `visitor` VALUES ('2289', '0:0:0:0:0:0:0:1', '2019-10-16 21:14:16', 'CHROME');
INSERT INTO `visitor` VALUES ('2290', '0:0:0:0:0:0:0:1', '2019-10-16 21:17:56', 'CHROME');
INSERT INTO `visitor` VALUES ('2291', '0:0:0:0:0:0:0:1', '2019-10-16 21:18:23', 'CHROME');
INSERT INTO `visitor` VALUES ('2292', '0:0:0:0:0:0:0:1', '2019-10-16 21:18:25', 'CHROME');
INSERT INTO `visitor` VALUES ('2293', '0:0:0:0:0:0:0:1', '2019-10-16 21:18:28', 'CHROME');
INSERT INTO `visitor` VALUES ('2294', '0:0:0:0:0:0:0:1', '2019-10-16 21:18:31', 'CHROME');
INSERT INTO `visitor` VALUES ('2295', '0:0:0:0:0:0:0:1', '2019-10-16 21:18:55', 'CHROME');
INSERT INTO `visitor` VALUES ('2296', '0:0:0:0:0:0:0:1', '2019-10-16 21:18:57', 'CHROME');
INSERT INTO `visitor` VALUES ('2297', '0:0:0:0:0:0:0:1', '2019-10-16 21:19:00', 'CHROME');
INSERT INTO `visitor` VALUES ('2298', '0:0:0:0:0:0:0:1', '2019-10-16 21:19:28', 'CHROME');
INSERT INTO `visitor` VALUES ('2299', '0:0:0:0:0:0:0:1', '2019-10-16 21:19:32', 'CHROME');
INSERT INTO `visitor` VALUES ('2300', '0:0:0:0:0:0:0:1', '2019-10-16 21:19:47', 'CHROME');
INSERT INTO `visitor` VALUES ('2301', '0:0:0:0:0:0:0:1', '2019-10-16 21:19:51', 'CHROME');
INSERT INTO `visitor` VALUES ('2302', '0:0:0:0:0:0:0:1', '2019-10-16 21:20:00', 'CHROME');
INSERT INTO `visitor` VALUES ('2303', '0:0:0:0:0:0:0:1', '2019-10-16 21:24:29', 'CHROME');
INSERT INTO `visitor` VALUES ('2304', '0:0:0:0:0:0:0:1', '2019-10-16 21:24:34', 'CHROME');
INSERT INTO `visitor` VALUES ('2305', '0:0:0:0:0:0:0:1', '2019-10-16 21:24:36', 'CHROME');
INSERT INTO `visitor` VALUES ('2306', '0:0:0:0:0:0:0:1', '2019-10-16 21:24:40', 'CHROME');
INSERT INTO `visitor` VALUES ('2307', '0:0:0:0:0:0:0:1', '2019-10-16 21:24:54', 'CHROME');
INSERT INTO `visitor` VALUES ('2308', '0:0:0:0:0:0:0:1', '2019-10-16 21:25:41', 'CHROME');
INSERT INTO `visitor` VALUES ('2309', '0:0:0:0:0:0:0:1', '2019-10-16 21:25:44', 'CHROME');
INSERT INTO `visitor` VALUES ('2310', '0:0:0:0:0:0:0:1', '2019-10-16 21:25:47', 'CHROME');
INSERT INTO `visitor` VALUES ('2311', '0:0:0:0:0:0:0:1', '2019-10-16 21:25:52', 'CHROME');
INSERT INTO `visitor` VALUES ('2312', '0:0:0:0:0:0:0:1', '2019-10-16 21:25:55', 'CHROME');
INSERT INTO `visitor` VALUES ('2313', '0:0:0:0:0:0:0:1', '2019-10-16 21:26:03', 'CHROME');
INSERT INTO `visitor` VALUES ('2314', '0:0:0:0:0:0:0:1', '2019-10-16 21:26:14', 'CHROME');
INSERT INTO `visitor` VALUES ('2315', '0:0:0:0:0:0:0:1', '2019-10-16 21:26:15', 'CHROME');
INSERT INTO `visitor` VALUES ('2316', '0:0:0:0:0:0:0:1', '2019-10-16 21:26:18', 'CHROME');
INSERT INTO `visitor` VALUES ('2317', '0:0:0:0:0:0:0:1', '2019-10-16 21:26:22', 'CHROME');
INSERT INTO `visitor` VALUES ('2318', '0:0:0:0:0:0:0:1', '2019-10-16 21:46:38', 'CHROME');
INSERT INTO `visitor` VALUES ('2319', '0:0:0:0:0:0:0:1', '2019-10-16 21:49:08', 'CHROME');
INSERT INTO `visitor` VALUES ('2320', '0:0:0:0:0:0:0:1', '2019-10-16 21:54:50', 'CHROME');
INSERT INTO `visitor` VALUES ('2321', '0:0:0:0:0:0:0:1', '2019-10-16 21:59:01', 'CHROME');
INSERT INTO `visitor` VALUES ('2322', '0:0:0:0:0:0:0:1', '2019-10-16 21:59:04', 'CHROME');
INSERT INTO `visitor` VALUES ('2323', '0:0:0:0:0:0:0:1', '2019-10-16 21:59:06', 'CHROME');
INSERT INTO `visitor` VALUES ('2324', '0:0:0:0:0:0:0:1', '2019-10-16 21:59:08', 'CHROME');
INSERT INTO `visitor` VALUES ('2325', '0:0:0:0:0:0:0:1', '2019-10-16 21:59:12', 'CHROME');
INSERT INTO `visitor` VALUES ('2326', '0:0:0:0:0:0:0:1', '2019-10-16 21:59:14', 'CHROME');
INSERT INTO `visitor` VALUES ('2327', '0:0:0:0:0:0:0:1', '2019-10-16 21:59:14', 'CHROME');
INSERT INTO `visitor` VALUES ('2328', '0:0:0:0:0:0:0:1', '2019-10-16 21:59:14', 'CHROME');
INSERT INTO `visitor` VALUES ('2329', '0:0:0:0:0:0:0:1', '2019-10-16 21:59:15', 'CHROME');
INSERT INTO `visitor` VALUES ('2330', '0:0:0:0:0:0:0:1', '2019-10-16 21:59:17', 'CHROME');
INSERT INTO `visitor` VALUES ('2331', '0:0:0:0:0:0:0:1', '2019-10-16 21:59:17', 'CHROME');
INSERT INTO `visitor` VALUES ('2332', '0:0:0:0:0:0:0:1', '2019-10-16 21:59:19', 'CHROME');
INSERT INTO `visitor` VALUES ('2333', '0:0:0:0:0:0:0:1', '2019-10-16 21:59:19', 'CHROME');
INSERT INTO `visitor` VALUES ('2334', '0:0:0:0:0:0:0:1', '2019-10-16 21:59:21', 'CHROME');
INSERT INTO `visitor` VALUES ('2335', '0:0:0:0:0:0:0:1', '2019-10-16 21:59:21', 'CHROME');
INSERT INTO `visitor` VALUES ('2336', '0:0:0:0:0:0:0:1', '2019-10-16 21:59:22', 'CHROME');
INSERT INTO `visitor` VALUES ('2337', '0:0:0:0:0:0:0:1', '2019-10-16 21:59:23', 'CHROME');
INSERT INTO `visitor` VALUES ('2338', '0:0:0:0:0:0:0:1', '2019-10-16 21:59:24', 'CHROME');
INSERT INTO `visitor` VALUES ('2339', '0:0:0:0:0:0:0:1', '2019-10-16 21:59:25', 'CHROME');
INSERT INTO `visitor` VALUES ('2340', '0:0:0:0:0:0:0:1', '2019-10-16 21:59:30', 'CHROME');
INSERT INTO `visitor` VALUES ('2341', '0:0:0:0:0:0:0:1', '2019-10-16 21:59:32', 'CHROME');
INSERT INTO `visitor` VALUES ('2342', '0:0:0:0:0:0:0:1', '2019-10-16 21:59:33', 'CHROME');
INSERT INTO `visitor` VALUES ('2343', '0:0:0:0:0:0:0:1', '2019-10-16 21:59:40', 'CHROME');
INSERT INTO `visitor` VALUES ('2344', '0:0:0:0:0:0:0:1', '2019-10-16 21:59:41', 'CHROME');
INSERT INTO `visitor` VALUES ('2345', '0:0:0:0:0:0:0:1', '2019-10-16 21:59:49', 'CHROME');
INSERT INTO `visitor` VALUES ('2346', '0:0:0:0:0:0:0:1', '2019-10-16 21:59:49', 'CHROME');
INSERT INTO `visitor` VALUES ('2347', '0:0:0:0:0:0:0:1', '2019-10-16 21:59:50', 'CHROME');
INSERT INTO `visitor` VALUES ('2348', '0:0:0:0:0:0:0:1', '2019-10-16 21:59:51', 'CHROME');
INSERT INTO `visitor` VALUES ('2349', '0:0:0:0:0:0:0:1', '2019-10-16 21:59:51', 'CHROME');
INSERT INTO `visitor` VALUES ('2350', '0:0:0:0:0:0:0:1', '2019-10-16 21:59:52', 'CHROME');
INSERT INTO `visitor` VALUES ('2351', '0:0:0:0:0:0:0:1', '2019-10-16 21:59:52', 'CHROME');
INSERT INTO `visitor` VALUES ('2352', '0:0:0:0:0:0:0:1', '2019-10-16 21:59:52', 'CHROME');
INSERT INTO `visitor` VALUES ('2353', '0:0:0:0:0:0:0:1', '2019-10-16 21:59:53', 'CHROME');
INSERT INTO `visitor` VALUES ('2354', '0:0:0:0:0:0:0:1', '2019-10-16 21:59:53', 'CHROME');
INSERT INTO `visitor` VALUES ('2355', '0:0:0:0:0:0:0:1', '2019-10-16 21:59:54', 'CHROME');
INSERT INTO `visitor` VALUES ('2356', '0:0:0:0:0:0:0:1', '2019-10-16 21:59:54', 'CHROME');
INSERT INTO `visitor` VALUES ('2357', '0:0:0:0:0:0:0:1', '2019-10-16 21:59:55', 'CHROME');
INSERT INTO `visitor` VALUES ('2358', '127.0.0.1', '2019-10-17 15:31:24', 'UNKNOWN');
INSERT INTO `visitor` VALUES ('2359', '127.0.0.1', '2019-10-17 15:31:25', 'UNKNOWN');
INSERT INTO `visitor` VALUES ('2360', '0:0:0:0:0:0:0:1', '2019-10-17 15:31:26', 'CHROME');
INSERT INTO `visitor` VALUES ('2361', '0:0:0:0:0:0:0:1', '2019-10-17 15:35:03', 'CHROME');
INSERT INTO `visitor` VALUES ('2362', '0:0:0:0:0:0:0:1', '2019-10-17 15:35:12', 'CHROME');
INSERT INTO `visitor` VALUES ('2363', '0:0:0:0:0:0:0:1', '2019-10-17 15:35:21', 'CHROME');
INSERT INTO `visitor` VALUES ('2364', '0:0:0:0:0:0:0:1', '2019-10-17 15:35:21', 'CHROME');
INSERT INTO `visitor` VALUES ('2365', '0:0:0:0:0:0:0:1', '2019-10-17 15:35:22', 'CHROME');
INSERT INTO `visitor` VALUES ('2366', '0:0:0:0:0:0:0:1', '2019-10-17 15:35:22', 'CHROME');
INSERT INTO `visitor` VALUES ('2367', '0:0:0:0:0:0:0:1', '2019-10-17 15:35:23', 'CHROME');
INSERT INTO `visitor` VALUES ('2368', '0:0:0:0:0:0:0:1', '2019-10-17 15:35:23', 'CHROME');
INSERT INTO `visitor` VALUES ('2369', '0:0:0:0:0:0:0:1', '2019-10-17 15:35:23', 'CHROME');
INSERT INTO `visitor` VALUES ('2370', '0:0:0:0:0:0:0:1', '2019-10-17 15:35:24', 'CHROME');
INSERT INTO `visitor` VALUES ('2371', '0:0:0:0:0:0:0:1', '2019-10-17 15:35:24', 'CHROME');
INSERT INTO `visitor` VALUES ('2372', '0:0:0:0:0:0:0:1', '2019-10-17 15:35:26', 'CHROME');
INSERT INTO `visitor` VALUES ('2373', '0:0:0:0:0:0:0:1', '2019-10-17 15:35:26', 'CHROME');
INSERT INTO `visitor` VALUES ('2374', '0:0:0:0:0:0:0:1', '2019-10-17 15:35:27', 'CHROME');
INSERT INTO `visitor` VALUES ('2375', '0:0:0:0:0:0:0:1', '2019-10-17 15:35:28', 'CHROME');
INSERT INTO `visitor` VALUES ('2376', '0:0:0:0:0:0:0:1', '2019-10-17 15:35:47', 'CHROME');
INSERT INTO `visitor` VALUES ('2377', '0:0:0:0:0:0:0:1', '2019-10-17 15:35:52', 'CHROME');
INSERT INTO `visitor` VALUES ('2378', '0:0:0:0:0:0:0:1', '2019-10-17 15:35:56', 'CHROME');
INSERT INTO `visitor` VALUES ('2379', '0:0:0:0:0:0:0:1', '2019-10-17 15:35:58', 'CHROME');
INSERT INTO `visitor` VALUES ('2380', '0:0:0:0:0:0:0:1', '2019-10-17 15:36:00', 'CHROME');
INSERT INTO `visitor` VALUES ('2381', '0:0:0:0:0:0:0:1', '2019-10-17 15:36:04', 'CHROME');
INSERT INTO `visitor` VALUES ('2382', '0:0:0:0:0:0:0:1', '2019-10-17 15:36:07', 'CHROME');
INSERT INTO `visitor` VALUES ('2383', '0:0:0:0:0:0:0:1', '2019-10-17 15:41:08', 'CHROME');
INSERT INTO `visitor` VALUES ('2384', '0:0:0:0:0:0:0:1', '2019-10-17 15:41:10', 'CHROME');
INSERT INTO `visitor` VALUES ('2385', '0:0:0:0:0:0:0:1', '2019-10-17 15:41:40', 'CHROME');
INSERT INTO `visitor` VALUES ('2386', '0:0:0:0:0:0:0:1', '2019-10-17 15:42:44', 'CHROME');
INSERT INTO `visitor` VALUES ('2387', '0:0:0:0:0:0:0:1', '2019-10-17 15:42:47', 'CHROME');
INSERT INTO `visitor` VALUES ('2388', '0:0:0:0:0:0:0:1', '2019-10-17 15:46:34', 'CHROME');
INSERT INTO `visitor` VALUES ('2389', '0:0:0:0:0:0:0:1', '2019-10-17 15:46:36', 'CHROME');
INSERT INTO `visitor` VALUES ('2390', '0:0:0:0:0:0:0:1', '2019-10-17 15:50:36', 'CHROME');
INSERT INTO `visitor` VALUES ('2391', '0:0:0:0:0:0:0:1', '2019-10-17 15:50:41', 'CHROME');
INSERT INTO `visitor` VALUES ('2392', '0:0:0:0:0:0:0:1', '2019-10-17 15:50:49', 'CHROME');
INSERT INTO `visitor` VALUES ('2393', '0:0:0:0:0:0:0:1', '2019-10-17 15:51:16', 'CHROME');
INSERT INTO `visitor` VALUES ('2394', '0:0:0:0:0:0:0:1', '2019-10-17 15:51:16', 'CHROME');
INSERT INTO `visitor` VALUES ('2395', '0:0:0:0:0:0:0:1', '2019-10-17 15:51:22', 'CHROME');
INSERT INTO `visitor` VALUES ('2396', '0:0:0:0:0:0:0:1', '2019-10-17 15:51:27', 'CHROME');
INSERT INTO `visitor` VALUES ('2397', '0:0:0:0:0:0:0:1', '2019-10-17 15:51:30', 'CHROME');
INSERT INTO `visitor` VALUES ('2398', '0:0:0:0:0:0:0:1', '2019-10-17 15:51:39', 'CHROME');
INSERT INTO `visitor` VALUES ('2399', '0:0:0:0:0:0:0:1', '2019-10-17 15:51:45', 'CHROME');
INSERT INTO `visitor` VALUES ('2400', '0:0:0:0:0:0:0:1', '2019-10-17 15:51:51', 'CHROME');
INSERT INTO `visitor` VALUES ('2401', '0:0:0:0:0:0:0:1', '2019-10-17 15:56:28', 'CHROME');
INSERT INTO `visitor` VALUES ('2402', '0:0:0:0:0:0:0:1', '2019-10-17 15:56:30', 'CHROME');
INSERT INTO `visitor` VALUES ('2403', '0:0:0:0:0:0:0:1', '2019-10-17 15:56:30', 'CHROME');
INSERT INTO `visitor` VALUES ('2404', '0:0:0:0:0:0:0:1', '2019-10-17 15:56:31', 'CHROME');
INSERT INTO `visitor` VALUES ('2405', '0:0:0:0:0:0:0:1', '2019-10-17 15:56:33', 'CHROME');
INSERT INTO `visitor` VALUES ('2406', '0:0:0:0:0:0:0:1', '2019-10-17 15:56:33', 'CHROME');
INSERT INTO `visitor` VALUES ('2407', '0:0:0:0:0:0:0:1', '2019-10-17 15:56:34', 'CHROME');
INSERT INTO `visitor` VALUES ('2408', '0:0:0:0:0:0:0:1', '2019-10-17 16:09:50', 'CHROME');
INSERT INTO `visitor` VALUES ('2409', '0:0:0:0:0:0:0:1', '2019-10-17 16:09:59', 'CHROME');
INSERT INTO `visitor` VALUES ('2410', '0:0:0:0:0:0:0:1', '2019-10-17 16:12:31', 'CHROME');
INSERT INTO `visitor` VALUES ('2411', '0:0:0:0:0:0:0:1', '2019-10-17 16:15:05', 'CHROME');
INSERT INTO `visitor` VALUES ('2412', '0:0:0:0:0:0:0:1', '2019-10-17 16:15:08', 'CHROME');
INSERT INTO `visitor` VALUES ('2413', '0:0:0:0:0:0:0:1', '2019-10-17 16:19:22', 'CHROME');
INSERT INTO `visitor` VALUES ('2414', '0:0:0:0:0:0:0:1', '2019-10-17 16:20:10', 'CHROME');
INSERT INTO `visitor` VALUES ('2415', '0:0:0:0:0:0:0:1', '2019-10-17 16:20:56', 'CHROME');
INSERT INTO `visitor` VALUES ('2416', '0:0:0:0:0:0:0:1', '2019-10-17 16:25:35', 'CHROME');
INSERT INTO `visitor` VALUES ('2417', '0:0:0:0:0:0:0:1', '2019-10-17 16:25:38', 'CHROME');
INSERT INTO `visitor` VALUES ('2418', '0:0:0:0:0:0:0:1', '2019-10-17 16:34:22', 'CHROME');
INSERT INTO `visitor` VALUES ('2419', '0:0:0:0:0:0:0:1', '2019-10-17 16:34:25', 'CHROME');
INSERT INTO `visitor` VALUES ('2420', '0:0:0:0:0:0:0:1', '2019-10-17 16:45:35', 'CHROME');
INSERT INTO `visitor` VALUES ('2421', '0:0:0:0:0:0:0:1', '2019-10-17 16:45:39', 'CHROME');
INSERT INTO `visitor` VALUES ('2422', '0:0:0:0:0:0:0:1', '2019-10-17 16:46:34', 'CHROME');
INSERT INTO `visitor` VALUES ('2423', '0:0:0:0:0:0:0:1', '2019-10-17 16:46:36', 'CHROME');
INSERT INTO `visitor` VALUES ('2424', '0:0:0:0:0:0:0:1', '2019-10-17 16:48:05', 'CHROME');
INSERT INTO `visitor` VALUES ('2425', '0:0:0:0:0:0:0:1', '2019-10-17 16:48:07', 'CHROME');
INSERT INTO `visitor` VALUES ('2426', '0:0:0:0:0:0:0:1', '2019-10-17 16:48:35', 'CHROME');
INSERT INTO `visitor` VALUES ('2427', '0:0:0:0:0:0:0:1', '2019-10-17 16:57:17', 'CHROME');
INSERT INTO `visitor` VALUES ('2428', '0:0:0:0:0:0:0:1', '2019-10-17 16:57:20', 'CHROME');
INSERT INTO `visitor` VALUES ('2429', '0:0:0:0:0:0:0:1', '2019-10-17 16:57:25', 'CHROME');
INSERT INTO `visitor` VALUES ('2430', '0:0:0:0:0:0:0:1', '2019-10-17 17:03:11', 'CHROME');
INSERT INTO `visitor` VALUES ('2431', '0:0:0:0:0:0:0:1', '2019-10-17 17:04:27', 'CHROME');
INSERT INTO `visitor` VALUES ('2432', '0:0:0:0:0:0:0:1', '2019-10-17 17:04:32', 'CHROME');
INSERT INTO `visitor` VALUES ('2433', '0:0:0:0:0:0:0:1', '2019-10-17 17:05:14', 'CHROME');
INSERT INTO `visitor` VALUES ('2434', '0:0:0:0:0:0:0:1', '2019-10-17 17:05:14', 'CHROME');
INSERT INTO `visitor` VALUES ('2435', '0:0:0:0:0:0:0:1', '2019-10-17 17:05:17', 'CHROME');
INSERT INTO `visitor` VALUES ('2436', '0:0:0:0:0:0:0:1', '2019-10-17 17:05:23', 'CHROME');
INSERT INTO `visitor` VALUES ('2437', '0:0:0:0:0:0:0:1', '2019-10-17 17:05:35', 'CHROME');
INSERT INTO `visitor` VALUES ('2438', '0:0:0:0:0:0:0:1', '2019-10-17 17:05:48', 'CHROME');
INSERT INTO `visitor` VALUES ('2439', '0:0:0:0:0:0:0:1', '2019-10-17 17:05:49', 'CHROME');
INSERT INTO `visitor` VALUES ('2440', '0:0:0:0:0:0:0:1', '2019-10-17 17:05:54', 'CHROME');
INSERT INTO `visitor` VALUES ('2441', '0:0:0:0:0:0:0:1', '2019-10-17 17:05:59', 'CHROME');
INSERT INTO `visitor` VALUES ('2442', '0:0:0:0:0:0:0:1', '2019-10-17 17:06:03', 'CHROME');
INSERT INTO `visitor` VALUES ('2443', '0:0:0:0:0:0:0:1', '2019-10-17 17:06:06', 'CHROME');
INSERT INTO `visitor` VALUES ('2444', '0:0:0:0:0:0:0:1', '2019-10-17 17:09:54', 'CHROME');
INSERT INTO `visitor` VALUES ('2445', '0:0:0:0:0:0:0:1', '2019-10-17 17:10:03', 'CHROME');
INSERT INTO `visitor` VALUES ('2446', '0:0:0:0:0:0:0:1', '2019-10-17 17:11:54', 'CHROME');
INSERT INTO `visitor` VALUES ('2447', '0:0:0:0:0:0:0:1', '2019-10-17 17:11:55', 'CHROME');
INSERT INTO `visitor` VALUES ('2448', '0:0:0:0:0:0:0:1', '2019-10-17 17:11:56', 'CHROME');
INSERT INTO `visitor` VALUES ('2449', '0:0:0:0:0:0:0:1', '2019-10-17 17:11:57', 'CHROME');
INSERT INTO `visitor` VALUES ('2450', '0:0:0:0:0:0:0:1', '2019-10-17 17:11:57', 'CHROME');
INSERT INTO `visitor` VALUES ('2451', '0:0:0:0:0:0:0:1', '2019-10-17 17:11:58', 'CHROME');
INSERT INTO `visitor` VALUES ('2452', '0:0:0:0:0:0:0:1', '2019-10-17 17:11:59', 'CHROME');
INSERT INTO `visitor` VALUES ('2453', '0:0:0:0:0:0:0:1', '2019-10-17 17:11:59', 'CHROME');
INSERT INTO `visitor` VALUES ('2454', '0:0:0:0:0:0:0:1', '2019-10-17 17:12:00', 'CHROME');
INSERT INTO `visitor` VALUES ('2455', '0:0:0:0:0:0:0:1', '2019-10-17 17:20:46', 'CHROME');
INSERT INTO `visitor` VALUES ('2456', '0:0:0:0:0:0:0:1', '2019-10-17 17:20:52', 'CHROME');
INSERT INTO `visitor` VALUES ('2457', '0:0:0:0:0:0:0:1', '2019-10-17 17:20:54', 'CHROME');
INSERT INTO `visitor` VALUES ('2458', '0:0:0:0:0:0:0:1', '2019-10-17 17:21:28', 'CHROME');
INSERT INTO `visitor` VALUES ('2459', '0:0:0:0:0:0:0:1', '2019-10-17 17:21:30', 'CHROME');
INSERT INTO `visitor` VALUES ('2460', '0:0:0:0:0:0:0:1', '2019-10-17 17:21:32', 'CHROME');
INSERT INTO `visitor` VALUES ('2461', '0:0:0:0:0:0:0:1', '2019-10-17 17:23:01', 'CHROME');
INSERT INTO `visitor` VALUES ('2462', '0:0:0:0:0:0:0:1', '2019-10-17 17:23:58', 'CHROME');
INSERT INTO `visitor` VALUES ('2463', '0:0:0:0:0:0:0:1', '2019-10-17 17:23:59', 'CHROME');
INSERT INTO `visitor` VALUES ('2464', '0:0:0:0:0:0:0:1', '2019-10-17 17:24:01', 'CHROME');
INSERT INTO `visitor` VALUES ('2465', '0:0:0:0:0:0:0:1', '2019-10-17 17:24:08', 'CHROME');
INSERT INTO `visitor` VALUES ('2466', '0:0:0:0:0:0:0:1', '2019-10-17 17:24:09', 'CHROME');
INSERT INTO `visitor` VALUES ('2467', '0:0:0:0:0:0:0:1', '2019-10-17 17:24:11', 'CHROME');
INSERT INTO `visitor` VALUES ('2468', '0:0:0:0:0:0:0:1', '2019-10-17 17:24:57', 'CHROME');
INSERT INTO `visitor` VALUES ('2469', '0:0:0:0:0:0:0:1', '2019-10-17 17:28:13', 'CHROME');
INSERT INTO `visitor` VALUES ('2470', '0:0:0:0:0:0:0:1', '2019-10-17 17:28:15', 'CHROME');
INSERT INTO `visitor` VALUES ('2471', '0:0:0:0:0:0:0:1', '2019-10-17 17:28:25', 'CHROME');
INSERT INTO `visitor` VALUES ('2472', '0:0:0:0:0:0:0:1', '2019-10-17 17:28:29', 'CHROME');
INSERT INTO `visitor` VALUES ('2473', '0:0:0:0:0:0:0:1', '2019-10-17 17:28:34', 'CHROME');
INSERT INTO `visitor` VALUES ('2474', '0:0:0:0:0:0:0:1', '2019-10-17 17:28:34', 'CHROME');
INSERT INTO `visitor` VALUES ('2475', '0:0:0:0:0:0:0:1', '2019-10-17 17:28:37', 'CHROME');
INSERT INTO `visitor` VALUES ('2476', '0:0:0:0:0:0:0:1', '2019-10-17 17:28:39', 'CHROME');
INSERT INTO `visitor` VALUES ('2477', '0:0:0:0:0:0:0:1', '2019-10-17 17:28:39', 'CHROME');
INSERT INTO `visitor` VALUES ('2478', '0:0:0:0:0:0:0:1', '2019-10-17 17:28:41', 'CHROME');
INSERT INTO `visitor` VALUES ('2479', '0:0:0:0:0:0:0:1', '2019-10-17 17:28:43', 'CHROME');
INSERT INTO `visitor` VALUES ('2480', '0:0:0:0:0:0:0:1', '2019-10-17 17:28:43', 'CHROME');
INSERT INTO `visitor` VALUES ('2481', '0:0:0:0:0:0:0:1', '2019-10-17 17:28:44', 'CHROME');
INSERT INTO `visitor` VALUES ('2482', '0:0:0:0:0:0:0:1', '2019-10-17 17:28:49', 'CHROME');
INSERT INTO `visitor` VALUES ('2483', '0:0:0:0:0:0:0:1', '2019-10-17 17:28:49', 'CHROME');
INSERT INTO `visitor` VALUES ('2484', '0:0:0:0:0:0:0:1', '2019-10-17 17:28:52', 'CHROME');
INSERT INTO `visitor` VALUES ('2485', '0:0:0:0:0:0:0:1', '2019-10-17 17:28:55', 'CHROME');
INSERT INTO `visitor` VALUES ('2486', '0:0:0:0:0:0:0:1', '2019-10-17 17:28:57', 'CHROME');
INSERT INTO `visitor` VALUES ('2487', '0:0:0:0:0:0:0:1', '2019-10-17 17:28:57', 'CHROME');
INSERT INTO `visitor` VALUES ('2488', '0:0:0:0:0:0:0:1', '2019-10-17 17:28:59', 'CHROME');
INSERT INTO `visitor` VALUES ('2489', '0:0:0:0:0:0:0:1', '2019-10-17 17:29:02', 'CHROME');
INSERT INTO `visitor` VALUES ('2490', '0:0:0:0:0:0:0:1', '2019-10-17 17:29:04', 'CHROME');
INSERT INTO `visitor` VALUES ('2491', '0:0:0:0:0:0:0:1', '2019-10-17 17:29:04', 'CHROME');
INSERT INTO `visitor` VALUES ('2492', '0:0:0:0:0:0:0:1', '2019-10-17 17:29:07', 'CHROME');
INSERT INTO `visitor` VALUES ('2493', '0:0:0:0:0:0:0:1', '2019-10-17 17:29:15', 'CHROME');
INSERT INTO `visitor` VALUES ('2494', '0:0:0:0:0:0:0:1', '2019-10-17 17:29:18', 'CHROME');
INSERT INTO `visitor` VALUES ('2495', '0:0:0:0:0:0:0:1', '2019-10-17 17:29:18', 'CHROME');
INSERT INTO `visitor` VALUES ('2496', '0:0:0:0:0:0:0:1', '2019-10-17 17:29:20', 'CHROME');
INSERT INTO `visitor` VALUES ('2497', '0:0:0:0:0:0:0:1', '2019-10-17 17:29:23', 'CHROME');
INSERT INTO `visitor` VALUES ('2498', '0:0:0:0:0:0:0:1', '2019-10-17 17:29:25', 'CHROME');
INSERT INTO `visitor` VALUES ('2499', '0:0:0:0:0:0:0:1', '2019-10-17 17:29:28', 'CHROME');
INSERT INTO `visitor` VALUES ('2500', '0:0:0:0:0:0:0:1', '2019-10-17 17:29:28', 'CHROME');
INSERT INTO `visitor` VALUES ('2501', '0:0:0:0:0:0:0:1', '2019-10-17 17:29:29', 'CHROME');
INSERT INTO `visitor` VALUES ('2502', '0:0:0:0:0:0:0:1', '2019-10-17 17:29:30', 'CHROME');
INSERT INTO `visitor` VALUES ('2503', '0:0:0:0:0:0:0:1', '2019-10-17 17:29:33', 'CHROME');
INSERT INTO `visitor` VALUES ('2504', '0:0:0:0:0:0:0:1', '2019-10-17 17:29:33', 'CHROME');
INSERT INTO `visitor` VALUES ('2505', '0:0:0:0:0:0:0:1', '2019-10-17 17:29:35', 'CHROME');
INSERT INTO `visitor` VALUES ('2506', '0:0:0:0:0:0:0:1', '2019-10-17 17:29:36', 'CHROME');
INSERT INTO `visitor` VALUES ('2507', '0:0:0:0:0:0:0:1', '2019-10-17 17:29:38', 'CHROME');
INSERT INTO `visitor` VALUES ('2508', '0:0:0:0:0:0:0:1', '2019-10-17 17:29:38', 'CHROME');
INSERT INTO `visitor` VALUES ('2509', '0:0:0:0:0:0:0:1', '2019-10-17 17:29:40', 'CHROME');
INSERT INTO `visitor` VALUES ('2510', '0:0:0:0:0:0:0:1', '2019-10-17 17:29:41', 'CHROME');
INSERT INTO `visitor` VALUES ('2511', '0:0:0:0:0:0:0:1', '2019-10-17 17:29:44', 'CHROME');
INSERT INTO `visitor` VALUES ('2512', '0:0:0:0:0:0:0:1', '2019-10-17 17:29:44', 'CHROME');
INSERT INTO `visitor` VALUES ('2513', '0:0:0:0:0:0:0:1', '2019-10-17 17:29:46', 'CHROME');
INSERT INTO `visitor` VALUES ('2514', '0:0:0:0:0:0:0:1', '2019-10-17 17:29:47', 'CHROME');
INSERT INTO `visitor` VALUES ('2515', '0:0:0:0:0:0:0:1', '2019-10-17 17:29:49', 'CHROME');
INSERT INTO `visitor` VALUES ('2516', '0:0:0:0:0:0:0:1', '2019-10-17 17:29:49', 'CHROME');
INSERT INTO `visitor` VALUES ('2517', '0:0:0:0:0:0:0:1', '2019-10-17 17:29:51', 'CHROME');
INSERT INTO `visitor` VALUES ('2518', '0:0:0:0:0:0:0:1', '2019-10-17 17:29:53', 'CHROME');
INSERT INTO `visitor` VALUES ('2519', '0:0:0:0:0:0:0:1', '2019-10-17 17:29:54', 'CHROME');
INSERT INTO `visitor` VALUES ('2520', '0:0:0:0:0:0:0:1', '2019-10-17 17:29:55', 'CHROME');
INSERT INTO `visitor` VALUES ('2521', '0:0:0:0:0:0:0:1', '2019-10-17 17:29:56', 'CHROME');
INSERT INTO `visitor` VALUES ('2522', '0:0:0:0:0:0:0:1', '2019-10-17 17:29:57', 'CHROME');
INSERT INTO `visitor` VALUES ('2523', '0:0:0:0:0:0:0:1', '2019-10-17 17:30:00', 'CHROME');
INSERT INTO `visitor` VALUES ('2524', '0:0:0:0:0:0:0:1', '2019-10-17 17:30:00', 'CHROME');
INSERT INTO `visitor` VALUES ('2525', '0:0:0:0:0:0:0:1', '2019-10-17 17:30:02', 'CHROME');
INSERT INTO `visitor` VALUES ('2526', '0:0:0:0:0:0:0:1', '2019-10-17 17:30:02', 'CHROME');
INSERT INTO `visitor` VALUES ('2527', '0:0:0:0:0:0:0:1', '2019-10-17 17:30:04', 'CHROME');
INSERT INTO `visitor` VALUES ('2528', '0:0:0:0:0:0:0:1', '2019-10-17 17:30:04', 'CHROME');
INSERT INTO `visitor` VALUES ('2529', '0:0:0:0:0:0:0:1', '2019-10-17 17:30:06', 'CHROME');
INSERT INTO `visitor` VALUES ('2530', '0:0:0:0:0:0:0:1', '2019-10-17 17:30:07', 'CHROME');
INSERT INTO `visitor` VALUES ('2531', '0:0:0:0:0:0:0:1', '2019-10-17 17:30:11', 'CHROME');
INSERT INTO `visitor` VALUES ('2532', '0:0:0:0:0:0:0:1', '2019-10-17 17:30:11', 'CHROME');
INSERT INTO `visitor` VALUES ('2533', '0:0:0:0:0:0:0:1', '2019-10-17 17:30:13', 'CHROME');
INSERT INTO `visitor` VALUES ('2534', '0:0:0:0:0:0:0:1', '2019-10-17 17:30:14', 'CHROME');
INSERT INTO `visitor` VALUES ('2535', '0:0:0:0:0:0:0:1', '2019-10-17 17:30:16', 'CHROME');
INSERT INTO `visitor` VALUES ('2536', '0:0:0:0:0:0:0:1', '2019-10-17 17:30:16', 'CHROME');
INSERT INTO `visitor` VALUES ('2537', '0:0:0:0:0:0:0:1', '2019-10-17 17:30:19', 'CHROME');
INSERT INTO `visitor` VALUES ('2538', '0:0:0:0:0:0:0:1', '2019-10-17 17:30:21', 'CHROME');
INSERT INTO `visitor` VALUES ('2539', '0:0:0:0:0:0:0:1', '2019-10-17 17:31:12', 'CHROME');
INSERT INTO `visitor` VALUES ('2540', '0:0:0:0:0:0:0:1', '2019-10-17 17:31:24', 'CHROME');
INSERT INTO `visitor` VALUES ('2541', '0:0:0:0:0:0:0:1', '2019-10-17 17:31:37', 'CHROME');
INSERT INTO `visitor` VALUES ('2542', '0:0:0:0:0:0:0:1', '2019-10-17 17:31:40', 'CHROME');
INSERT INTO `visitor` VALUES ('2543', '0:0:0:0:0:0:0:1', '2019-10-17 17:31:41', 'CHROME');
INSERT INTO `visitor` VALUES ('2544', '0:0:0:0:0:0:0:1', '2019-10-17 17:31:50', 'CHROME');
INSERT INTO `visitor` VALUES ('2545', '0:0:0:0:0:0:0:1', '2019-10-17 17:31:51', 'CHROME');
INSERT INTO `visitor` VALUES ('2546', '0:0:0:0:0:0:0:1', '2019-10-17 17:31:51', 'CHROME');
INSERT INTO `visitor` VALUES ('2547', '0:0:0:0:0:0:0:1', '2019-10-17 17:31:53', 'CHROME');
INSERT INTO `visitor` VALUES ('2548', '0:0:0:0:0:0:0:1', '2019-10-17 17:31:59', 'CHROME');
INSERT INTO `visitor` VALUES ('2549', '0:0:0:0:0:0:0:1', '2019-10-17 17:33:15', 'CHROME');
INSERT INTO `visitor` VALUES ('2550', '0:0:0:0:0:0:0:1', '2019-10-17 17:33:41', 'CHROME');
INSERT INTO `visitor` VALUES ('2551', '0:0:0:0:0:0:0:1', '2019-10-17 17:33:46', 'CHROME');
INSERT INTO `visitor` VALUES ('2552', '0:0:0:0:0:0:0:1', '2019-10-17 17:34:02', 'CHROME');
INSERT INTO `visitor` VALUES ('2553', '0:0:0:0:0:0:0:1', '2019-10-17 17:34:02', 'CHROME');
INSERT INTO `visitor` VALUES ('2554', '0:0:0:0:0:0:0:1', '2019-10-17 17:35:15', 'CHROME');
INSERT INTO `visitor` VALUES ('2555', '0:0:0:0:0:0:0:1', '2019-10-17 17:35:16', 'CHROME');
INSERT INTO `visitor` VALUES ('2556', '0:0:0:0:0:0:0:1', '2019-10-17 17:36:19', 'CHROME');
INSERT INTO `visitor` VALUES ('2557', '0:0:0:0:0:0:0:1', '2019-10-17 17:36:19', 'CHROME');
INSERT INTO `visitor` VALUES ('2558', '0:0:0:0:0:0:0:1', '2019-10-17 17:37:22', 'CHROME');
INSERT INTO `visitor` VALUES ('2559', '0:0:0:0:0:0:0:1', '2019-10-17 17:37:22', 'CHROME');
INSERT INTO `visitor` VALUES ('2560', '0:0:0:0:0:0:0:1', '2019-10-17 17:37:28', 'CHROME');
INSERT INTO `visitor` VALUES ('2561', '0:0:0:0:0:0:0:1', '2019-10-17 17:37:36', 'CHROME');
INSERT INTO `visitor` VALUES ('2562', '0:0:0:0:0:0:0:1', '2019-10-17 17:38:21', 'CHROME');
INSERT INTO `visitor` VALUES ('2563', '0:0:0:0:0:0:0:1', '2019-10-17 17:38:22', 'CHROME');
INSERT INTO `visitor` VALUES ('2564', '0:0:0:0:0:0:0:1', '2019-10-17 17:38:58', 'CHROME');
INSERT INTO `visitor` VALUES ('2565', '0:0:0:0:0:0:0:1', '2019-10-17 17:38:58', 'CHROME');
INSERT INTO `visitor` VALUES ('2566', '0:0:0:0:0:0:0:1', '2019-10-17 17:39:41', 'CHROME');
INSERT INTO `visitor` VALUES ('2567', '0:0:0:0:0:0:0:1', '2019-10-17 17:39:41', 'CHROME');
INSERT INTO `visitor` VALUES ('2568', '0:0:0:0:0:0:0:1', '2019-10-17 17:39:42', 'CHROME');
INSERT INTO `visitor` VALUES ('2569', '0:0:0:0:0:0:0:1', '2019-10-17 17:39:48', 'CHROME');
INSERT INTO `visitor` VALUES ('2570', '0:0:0:0:0:0:0:1', '2019-10-17 17:39:53', 'CHROME');
INSERT INTO `visitor` VALUES ('2571', '0:0:0:0:0:0:0:1', '2019-10-17 17:39:55', 'CHROME');
INSERT INTO `visitor` VALUES ('2572', '0:0:0:0:0:0:0:1', '2019-10-17 17:39:56', 'CHROME');
INSERT INTO `visitor` VALUES ('2573', '0:0:0:0:0:0:0:1', '2019-10-17 17:39:57', 'CHROME');
INSERT INTO `visitor` VALUES ('2574', '0:0:0:0:0:0:0:1', '2019-10-17 17:39:58', 'CHROME');
INSERT INTO `visitor` VALUES ('2575', '0:0:0:0:0:0:0:1', '2019-10-17 17:40:00', 'CHROME');
INSERT INTO `visitor` VALUES ('2576', '0:0:0:0:0:0:0:1', '2019-10-17 17:40:01', 'CHROME');
INSERT INTO `visitor` VALUES ('2577', '0:0:0:0:0:0:0:1', '2019-10-17 17:40:01', 'CHROME');
INSERT INTO `visitor` VALUES ('2578', '0:0:0:0:0:0:0:1', '2019-10-17 17:40:02', 'CHROME');
INSERT INTO `visitor` VALUES ('2579', '0:0:0:0:0:0:0:1', '2019-10-17 17:40:02', 'CHROME');
INSERT INTO `visitor` VALUES ('2580', '0:0:0:0:0:0:0:1', '2019-10-17 17:40:03', 'CHROME');
INSERT INTO `visitor` VALUES ('2581', '0:0:0:0:0:0:0:1', '2019-10-17 17:40:03', 'CHROME');
INSERT INTO `visitor` VALUES ('2582', '0:0:0:0:0:0:0:1', '2019-10-17 17:40:04', 'CHROME');
INSERT INTO `visitor` VALUES ('2583', '0:0:0:0:0:0:0:1', '2019-10-17 17:40:05', 'CHROME');
INSERT INTO `visitor` VALUES ('2584', '0:0:0:0:0:0:0:1', '2019-10-17 17:40:07', 'CHROME');
INSERT INTO `visitor` VALUES ('2585', '0:0:0:0:0:0:0:1', '2019-10-17 17:40:08', 'CHROME');
INSERT INTO `visitor` VALUES ('2586', '0:0:0:0:0:0:0:1', '2019-10-17 17:40:10', 'CHROME');
INSERT INTO `visitor` VALUES ('2587', '0:0:0:0:0:0:0:1', '2019-10-17 17:40:10', 'CHROME');
INSERT INTO `visitor` VALUES ('2588', '0:0:0:0:0:0:0:1', '2019-10-17 17:40:11', 'CHROME');
INSERT INTO `visitor` VALUES ('2589', '0:0:0:0:0:0:0:1', '2019-10-17 17:40:11', 'CHROME');
INSERT INTO `visitor` VALUES ('2590', '0:0:0:0:0:0:0:1', '2019-10-17 17:40:11', 'CHROME');
INSERT INTO `visitor` VALUES ('2591', '0:0:0:0:0:0:0:1', '2019-10-17 17:40:11', 'CHROME');
INSERT INTO `visitor` VALUES ('2592', '0:0:0:0:0:0:0:1', '2019-10-17 17:40:12', 'CHROME');
INSERT INTO `visitor` VALUES ('2593', '0:0:0:0:0:0:0:1', '2019-10-17 17:40:13', 'CHROME');
INSERT INTO `visitor` VALUES ('2594', '0:0:0:0:0:0:0:1', '2019-10-17 17:40:13', 'CHROME');
INSERT INTO `visitor` VALUES ('2595', '0:0:0:0:0:0:0:1', '2019-10-17 17:40:14', 'CHROME');
INSERT INTO `visitor` VALUES ('2596', '0:0:0:0:0:0:0:1', '2019-10-17 17:43:46', 'CHROME');
INSERT INTO `visitor` VALUES ('2597', '0:0:0:0:0:0:0:1', '2019-10-17 17:43:47', 'CHROME');
INSERT INTO `visitor` VALUES ('2598', '0:0:0:0:0:0:0:1', '2019-10-17 17:43:52', 'CHROME');
INSERT INTO `visitor` VALUES ('2599', '0:0:0:0:0:0:0:1', '2019-10-17 17:43:52', 'CHROME');
INSERT INTO `visitor` VALUES ('2600', '0:0:0:0:0:0:0:1', '2019-10-17 17:43:53', 'CHROME');
INSERT INTO `visitor` VALUES ('2601', '0:0:0:0:0:0:0:1', '2019-10-17 17:43:54', 'CHROME');
INSERT INTO `visitor` VALUES ('2602', '0:0:0:0:0:0:0:1', '2019-10-17 17:43:55', 'CHROME');
INSERT INTO `visitor` VALUES ('2603', '0:0:0:0:0:0:0:1', '2019-10-17 17:43:56', 'CHROME');
INSERT INTO `visitor` VALUES ('2604', '0:0:0:0:0:0:0:1', '2019-10-17 17:43:56', 'CHROME');
INSERT INTO `visitor` VALUES ('2605', '0:0:0:0:0:0:0:1', '2019-10-17 17:43:57', 'CHROME');
INSERT INTO `visitor` VALUES ('2606', '0:0:0:0:0:0:0:1', '2019-10-17 17:43:58', 'CHROME');
INSERT INTO `visitor` VALUES ('2607', '0:0:0:0:0:0:0:1', '2019-10-17 17:44:03', 'CHROME');
INSERT INTO `visitor` VALUES ('2608', '0:0:0:0:0:0:0:1', '2019-10-17 17:44:39', 'CHROME');
INSERT INTO `visitor` VALUES ('2609', '0:0:0:0:0:0:0:1', '2019-10-17 17:44:43', 'CHROME');
INSERT INTO `visitor` VALUES ('2610', '0:0:0:0:0:0:0:1', '2019-10-17 17:44:48', 'CHROME');
INSERT INTO `visitor` VALUES ('2611', '0:0:0:0:0:0:0:1', '2019-10-17 17:44:56', 'CHROME');
INSERT INTO `visitor` VALUES ('2612', '0:0:0:0:0:0:0:1', '2019-10-17 17:44:58', 'CHROME');
INSERT INTO `visitor` VALUES ('2613', '0:0:0:0:0:0:0:1', '2019-10-17 17:45:00', 'CHROME');
INSERT INTO `visitor` VALUES ('2614', '0:0:0:0:0:0:0:1', '2019-10-17 17:45:13', 'CHROME');
INSERT INTO `visitor` VALUES ('2615', '0:0:0:0:0:0:0:1', '2019-10-17 17:45:16', 'CHROME');
INSERT INTO `visitor` VALUES ('2616', '0:0:0:0:0:0:0:1', '2019-10-17 17:45:19', 'CHROME');
INSERT INTO `visitor` VALUES ('2617', '0:0:0:0:0:0:0:1', '2019-10-17 17:45:21', 'CHROME');
INSERT INTO `visitor` VALUES ('2618', '0:0:0:0:0:0:0:1', '2019-10-17 17:45:26', 'CHROME');
INSERT INTO `visitor` VALUES ('2619', '0:0:0:0:0:0:0:1', '2019-10-17 17:45:34', 'CHROME');
INSERT INTO `visitor` VALUES ('2620', '0:0:0:0:0:0:0:1', '2019-10-17 17:45:43', 'CHROME');
INSERT INTO `visitor` VALUES ('2621', '0:0:0:0:0:0:0:1', '2019-10-17 17:45:46', 'CHROME');
INSERT INTO `visitor` VALUES ('2622', '0:0:0:0:0:0:0:1', '2019-10-17 17:45:50', 'CHROME');
INSERT INTO `visitor` VALUES ('2623', '0:0:0:0:0:0:0:1', '2019-10-17 17:45:53', 'CHROME');
INSERT INTO `visitor` VALUES ('2624', '0:0:0:0:0:0:0:1', '2019-10-17 17:45:56', 'CHROME');
INSERT INTO `visitor` VALUES ('2625', '0:0:0:0:0:0:0:1', '2019-10-17 17:45:56', 'CHROME');
INSERT INTO `visitor` VALUES ('2626', '0:0:0:0:0:0:0:1', '2019-10-17 17:45:58', 'CHROME');
INSERT INTO `visitor` VALUES ('2627', '0:0:0:0:0:0:0:1', '2019-10-17 17:45:59', 'CHROME');
INSERT INTO `visitor` VALUES ('2628', '0:0:0:0:0:0:0:1', '2019-10-17 17:46:01', 'CHROME');
INSERT INTO `visitor` VALUES ('2629', '0:0:0:0:0:0:0:1', '2019-10-17 17:46:02', 'CHROME');
INSERT INTO `visitor` VALUES ('2630', '0:0:0:0:0:0:0:1', '2019-10-17 17:46:03', 'CHROME');
INSERT INTO `visitor` VALUES ('2631', '0:0:0:0:0:0:0:1', '2019-10-17 17:46:55', 'CHROME');
INSERT INTO `visitor` VALUES ('2632', '0:0:0:0:0:0:0:1', '2019-10-17 17:46:55', 'CHROME');
INSERT INTO `visitor` VALUES ('2633', '0:0:0:0:0:0:0:1', '2019-10-17 17:47:16', 'CHROME');
INSERT INTO `visitor` VALUES ('2634', '0:0:0:0:0:0:0:1', '2019-10-17 17:47:37', 'CHROME');
INSERT INTO `visitor` VALUES ('2635', '0:0:0:0:0:0:0:1', '2019-10-17 17:49:17', 'CHROME');
INSERT INTO `visitor` VALUES ('2636', '0:0:0:0:0:0:0:1', '2019-10-17 17:49:27', 'CHROME');
INSERT INTO `visitor` VALUES ('2637', '0:0:0:0:0:0:0:1', '2019-10-17 17:49:34', 'CHROME');
INSERT INTO `visitor` VALUES ('2638', '0:0:0:0:0:0:0:1', '2019-10-17 17:49:34', 'CHROME');
INSERT INTO `visitor` VALUES ('2639', '0:0:0:0:0:0:0:1', '2019-10-17 17:49:35', 'CHROME');
INSERT INTO `visitor` VALUES ('2640', '0:0:0:0:0:0:0:1', '2019-10-17 17:53:37', 'CHROME');
INSERT INTO `visitor` VALUES ('2641', '0:0:0:0:0:0:0:1', '2019-10-17 18:09:38', 'CHROME');
INSERT INTO `visitor` VALUES ('2642', '0:0:0:0:0:0:0:1', '2019-10-17 18:09:42', 'CHROME');
INSERT INTO `visitor` VALUES ('2643', '0:0:0:0:0:0:0:1', '2019-10-17 18:09:51', 'CHROME');
INSERT INTO `visitor` VALUES ('2644', '0:0:0:0:0:0:0:1', '2019-10-17 18:13:00', 'CHROME');
INSERT INTO `visitor` VALUES ('2645', '0:0:0:0:0:0:0:1', '2019-10-17 18:13:06', 'CHROME');
INSERT INTO `visitor` VALUES ('2646', '0:0:0:0:0:0:0:1', '2019-10-17 18:13:22', 'CHROME');
INSERT INTO `visitor` VALUES ('2647', '0:0:0:0:0:0:0:1', '2019-10-17 18:13:25', 'CHROME');
INSERT INTO `visitor` VALUES ('2648', '0:0:0:0:0:0:0:1', '2019-10-17 18:13:30', 'CHROME');
INSERT INTO `visitor` VALUES ('2649', '0:0:0:0:0:0:0:1', '2019-10-17 18:13:34', 'CHROME');
INSERT INTO `visitor` VALUES ('2650', '0:0:0:0:0:0:0:1', '2019-10-17 18:13:38', 'CHROME');
INSERT INTO `visitor` VALUES ('2651', '0:0:0:0:0:0:0:1', '2019-10-17 18:13:43', 'CHROME');
INSERT INTO `visitor` VALUES ('2652', '0:0:0:0:0:0:0:1', '2019-10-17 18:13:49', 'CHROME');
INSERT INTO `visitor` VALUES ('2653', '0:0:0:0:0:0:0:1', '2019-10-17 18:13:59', 'CHROME');
INSERT INTO `visitor` VALUES ('2654', '0:0:0:0:0:0:0:1', '2019-10-17 18:14:01', 'CHROME');
INSERT INTO `visitor` VALUES ('2655', '0:0:0:0:0:0:0:1', '2019-10-17 18:14:01', 'CHROME');
INSERT INTO `visitor` VALUES ('2656', '0:0:0:0:0:0:0:1', '2019-10-17 18:14:02', 'CHROME');
INSERT INTO `visitor` VALUES ('2657', '0:0:0:0:0:0:0:1', '2019-10-17 18:14:02', 'CHROME');
INSERT INTO `visitor` VALUES ('2658', '0:0:0:0:0:0:0:1', '2019-10-17 18:14:03', 'CHROME');
INSERT INTO `visitor` VALUES ('2659', '0:0:0:0:0:0:0:1', '2019-10-17 18:14:03', 'CHROME');
INSERT INTO `visitor` VALUES ('2660', '0:0:0:0:0:0:0:1', '2019-10-17 18:14:04', 'CHROME');
INSERT INTO `visitor` VALUES ('2661', '0:0:0:0:0:0:0:1', '2019-10-17 18:14:05', 'CHROME');
INSERT INTO `visitor` VALUES ('2662', '0:0:0:0:0:0:0:1', '2019-10-17 18:20:03', 'CHROME');
INSERT INTO `visitor` VALUES ('2663', '0:0:0:0:0:0:0:1', '2019-10-17 18:20:07', 'CHROME');
INSERT INTO `visitor` VALUES ('2664', '0:0:0:0:0:0:0:1', '2019-10-17 18:20:12', 'CHROME');
INSERT INTO `visitor` VALUES ('2665', '0:0:0:0:0:0:0:1', '2019-10-17 18:20:13', 'CHROME');
INSERT INTO `visitor` VALUES ('2666', '0:0:0:0:0:0:0:1', '2019-10-17 18:20:14', 'CHROME');
INSERT INTO `visitor` VALUES ('2667', '0:0:0:0:0:0:0:1', '2019-10-17 18:20:15', 'CHROME');
INSERT INTO `visitor` VALUES ('2668', '0:0:0:0:0:0:0:1', '2019-10-17 18:20:19', 'CHROME');
INSERT INTO `visitor` VALUES ('2669', '0:0:0:0:0:0:0:1', '2019-10-17 18:20:31', 'CHROME');
INSERT INTO `visitor` VALUES ('2670', '0:0:0:0:0:0:0:1', '2019-10-17 18:20:38', 'CHROME');
INSERT INTO `visitor` VALUES ('2671', '0:0:0:0:0:0:0:1', '2019-10-17 18:20:39', 'CHROME');
INSERT INTO `visitor` VALUES ('2672', '0:0:0:0:0:0:0:1', '2019-10-17 18:20:40', 'CHROME');
INSERT INTO `visitor` VALUES ('2673', '0:0:0:0:0:0:0:1', '2019-10-17 18:20:42', 'CHROME');
INSERT INTO `visitor` VALUES ('2674', '0:0:0:0:0:0:0:1', '2019-10-17 18:20:45', 'CHROME');
INSERT INTO `visitor` VALUES ('2675', '0:0:0:0:0:0:0:1', '2019-10-17 18:20:48', 'CHROME');
INSERT INTO `visitor` VALUES ('2676', '0:0:0:0:0:0:0:1', '2019-10-17 18:20:51', 'CHROME');
INSERT INTO `visitor` VALUES ('2677', '0:0:0:0:0:0:0:1', '2019-10-17 18:20:52', 'CHROME');
INSERT INTO `visitor` VALUES ('2678', '0:0:0:0:0:0:0:1', '2019-10-17 18:20:54', 'CHROME');
INSERT INTO `visitor` VALUES ('2679', '0:0:0:0:0:0:0:1', '2019-10-17 18:20:54', 'CHROME');
INSERT INTO `visitor` VALUES ('2680', '0:0:0:0:0:0:0:1', '2019-10-17 18:20:56', 'CHROME');
INSERT INTO `visitor` VALUES ('2681', '0:0:0:0:0:0:0:1', '2019-10-17 18:20:59', 'CHROME');
INSERT INTO `visitor` VALUES ('2682', '0:0:0:0:0:0:0:1', '2019-10-17 18:20:59', 'CHROME');
INSERT INTO `visitor` VALUES ('2683', '0:0:0:0:0:0:0:1', '2019-10-17 18:21:03', 'CHROME');
INSERT INTO `visitor` VALUES ('2684', '0:0:0:0:0:0:0:1', '2019-10-17 18:21:07', 'CHROME');
INSERT INTO `visitor` VALUES ('2685', '0:0:0:0:0:0:0:1', '2019-10-17 18:21:17', 'CHROME');
INSERT INTO `visitor` VALUES ('2686', '0:0:0:0:0:0:0:1', '2019-10-17 18:24:10', 'CHROME');
INSERT INTO `visitor` VALUES ('2687', '0:0:0:0:0:0:0:1', '2019-10-17 18:24:12', 'CHROME');
INSERT INTO `visitor` VALUES ('2688', '0:0:0:0:0:0:0:1', '2019-10-17 18:24:27', 'CHROME');
INSERT INTO `visitor` VALUES ('2689', '0:0:0:0:0:0:0:1', '2019-10-17 18:32:39', 'CHROME');
INSERT INTO `visitor` VALUES ('2690', '0:0:0:0:0:0:0:1', '2019-10-17 18:32:47', 'CHROME');
INSERT INTO `visitor` VALUES ('2691', '0:0:0:0:0:0:0:1', '2019-10-17 18:32:51', 'CHROME');
INSERT INTO `visitor` VALUES ('2692', '0:0:0:0:0:0:0:1', '2019-10-17 18:32:56', 'CHROME');
INSERT INTO `visitor` VALUES ('2693', '0:0:0:0:0:0:0:1', '2019-10-17 18:32:58', 'CHROME');
INSERT INTO `visitor` VALUES ('2694', '0:0:0:0:0:0:0:1', '2019-10-17 18:33:05', 'CHROME');
INSERT INTO `visitor` VALUES ('2695', '0:0:0:0:0:0:0:1', '2019-10-17 18:33:13', 'CHROME');
INSERT INTO `visitor` VALUES ('2696', '0:0:0:0:0:0:0:1', '2019-10-17 18:33:16', 'CHROME');
INSERT INTO `visitor` VALUES ('2697', '0:0:0:0:0:0:0:1', '2019-10-17 18:33:23', 'CHROME');
INSERT INTO `visitor` VALUES ('2698', '0:0:0:0:0:0:0:1', '2019-10-17 18:33:26', 'CHROME');
